"AgeGroup","BoatClass","Side","Metric","Rate.Bin","Session_Count","Mean","SD"
"JNR","M1X","Port","Angle07F","20",1,-39.7,1.9
"JNR","M1X","Port","Angle07F","20-24",1,-39.4,2.2
"JNR","M1X","Port","Angle07F","24-28",2,-38.2,2.6
"JNR","M1X","Port","Angle07F","28-32",1,-39.4,2.4
"JNR","M1X","Port","Angle07F","32-36",2,-39.6,2.9
"JNR","M1X","Port","AngleMaxF","20",1,-12.8,3.3
"JNR","M1X","Port","AngleMaxF","20-24",1,-12.1,3.4
"JNR","M1X","Port","AngleMaxF","24-28",2,-12,3.4
"JNR","M1X","Port","AngleMaxF","28-32",1,-14.2,3.6
"JNR","M1X","Port","AngleMaxF","32-36",2,-16.8,3.3
"JNR","M1X","Port","CatchAngle","20",1,-65.2,2.6
"JNR","M1X","Port","CatchAngle","20-24",1,-64.7,2.8
"JNR","M1X","Port","CatchAngle","24-28",2,-62.6,2.3
"JNR","M1X","Port","CatchAngle","28-32",1,-61.6,2.3
"JNR","M1X","Port","CatchAngle","32-36",2,-59.6,3
"JNR","M1X","Port","CatchSlip","20",1,14.7,1.7
"JNR","M1X","Port","CatchSlip","20-24",1,13.9,1.9
"JNR","M1X","Port","CatchSlip","24-28",2,14.7,2.2
"JNR","M1X","Port","CatchSlip","28-32",1,11.9,2.6
"JNR","M1X","Port","CatchSlip","32-36",2,9.9,2.5
"JNR","M1X","Port","DriveStartT","20",1,59.5,1.9
"JNR","M1X","Port","DriveStartT","20-24",1,59,1.9
"JNR","M1X","Port","DriveStartT","24-28",2,58,2.1
"JNR","M1X","Port","DriveStartT","28-32",1,57.1,2.1
"JNR","M1X","Port","DriveStartT","32-36",2,52.7,2.6
"JNR","M1X","Port","DriveTime","20",1,1.2,0
"JNR","M1X","Port","DriveTime","20-24",1,1.2,0
"JNR","M1X","Port","DriveTime","24-28",2,1.2,0.1
"JNR","M1X","Port","DriveTime","28-32",1,1.1,0
"JNR","M1X","Port","DriveTime","32-36",2,0.9,0.1
"JNR","M1X","Port","EffectiveLength","20",1,83,2.9
"JNR","M1X","Port","EffectiveLength","20-24",1,83.1,2.6
"JNR","M1X","Port","EffectiveLength","24-28",2,78.1,2.9
"JNR","M1X","Port","EffectiveLength","28-32",1,80.1,3.7
"JNR","M1X","Port","EffectiveLength","32-36",2,78.8,2.9
"JNR","M1X","Port","FinishAngle","20",1,43.9,1.4
"JNR","M1X","Port","FinishAngle","20-24",1,43.7,0.8
"JNR","M1X","Port","FinishAngle","24-28",2,42.6,0.8
"JNR","M1X","Port","FinishAngle","28-32",1,41.7,0.7
"JNR","M1X","Port","FinishAngle","32-36",2,40.5,1.2
"JNR","M1X","Port","FinishSlip","20",1,11.4,0.9
"JNR","M1X","Port","FinishSlip","20-24",1,11.3,1.1
"JNR","M1X","Port","FinishSlip","24-28",2,12.5,1
"JNR","M1X","Port","FinishSlip","28-32",1,11.2,1.4
"JNR","M1X","Port","FinishSlip","32-36",2,11.5,1.1
"JNR","M1X","Port","Length","20",1,109.1,3.4
"JNR","M1X","Port","Length","20-24",1,108.4,3.2
"JNR","M1X","Port","Length","24-28",2,105.3,2.6
"JNR","M1X","Port","Length","28-32",1,103.3,2.6
"JNR","M1X","Port","Length","32-36",2,100.1,3.9
"JNR","M1X","Port","MaxForcePc","20",1,48,2.9
"JNR","M1X","Port","MaxForcePc","20-24",1,48.5,3
"JNR","M1X","Port","MaxForcePc","24-28",2,48.1,3.1
"JNR","M1X","Port","MaxForcePc","28-32",1,45.9,3.2
"JNR","M1X","Port","MaxForcePc","32-36",2,42.8,2.7
"JNR","M1X","Port","RecoveryTime","20",1,1.6,0.1
"JNR","M1X","Port","RecoveryTime","20-24",1,1.4,0
"JNR","M1X","Port","RecoveryTime","24-28",2,1.2,0.1
"JNR","M1X","Port","RecoveryTime","28-32",1,1,0
"JNR","M1X","Port","RecoveryTime","32-36",2,0.8,0.1
"JNR","M1X","Port","SwivelPower","20",1,112.6,6.9
"JNR","M1X","Port","SwivelPower","20-24",1,124.1,8
"JNR","M1X","Port","SwivelPower","24-28",2,116.7,10.6
"JNR","M1X","Port","SwivelPower","28-32",1,142.7,9.6
"JNR","M1X","Port","SwivelPower","32-36",2,174.1,20.3
"JNR","M1X","Port","WorkPcQ1","20",1,11.6,0.8
"JNR","M1X","Port","WorkPcQ1","20-24",1,12.1,1
"JNR","M1X","Port","WorkPcQ1","24-28",2,12.5,1.2
"JNR","M1X","Port","WorkPcQ1","28-32",1,14.1,1.2
"JNR","M1X","Port","WorkPcQ1","32-36",2,15.4,1.5
"JNR","M1X","Port","WorkPcQ2","20",1,38.5,0.9
"JNR","M1X","Port","WorkPcQ2","20-24",1,38.2,1
"JNR","M1X","Port","WorkPcQ2","24-28",2,38.5,1
"JNR","M1X","Port","WorkPcQ2","28-32",1,38.5,1.2
"JNR","M1X","Port","WorkPcQ2","32-36",2,40.1,0.9
"JNR","M1X","Port","WorkPcQ3","20",1,38.9,0.9
"JNR","M1X","Port","WorkPcQ3","20-24",1,38.6,1
"JNR","M1X","Port","WorkPcQ3","24-28",2,38.6,1.2
"JNR","M1X","Port","WorkPcQ3","28-32",1,36.2,1.5
"JNR","M1X","Port","WorkPcQ3","32-36",2,34.8,1.2
"JNR","M1X","Port","WorkPcQ4","20",1,10.9,0.7
"JNR","M1X","Port","WorkPcQ4","20-24",1,11.1,0.9
"JNR","M1X","Port","WorkPcQ4","24-28",2,10.4,0.8
"JNR","M1X","Port","WorkPcQ4","28-32",1,11.2,0.8
"JNR","M1X","Port","WorkPcQ4","32-36",2,9.7,1.1
"JNR","M1X","Stbd","Angle07F","20",1,-47.5,2
"JNR","M1X","Stbd","Angle07F","20-24",1,-46.2,2.4
"JNR","M1X","Stbd","Angle07F","24-28",2,-44.2,2.4
"JNR","M1X","Stbd","Angle07F","28-32",1,-45.4,2.3
"JNR","M1X","Stbd","Angle07F","32-36",2,-46.5,2.5
"JNR","M1X","Stbd","AngleMaxF","20",1,-21,3.2
"JNR","M1X","Stbd","AngleMaxF","20-24",1,-20.2,3
"JNR","M1X","Stbd","AngleMaxF","24-28",2,-19.6,2.8
"JNR","M1X","Stbd","AngleMaxF","28-32",1,-22,3.5
"JNR","M1X","Stbd","AngleMaxF","32-36",2,-24.3,3.6
"JNR","M1X","Stbd","CatchAngle","20",1,-68.4,2.4
"JNR","M1X","Stbd","CatchAngle","20-24",1,-67.4,4.3
"JNR","M1X","Stbd","CatchAngle","24-28",2,-65.7,2.2
"JNR","M1X","Stbd","CatchAngle","28-32",1,-65.2,2.1
"JNR","M1X","Stbd","CatchAngle","32-36",2,-64,3.9
"JNR","M1X","Stbd","CatchSlip","20",1,10.6,1.9
"JNR","M1X","Stbd","CatchSlip","20-24",1,11,2
"JNR","M1X","Stbd","CatchSlip","24-28",2,12,1.8
"JNR","M1X","Stbd","CatchSlip","28-32",1,10.2,2.6
"JNR","M1X","Stbd","CatchSlip","32-36",2,6.9,1.3
"JNR","M1X","Stbd","DriveStartT","20",1,60.5,2.1
"JNR","M1X","Stbd","DriveStartT","20-24",1,59.3,2.4
"JNR","M1X","Stbd","DriveStartT","24-28",2,58.2,2.1
"JNR","M1X","Stbd","DriveStartT","28-32",1,57.2,2.1
"JNR","M1X","Stbd","DriveStartT","32-36",2,53.8,2.9
"JNR","M1X","Stbd","DriveTime","20",1,1.3,0
"JNR","M1X","Stbd","DriveTime","20-24",1,1.2,0
"JNR","M1X","Stbd","DriveTime","24-28",2,1.2,0
"JNR","M1X","Stbd","DriveTime","28-32",1,1.1,0
"JNR","M1X","Stbd","DriveTime","32-36",2,1,0.1
"JNR","M1X","Stbd","EffectiveLength","20",1,88.3,3.7
"JNR","M1X","Stbd","EffectiveLength","20-24",1,86,5.7
"JNR","M1X","Stbd","EffectiveLength","24-28",2,80.5,2.9
"JNR","M1X","Stbd","EffectiveLength","28-32",1,81.3,3.8
"JNR","M1X","Stbd","EffectiveLength","32-36",2,83.8,4.2
"JNR","M1X","Stbd","FinishAngle","20",1,43.4,1
"JNR","M1X","Stbd","FinishAngle","20-24",1,43.6,1.5
"JNR","M1X","Stbd","FinishAngle","24-28",2,43.1,0.8
"JNR","M1X","Stbd","FinishAngle","28-32",1,42.4,0.6
"JNR","M1X","Stbd","FinishAngle","32-36",2,39.9,1.2
"JNR","M1X","Stbd","FinishSlip","20",1,12.9,1.3
"JNR","M1X","Stbd","FinishSlip","20-24",1,14,1.3
"JNR","M1X","Stbd","FinishSlip","24-28",2,16.2,1.2
"JNR","M1X","Stbd","FinishSlip","28-32",1,16.2,1.6
"JNR","M1X","Stbd","FinishSlip","32-36",2,13.2,1.4
"JNR","M1X","Stbd","Length","20",1,111.8,3
"JNR","M1X","Stbd","Length","20-24",1,111,5.5
"JNR","M1X","Stbd","Length","24-28",2,108.7,2.6
"JNR","M1X","Stbd","Length","28-32",1,107.6,2.3
"JNR","M1X","Stbd","Length","32-36",2,104,4.7
"JNR","M1X","Stbd","MaxForcePc","20",1,42.4,2.9
"JNR","M1X","Stbd","MaxForcePc","20-24",1,42.6,2.6
"JNR","M1X","Stbd","MaxForcePc","24-28",2,42.4,2.5
"JNR","M1X","Stbd","MaxForcePc","28-32",1,40.2,3
"JNR","M1X","Stbd","MaxForcePc","32-36",2,38.4,2.8
"JNR","M1X","Stbd","RecoveryTime","20",1,1.6,0.1
"JNR","M1X","Stbd","RecoveryTime","20-24",1,1.4,0
"JNR","M1X","Stbd","RecoveryTime","24-28",2,1.2,0.1
"JNR","M1X","Stbd","RecoveryTime","28-32",1,0.9,0
"JNR","M1X","Stbd","RecoveryTime","32-36",2,0.8,0
"JNR","M1X","Stbd","SwivelPower","20",1,127.8,8.2
"JNR","M1X","Stbd","SwivelPower","20-24",1,132.3,12.6
"JNR","M1X","Stbd","SwivelPower","24-28",2,124.3,10.6
"JNR","M1X","Stbd","SwivelPower","28-32",1,143.2,10.1
"JNR","M1X","Stbd","SwivelPower","32-36",2,189.8,21.5
"JNR","M1X","Stbd","WorkPcQ1","20",1,14.1,0.9
"JNR","M1X","Stbd","WorkPcQ1","20-24",1,14.2,0.9
"JNR","M1X","Stbd","WorkPcQ1","24-28",2,14.6,1.2
"JNR","M1X","Stbd","WorkPcQ1","28-32",1,16.1,1.4
"JNR","M1X","Stbd","WorkPcQ1","32-36",2,17.1,1.1
"JNR","M1X","Stbd","WorkPcQ2","20",1,41.1,1
"JNR","M1X","Stbd","WorkPcQ2","20-24",1,41.8,1
"JNR","M1X","Stbd","WorkPcQ2","24-28",2,42.3,0.9
"JNR","M1X","Stbd","WorkPcQ2","28-32",1,42.7,1.2
"JNR","M1X","Stbd","WorkPcQ2","32-36",2,42,1.1
"JNR","M1X","Stbd","WorkPcQ3","20",1,35.6,0.9
"JNR","M1X","Stbd","WorkPcQ3","20-24",1,35.6,1.1
"JNR","M1X","Stbd","WorkPcQ3","24-28",2,35.5,1.2
"JNR","M1X","Stbd","WorkPcQ3","28-32",1,33.6,1.7
"JNR","M1X","Stbd","WorkPcQ3","32-36",2,32.7,1.1
"JNR","M1X","Stbd","WorkPcQ4","20",1,9.2,0.8
"JNR","M1X","Stbd","WorkPcQ4","20-24",1,8.5,0.7
"JNR","M1X","Stbd","WorkPcQ4","24-28",2,7.5,0.7
"JNR","M1X","Stbd","WorkPcQ4","28-32",1,7.6,0.8
"JNR","M1X","Stbd","WorkPcQ4","32-36",2,8.2,1
"JNR","M2-","Port","Angle07F","<20",2,-34.8,1.8
"JNR","M2-","Port","AngleMaxF","<20",2,-17.9,2
"JNR","M2-","Port","CatchAngle","<20",2,-55.9,1.1
"JNR","M2-","Port","CatchSlip","<20",2,4.6,1.2
"JNR","M2-","Port","DriveStartT","<20",2,62.7,1.4
"JNR","M2-","Port","DriveTime","<20",2,1.2,0.1
"JNR","M2-","Port","EffectiveLength","<20",2,75.9,1.9
"JNR","M2-","Port","FinishAngle","<20",2,34.8,0.5
"JNR","M2-","Port","FinishSlip","<20",2,10.1,0.8
"JNR","M2-","Port","Length","<20",2,90.7,1.3
"JNR","M2-","Port","MaxForcePc","<20",2,41.7,2.1
"JNR","M2-","Port","RecoveryTime","<20",2,2.1,0.1
"JNR","M2-","Port","SwivelPower","<20",2,227.8,10.8
"JNR","M2-","Port","WorkPcQ1","<20",2,14.1,0.8
"JNR","M2-","Port","WorkPcQ2","<20",2,41.5,1.1
"JNR","M2-","Port","WorkPcQ3","<20",2,35.9,0.8
"JNR","M2-","Port","WorkPcQ4","<20",2,8.5,0.9
"JNR","M2-","Stbd","Angle07F","<20",2,-28.4,3.3
"JNR","M2-","Stbd","AngleMaxF","<20",2,-11,1.9
"JNR","M2-","Stbd","CatchAngle","<20",2,-49.8,1.1
"JNR","M2-","Stbd","CatchSlip","<20",2,5.7,1.7
"JNR","M2-","Stbd","DriveStartT","<20",2,63,1.2
"JNR","M2-","Stbd","DriveTime","<20",2,1.1,0.1
"JNR","M2-","Stbd","EffectiveLength","<20",2,66.3,1.9
"JNR","M2-","Stbd","FinishAngle","<20",2,35.8,1.2
"JNR","M2-","Stbd","FinishSlip","<20",2,13.6,1.6
"JNR","M2-","Stbd","Length","<20",2,85.6,1.5
"JNR","M2-","Stbd","MaxForcePc","<20",2,44.8,2.2
"JNR","M2-","Stbd","RecoveryTime","<20",2,2.1,0.1
"JNR","M2-","Stbd","SwivelPower","<20",2,180.8,10
"JNR","M2-","Stbd","WorkPcQ1","<20",2,15.7,1.8
"JNR","M2-","Stbd","WorkPcQ2","<20",2,41.2,1.2
"JNR","M2-","Stbd","WorkPcQ3","<20",2,37.6,1.6
"JNR","M2-","Stbd","WorkPcQ4","<20",2,5.6,1.1
"JNR","M2X","Port","Angle07F","<20",3,-43.9,2.6
"JNR","M2X","Port","Angle07F","36-40",3,-43.2,4.5
"JNR","M2X","Port","Angle07F",">40",1,-44.8,2.4
"JNR","M2X","Port","AngleMaxF","<20",3,-18.6,4.4
"JNR","M2X","Port","AngleMaxF","36-40",3,-23.2,5.4
"JNR","M2X","Port","AngleMaxF",">40",1,-18.6,2.9
"JNR","M2X","Port","CatchAngle","<20",3,-64,2.6
"JNR","M2X","Port","CatchAngle","36-40",3,-62.5,3.5
"JNR","M2X","Port","CatchAngle",">40",1,-54.9,5.1
"JNR","M2X","Port","CatchSlip","<20",3,10,2.1
"JNR","M2X","Port","CatchSlip","36-40",3,8.1,4.5
"JNR","M2X","Port","CatchSlip",">40",1,4.7,1.5
"JNR","M2X","Port","DriveStartT","<20",3,60.5,2.6
"JNR","M2X","Port","DriveStartT","36-40",3,47.2,2
"JNR","M2X","Port","DriveStartT",">40",1,43.8,1.4
"JNR","M2X","Port","DriveTime","<20",3,1.2,0
"JNR","M2X","Port","DriveTime","36-40",3,0.8,0
"JNR","M2X","Port","DriveTime",">40",1,0.7,0
"JNR","M2X","Port","EffectiveLength","<20",3,81.9,6
"JNR","M2X","Port","EffectiveLength","36-40",3,83.8,5.2
"JNR","M2X","Port","EffectiveLength",">40",1,73.7,5.4
"JNR","M2X","Port","FinishAngle","<20",3,44.2,2.6
"JNR","M2X","Port","FinishAngle","36-40",3,41.3,4
"JNR","M2X","Port","FinishAngle",">40",1,36.9,1.4
"JNR","M2X","Port","FinishSlip","<20",3,16.4,1.6
"JNR","M2X","Port","FinishSlip","36-40",3,12,2.3
"JNR","M2X","Port","FinishSlip",">40",1,13.4,2
"JNR","M2X","Port","Length","<20",3,108.3,4.7
"JNR","M2X","Port","Length","36-40",3,103.8,2.4
"JNR","M2X","Port","Length",">40",1,91.8,6
"JNR","M2X","Port","MaxForcePc","<20",3,41.8,3.9
"JNR","M2X","Port","MaxForcePc","36-40",3,38.1,6
"JNR","M2X","Port","MaxForcePc",">40",1,40.4,2.9
"JNR","M2X","Port","RecoveryTime","<20",3,1.9,0.1
"JNR","M2X","Port","RecoveryTime","36-40",3,0.7,0.1
"JNR","M2X","Port","RecoveryTime",">40",1,0.6,0
"JNR","M2X","Port","SwivelPower","<20",3,95.7,15.9
"JNR","M2X","Port","SwivelPower","36-40",3,211,29.5
"JNR","M2X","Port","SwivelPower",">40",1,221.2,31.3
"JNR","M2X","Port","WorkPcQ1","<20",3,16.2,1.4
"JNR","M2X","Port","WorkPcQ1","36-40",3,17,2.5
"JNR","M2X","Port","WorkPcQ1",">40",1,21.5,0.7
"JNR","M2X","Port","WorkPcQ2","<20",3,41.9,1.3
"JNR","M2X","Port","WorkPcQ2","36-40",3,40.3,2.2
"JNR","M2X","Port","WorkPcQ2",">40",1,40.6,1.2
"JNR","M2X","Port","WorkPcQ3","<20",3,34.5,1.5
"JNR","M2X","Port","WorkPcQ3","36-40",3,34,2.4
"JNR","M2X","Port","WorkPcQ3",">40",1,31.3,1
"JNR","M2X","Port","WorkPcQ4","<20",3,7.4,0.8
"JNR","M2X","Port","WorkPcQ4","36-40",3,8.8,2.4
"JNR","M2X","Port","WorkPcQ4",">40",1,6.5,0.7
"JNR","M2X","Stbd","Angle07F","<20",3,-45.2,4
"JNR","M2X","Stbd","Angle07F","36-40",3,-49.6,15.5
"JNR","M2X","Stbd","Angle07F",">40",1,-45.8,3.5
"JNR","M2X","Stbd","AngleMaxF","<20",3,-16.1,6.7
"JNR","M2X","Stbd","AngleMaxF","36-40",3,-25.3,11.4
"JNR","M2X","Stbd","AngleMaxF",">40",1,-23.3,10.4
"JNR","M2X","Stbd","CatchAngle","<20",3,-64.8,2.9
"JNR","M2X","Stbd","CatchAngle","36-40",3,-66,1.8
"JNR","M2X","Stbd","CatchAngle",">40",1,-55.7,3.9
"JNR","M2X","Stbd","CatchSlip","<20",3,11,3.1
"JNR","M2X","Stbd","CatchSlip","36-40",3,6.4,2.3
"JNR","M2X","Stbd","CatchSlip",">40",1,4.6,1.9
"JNR","M2X","Stbd","DriveStartT","<20",3,59.1,3.5
"JNR","M2X","Stbd","DriveStartT","36-40",3,47.9,1.9
"JNR","M2X","Stbd","DriveStartT",">40",1,43.4,1.9
"JNR","M2X","Stbd","DriveTime","<20",3,1.2,0
"JNR","M2X","Stbd","DriveTime","36-40",3,0.8,0
"JNR","M2X","Stbd","DriveTime",">40",1,0.7,0
"JNR","M2X","Stbd","EffectiveLength","<20",3,81.9,7.2
"JNR","M2X","Stbd","EffectiveLength","36-40",3,88.9,3.8
"JNR","M2X","Stbd","EffectiveLength",">40",1,76.6,4.1
"JNR","M2X","Stbd","FinishAngle","<20",3,44.6,1.7
"JNR","M2X","Stbd","FinishAngle","36-40",3,40.1,2
"JNR","M2X","Stbd","FinishAngle",">40",1,38.5,2.3
"JNR","M2X","Stbd","FinishSlip","<20",3,16.5,3.1
"JNR","M2X","Stbd","FinishSlip","36-40",3,10.8,2.8
"JNR","M2X","Stbd","FinishSlip",">40",1,13.1,3.1
"JNR","M2X","Stbd","Length","<20",3,109.3,4.2
"JNR","M2X","Stbd","Length","36-40",3,106.1,2.5
"JNR","M2X","Stbd","Length",">40",1,94.2,5.2
"JNR","M2X","Stbd","MaxForcePc","<20",3,44.3,6.2
"JNR","M2X","Stbd","MaxForcePc","36-40",3,38.4,11.1
"JNR","M2X","Stbd","MaxForcePc",">40",1,35.3,10.1
"JNR","M2X","Stbd","RecoveryTime","<20",3,1.9,0.1
"JNR","M2X","Stbd","RecoveryTime","36-40",3,0.7,0
"JNR","M2X","Stbd","RecoveryTime",">40",1,0.6,0
"JNR","M2X","Stbd","SwivelPower","<20",3,93.6,17.3
"JNR","M2X","Stbd","SwivelPower","36-40",3,242.7,25.2
"JNR","M2X","Stbd","SwivelPower",">40",1,231,27.9
"JNR","M2X","Stbd","WorkPcQ1","<20",3,15.8,1.8
"JNR","M2X","Stbd","WorkPcQ1","36-40",3,17.1,3.7
"JNR","M2X","Stbd","WorkPcQ1",">40",1,21.3,2.7
"JNR","M2X","Stbd","WorkPcQ2","<20",3,40.4,1.8
"JNR","M2X","Stbd","WorkPcQ2","36-40",3,38.7,2.1
"JNR","M2X","Stbd","WorkPcQ2",">40",1,39.4,1.4
"JNR","M2X","Stbd","WorkPcQ3","<20",3,36.2,2.4
"JNR","M2X","Stbd","WorkPcQ3","36-40",3,34.5,3
"JNR","M2X","Stbd","WorkPcQ3",">40",1,32,1.5
"JNR","M2X","Stbd","WorkPcQ4","<20",3,7.5,1.4
"JNR","M2X","Stbd","WorkPcQ4","36-40",3,9.7,1.5
"JNR","M2X","Stbd","WorkPcQ4",">40",1,7.3,2.4
"JNR","M4+","Port","Angle07F","<20",3,-29.7,8.7
"JNR","M4+","Port","Angle07F","20",6,-34.7,6.9
"JNR","M4+","Port","Angle07F","20-24",1,-25.4,9.7
"JNR","M4+","Port","Angle07F","24-28",2,-38.5,4
"JNR","M4+","Port","Angle07F","28-32",5,-38.3,5.6
"JNR","M4+","Port","Angle07F","32-36",10,-36.6,5.7
"JNR","M4+","Port","Angle07F","36-40",9,-37.2,4.9
"JNR","M4+","Port","Angle07F",">40",3,-36.7,3.5
"JNR","M4+","Port","AngleMaxF","<20",3,-4.9,9.3
"JNR","M4+","Port","AngleMaxF","20",6,-8.8,9.3
"JNR","M4+","Port","AngleMaxF","20-24",1,-6.5,11.1
"JNR","M4+","Port","AngleMaxF","24-28",2,-13.3,7.1
"JNR","M4+","Port","AngleMaxF","28-32",5,-15.7,6.6
"JNR","M4+","Port","AngleMaxF","32-36",10,-18.4,10
"JNR","M4+","Port","AngleMaxF","36-40",9,-21.1,10.1
"JNR","M4+","Port","AngleMaxF",">40",3,-20.6,10.1
"JNR","M4+","Port","CatchAngle","<20",3,-56.9,2.1
"JNR","M4+","Port","CatchAngle","20",6,-58.4,1.7
"JNR","M4+","Port","CatchAngle","20-24",1,-55.5,3.5
"JNR","M4+","Port","CatchAngle","24-28",2,-59.4,2.4
"JNR","M4+","Port","CatchAngle","28-32",5,-57.9,1.8
"JNR","M4+","Port","CatchAngle","32-36",10,-57.2,1.9
"JNR","M4+","Port","CatchAngle","36-40",9,-56.3,3
"JNR","M4+","Port","CatchAngle",">40",3,-52.7,4.4
"JNR","M4+","Port","CatchSlip","<20",3,13.6,3
"JNR","M4+","Port","CatchSlip","20",6,12.7,2.8
"JNR","M4+","Port","CatchSlip","20-24",1,15.5,4.3
"JNR","M4+","Port","CatchSlip","24-28",2,11.4,2.2
"JNR","M4+","Port","CatchSlip","28-32",5,11.3,2.6
"JNR","M4+","Port","CatchSlip","32-36",10,11.9,3.4
"JNR","M4+","Port","CatchSlip","36-40",9,10.1,3.2
"JNR","M4+","Port","CatchSlip",">40",3,7.3,4
"JNR","M4+","Port","DriveStartT","<20",3,59.6,1.5
"JNR","M4+","Port","DriveStartT","20",6,59.9,2
"JNR","M4+","Port","DriveStartT","20-24",1,57.4,2.6
"JNR","M4+","Port","DriveStartT","24-28",2,56.5,2.6
"JNR","M4+","Port","DriveStartT","28-32",5,54,1.6
"JNR","M4+","Port","DriveStartT","32-36",10,49,1.9
"JNR","M4+","Port","DriveStartT","36-40",9,46.7,2.5
"JNR","M4+","Port","DriveStartT",">40",3,44.6,5.4
"JNR","M4+","Port","DriveTime","<20",3,1.1,0.1
"JNR","M4+","Port","DriveTime","20",6,1.1,0.1
"JNR","M4+","Port","DriveTime","20-24",1,1.1,0.1
"JNR","M4+","Port","DriveTime","24-28",2,1,0.1
"JNR","M4+","Port","DriveTime","28-32",5,0.9,0
"JNR","M4+","Port","DriveTime","32-36",10,0.9,0
"JNR","M4+","Port","DriveTime","36-40",9,0.8,0.1
"JNR","M4+","Port","DriveTime",">40",3,0.8,0
"JNR","M4+","Port","EffectiveLength","<20",3,67.3,3.6
"JNR","M4+","Port","EffectiveLength","20",6,69.3,5.2
"JNR","M4+","Port","EffectiveLength","20-24",1,63.6,7.2
"JNR","M4+","Port","EffectiveLength","24-28",2,71.1,5.4
"JNR","M4+","Port","EffectiveLength","28-32",5,69.3,4.5
"JNR","M4+","Port","EffectiveLength","32-36",10,67.8,4.2
"JNR","M4+","Port","EffectiveLength","36-40",9,68.8,5.1
"JNR","M4+","Port","EffectiveLength",">40",3,68.5,4.3
"JNR","M4+","Port","FinishAngle","<20",3,34.7,2.5
"JNR","M4+","Port","FinishAngle","20",6,33.5,2.1
"JNR","M4+","Port","FinishAngle","20-24",1,34.3,1.9
"JNR","M4+","Port","FinishAngle","24-28",2,32.6,1.8
"JNR","M4+","Port","FinishAngle","28-32",5,32.3,1.8
"JNR","M4+","Port","FinishAngle","32-36",10,32,2
"JNR","M4+","Port","FinishAngle","36-40",9,31.9,2
"JNR","M4+","Port","FinishAngle",">40",3,31.1,1.6
"JNR","M4+","Port","FinishSlip","<20",3,10.6,2.5
"JNR","M4+","Port","FinishSlip","20",6,10,2.2
"JNR","M4+","Port","FinishSlip","20-24",1,10.7,2.4
"JNR","M4+","Port","FinishSlip","24-28",2,9.5,1.9
"JNR","M4+","Port","FinishSlip","28-32",5,9.6,1.9
"JNR","M4+","Port","FinishSlip","32-36",10,9.5,1.4
"JNR","M4+","Port","FinishSlip","36-40",9,9.2,1.7
"JNR","M4+","Port","FinishSlip",">40",3,8,1.3
"JNR","M4+","Port","Length","<20",3,91.5,3.2
"JNR","M4+","Port","Length","20",6,91.9,2.9
"JNR","M4+","Port","Length","20-24",1,89.8,4.1
"JNR","M4+","Port","Length","24-28",2,92,3.5
"JNR","M4+","Port","Length","28-32",5,90.2,2.8
"JNR","M4+","Port","Length","32-36",10,89.2,3.1
"JNR","M4+","Port","Length","36-40",9,88.2,3.9
"JNR","M4+","Port","Length",">40",3,83.8,4.6
"JNR","M4+","Port","MaxForcePc","<20",3,56.2,10.2
"JNR","M4+","Port","MaxForcePc","20",6,53.5,9.7
"JNR","M4+","Port","MaxForcePc","20-24",1,53.9,12
"JNR","M4+","Port","MaxForcePc","24-28",2,49.9,7.7
"JNR","M4+","Port","MaxForcePc","28-32",5,46.5,7.2
"JNR","M4+","Port","MaxForcePc","32-36",10,43.4,10.9
"JNR","M4+","Port","MaxForcePc","36-40",9,39.7,11.2
"JNR","M4+","Port","MaxForcePc",">40",3,38,11.4
"JNR","M4+","Port","RecoveryTime","<20",3,2,0.1
"JNR","M4+","Port","RecoveryTime","20",6,1.8,0.1
"JNR","M4+","Port","RecoveryTime","20-24",1,1.8,0.1
"JNR","M4+","Port","RecoveryTime","24-28",2,1.1,0.1
"JNR","M4+","Port","RecoveryTime","28-32",5,1,0.1
"JNR","M4+","Port","RecoveryTime","32-36",10,0.9,0.1
"JNR","M4+","Port","RecoveryTime","36-40",9,0.8,0.1
"JNR","M4+","Port","RecoveryTime",">40",3,0.7,0.1
"JNR","M4+","Port","SwivelPower","<20",3,190.2,20.3
"JNR","M4+","Port","SwivelPower","20",6,194.5,26.3
"JNR","M4+","Port","SwivelPower","20-24",1,176.3,33.2
"JNR","M4+","Port","SwivelPower","24-28",2,288.2,30.7
"JNR","M4+","Port","SwivelPower","28-32",5,302.2,25.2
"JNR","M4+","Port","SwivelPower","32-36",10,338.2,38.4
"JNR","M4+","Port","SwivelPower","36-40",9,392.6,53.4
"JNR","M4+","Port","SwivelPower",">40",3,446.5,40.4
"JNR","M4+","Port","WorkPcQ1","<20",3,11.9,2.6
"JNR","M4+","Port","WorkPcQ1","20",6,12,2
"JNR","M4+","Port","WorkPcQ1","20-24",1,12.1,3
"JNR","M4+","Port","WorkPcQ1","24-28",2,12.5,1.8
"JNR","M4+","Port","WorkPcQ1","28-32",5,13.4,2.2
"JNR","M4+","Port","WorkPcQ1","32-36",10,13.2,3
"JNR","M4+","Port","WorkPcQ1","36-40",9,14.6,3
"JNR","M4+","Port","WorkPcQ1",">40",3,16.8,4
"JNR","M4+","Port","WorkPcQ2","<20",3,35.9,2.1
"JNR","M4+","Port","WorkPcQ2","20",6,35.6,2.5
"JNR","M4+","Port","WorkPcQ2","20-24",1,36.5,2.3
"JNR","M4+","Port","WorkPcQ2","24-28",2,35.9,2.6
"JNR","M4+","Port","WorkPcQ2","28-32",5,36.9,2.1
"JNR","M4+","Port","WorkPcQ2","32-36",10,37.6,2.4
"JNR","M4+","Port","WorkPcQ2","36-40",9,38.1,1.9
"JNR","M4+","Port","WorkPcQ2",">40",3,38.8,1.9
"JNR","M4+","Port","WorkPcQ3","<20",3,41.4,2.5
"JNR","M4+","Port","WorkPcQ3","20",6,40.4,2.6
"JNR","M4+","Port","WorkPcQ3","20-24",1,40.6,2.8
"JNR","M4+","Port","WorkPcQ3","24-28",2,39.5,2.1
"JNR","M4+","Port","WorkPcQ3","28-32",5,38.4,2.2
"JNR","M4+","Port","WorkPcQ3","32-36",10,38,2.9
"JNR","M4+","Port","WorkPcQ3","36-40",9,36.6,2.7
"JNR","M4+","Port","WorkPcQ3",">40",3,34.1,3.1
"JNR","M4+","Port","WorkPcQ4","<20",3,10.8,2.5
"JNR","M4+","Port","WorkPcQ4","20",6,12,3.4
"JNR","M4+","Port","WorkPcQ4","20-24",1,10.8,2.3
"JNR","M4+","Port","WorkPcQ4","24-28",2,12.1,3.3
"JNR","M4+","Port","WorkPcQ4","28-32",5,11.3,2.5
"JNR","M4+","Port","WorkPcQ4","32-36",10,11.1,2.1
"JNR","M4+","Port","WorkPcQ4","36-40",9,10.8,2.2
"JNR","M4+","Port","WorkPcQ4",">40",3,10.3,1.5
"JNR","M4+","Stbd","Angle07F","<20",3,-32.8,7.3
"JNR","M4+","Stbd","Angle07F","20",6,-33.2,7.1
"JNR","M4+","Stbd","Angle07F","20-24",1,-32.7,7.1
"JNR","M4+","Stbd","Angle07F","24-28",2,-33.3,6.3
"JNR","M4+","Stbd","Angle07F","28-32",5,-33.5,5.7
"JNR","M4+","Stbd","Angle07F","32-36",10,-34.8,7.4
"JNR","M4+","Stbd","Angle07F","36-40",9,-36.2,6.4
"JNR","M4+","Stbd","Angle07F",">40",3,-37.3,5.8
"JNR","M4+","Stbd","AngleMaxF","<20",3,-8.6,4.7
"JNR","M4+","Stbd","AngleMaxF","20",6,-7.1,6.6
"JNR","M4+","Stbd","AngleMaxF","20-24",1,-8,3.4
"JNR","M4+","Stbd","AngleMaxF","24-28",2,-9.4,5.3
"JNR","M4+","Stbd","AngleMaxF","28-32",5,-10.1,4.9
"JNR","M4+","Stbd","AngleMaxF","32-36",10,-14.8,10.7
"JNR","M4+","Stbd","AngleMaxF","36-40",9,-13.7,10
"JNR","M4+","Stbd","AngleMaxF",">40",3,-22,11.3
"JNR","M4+","Stbd","CatchAngle","<20",3,-57.3,2.5
"JNR","M4+","Stbd","CatchAngle","20",6,-58.9,2.8
"JNR","M4+","Stbd","CatchAngle","20-24",1,-55.8,2.9
"JNR","M4+","Stbd","CatchAngle","24-28",2,-59.1,2.5
"JNR","M4+","Stbd","CatchAngle","28-32",5,-57,2.4
"JNR","M4+","Stbd","CatchAngle","32-36",10,-56.6,2.6
"JNR","M4+","Stbd","CatchAngle","36-40",9,-56.6,2.9
"JNR","M4+","Stbd","CatchAngle",">40",3,-55.4,3.2
"JNR","M4+","Stbd","CatchSlip","<20",3,11,2.6
"JNR","M4+","Stbd","CatchSlip","20",6,11.9,3.1
"JNR","M4+","Stbd","CatchSlip","20-24",1,10.8,3
"JNR","M4+","Stbd","CatchSlip","24-28",2,11.6,2.6
"JNR","M4+","Stbd","CatchSlip","28-32",5,10.5,2.2
"JNR","M4+","Stbd","CatchSlip","32-36",10,9.2,2.6
"JNR","M4+","Stbd","CatchSlip","36-40",9,8.4,3.1
"JNR","M4+","Stbd","CatchSlip",">40",3,6.2,1.6
"JNR","M4+","Stbd","DriveStartT","<20",3,58.9,1.7
"JNR","M4+","Stbd","DriveStartT","20",6,60.2,2.1
"JNR","M4+","Stbd","DriveStartT","20-24",1,57.7,1.8
"JNR","M4+","Stbd","DriveStartT","24-28",2,56.6,2.9
"JNR","M4+","Stbd","DriveStartT","28-32",5,53.9,1.7
"JNR","M4+","Stbd","DriveStartT","32-36",10,49.4,1.9
"JNR","M4+","Stbd","DriveStartT","36-40",9,47.1,2.5
"JNR","M4+","Stbd","DriveStartT",">40",3,44.3,5.3
"JNR","M4+","Stbd","DriveTime","<20",3,1.2,0.1
"JNR","M4+","Stbd","DriveTime","20",6,1.2,0.1
"JNR","M4+","Stbd","DriveTime","20-24",1,1.1,0.1
"JNR","M4+","Stbd","DriveTime","24-28",2,1,0.1
"JNR","M4+","Stbd","DriveTime","28-32",5,0.9,0.1
"JNR","M4+","Stbd","DriveTime","32-36",10,0.9,0.1
"JNR","M4+","Stbd","DriveTime","36-40",9,0.8,0.1
"JNR","M4+","Stbd","DriveTime",">40",3,0.8,0
"JNR","M4+","Stbd","EffectiveLength","<20",3,68.2,4.1
"JNR","M4+","Stbd","EffectiveLength","20",6,69.5,4.3
"JNR","M4+","Stbd","EffectiveLength","20-24",1,64.9,5.1
"JNR","M4+","Stbd","EffectiveLength","24-28",2,69.3,3.2
"JNR","M4+","Stbd","EffectiveLength","28-32",5,67.4,3.6
"JNR","M4+","Stbd","EffectiveLength","32-36",10,68.2,4
"JNR","M4+","Stbd","EffectiveLength","36-40",9,69.3,4.9
"JNR","M4+","Stbd","EffectiveLength",">40",3,67.9,3.4
"JNR","M4+","Stbd","FinishAngle","<20",3,31.5,1.2
"JNR","M4+","Stbd","FinishAngle","20",6,31.5,1.9
"JNR","M4+","Stbd","FinishAngle","20-24",1,30.4,1.2
"JNR","M4+","Stbd","FinishAngle","24-28",2,30.5,1
"JNR","M4+","Stbd","FinishAngle","28-32",5,29.9,1.5
"JNR","M4+","Stbd","FinishAngle","32-36",10,29.3,2.1
"JNR","M4+","Stbd","FinishAngle","36-40",9,28.8,2.3
"JNR","M4+","Stbd","FinishAngle",">40",3,26.5,3.4
"JNR","M4+","Stbd","FinishSlip","<20",3,9.5,2.2
"JNR","M4+","Stbd","FinishSlip","20",6,9,2
"JNR","M4+","Stbd","FinishSlip","20-24",1,10.5,1.9
"JNR","M4+","Stbd","FinishSlip","24-28",2,8.6,1.2
"JNR","M4+","Stbd","FinishSlip","28-32",5,9,1.3
"JNR","M4+","Stbd","FinishSlip","32-36",10,8.5,2.3
"JNR","M4+","Stbd","FinishSlip","36-40",9,7.7,2.2
"JNR","M4+","Stbd","FinishSlip",">40",3,7.8,2.8
"JNR","M4+","Stbd","Length","<20",3,88.7,3.2
"JNR","M4+","Stbd","Length","20",6,90.3,4.2
"JNR","M4+","Stbd","Length","20-24",1,86.2,3.5
"JNR","M4+","Stbd","Length","24-28",2,89.6,3.1
"JNR","M4+","Stbd","Length","28-32",5,86.9,3.3
"JNR","M4+","Stbd","Length","32-36",10,85.9,3.9
"JNR","M4+","Stbd","Length","36-40",9,85.4,4.2
"JNR","M4+","Stbd","Length",">40",3,81.9,4.4
"JNR","M4+","Stbd","MaxForcePc","<20",3,54.6,4.9
"JNR","M4+","Stbd","MaxForcePc","20",6,56.8,7.3
"JNR","M4+","Stbd","MaxForcePc","20-24",1,55.2,3.7
"JNR","M4+","Stbd","MaxForcePc","24-28",2,55.2,6.4
"JNR","M4+","Stbd","MaxForcePc","28-32",5,53.9,5.9
"JNR","M4+","Stbd","MaxForcePc","32-36",10,48.6,12.2
"JNR","M4+","Stbd","MaxForcePc","36-40",9,50.1,11.9
"JNR","M4+","Stbd","MaxForcePc",">40",3,41.4,15.6
"JNR","M4+","Stbd","RecoveryTime","<20",3,2,0.1
"JNR","M4+","Stbd","RecoveryTime","20",6,1.8,0.1
"JNR","M4+","Stbd","RecoveryTime","20-24",1,1.8,0.1
"JNR","M4+","Stbd","RecoveryTime","24-28",2,1.1,0.1
"JNR","M4+","Stbd","RecoveryTime","28-32",5,1,0.1
"JNR","M4+","Stbd","RecoveryTime","32-36",10,0.9,0.1
"JNR","M4+","Stbd","RecoveryTime","36-40",9,0.8,0.1
"JNR","M4+","Stbd","RecoveryTime",">40",3,0.7,0
"JNR","M4+","Stbd","SwivelPower","<20",3,213.8,26.9
"JNR","M4+","Stbd","SwivelPower","20",6,215.5,23.5
"JNR","M4+","Stbd","SwivelPower","20-24",1,213.8,30.5
"JNR","M4+","Stbd","SwivelPower","24-28",2,286.8,27.2
"JNR","M4+","Stbd","SwivelPower","28-32",5,304,26.8
"JNR","M4+","Stbd","SwivelPower","32-36",10,370.1,48.7
"JNR","M4+","Stbd","SwivelPower","36-40",9,422.1,62.6
"JNR","M4+","Stbd","SwivelPower",">40",3,485.3,46
"JNR","M4+","Stbd","WorkPcQ1","<20",3,11.7,2.3
"JNR","M4+","Stbd","WorkPcQ1","20",6,11.2,2.9
"JNR","M4+","Stbd","WorkPcQ1","20-24",1,12.6,2.3
"JNR","M4+","Stbd","WorkPcQ1","24-28",2,11.5,2.3
"JNR","M4+","Stbd","WorkPcQ1","28-32",5,12.5,2
"JNR","M4+","Stbd","WorkPcQ1","32-36",10,13.9,2.9
"JNR","M4+","Stbd","WorkPcQ1","36-40",9,14,2.9
"JNR","M4+","Stbd","WorkPcQ1",">40",3,15.7,2.9
"JNR","M4+","Stbd","WorkPcQ2","<20",3,35.3,2.6
"JNR","M4+","Stbd","WorkPcQ2","20",6,33.8,3.7
"JNR","M4+","Stbd","WorkPcQ2","20-24",1,35.9,2.3
"JNR","M4+","Stbd","WorkPcQ2","24-28",2,34,3.7
"JNR","M4+","Stbd","WorkPcQ2","28-32",5,34.7,3.2
"JNR","M4+","Stbd","WorkPcQ2","32-36",10,34.9,3.1
"JNR","M4+","Stbd","WorkPcQ2","36-40",9,34.2,3
"JNR","M4+","Stbd","WorkPcQ2",">40",3,34.5,3
"JNR","M4+","Stbd","WorkPcQ3","<20",3,41.9,2.5
"JNR","M4+","Stbd","WorkPcQ3","20",6,41.9,2.8
"JNR","M4+","Stbd","WorkPcQ3","20-24",1,42.1,2.5
"JNR","M4+","Stbd","WorkPcQ3","24-28",2,41.5,3.1
"JNR","M4+","Stbd","WorkPcQ3","28-32",5,40.7,2.5
"JNR","M4+","Stbd","WorkPcQ3","32-36",10,39.6,2.8
"JNR","M4+","Stbd","WorkPcQ3","36-40",9,39.4,2.7
"JNR","M4+","Stbd","WorkPcQ3",">40",3,38,2.9
"JNR","M4+","Stbd","WorkPcQ4","<20",3,11,2.5
"JNR","M4+","Stbd","WorkPcQ4","20",6,13.1,4.2
"JNR","M4+","Stbd","WorkPcQ4","20-24",1,9.4,2.4
"JNR","M4+","Stbd","WorkPcQ4","24-28",2,13.1,2.9
"JNR","M4+","Stbd","WorkPcQ4","28-32",5,12.1,2.7
"JNR","M4+","Stbd","WorkPcQ4","32-36",10,11.7,3
"JNR","M4+","Stbd","WorkPcQ4","36-40",9,12.4,3
"JNR","M4+","Stbd","WorkPcQ4",">40",3,11.8,2.9
"JNR","M4-","Port","Angle07F","<20",1,-21.5,14.3
"JNR","M4-","Port","Angle07F","20",1,-21.2,15.1
"JNR","M4-","Port","AngleMaxF","<20",1,-8.1,10.1
"JNR","M4-","Port","AngleMaxF","20",1,-8.1,10.8
"JNR","M4-","Port","CatchAngle","<20",1,-38.8,22.2
"JNR","M4-","Port","CatchAngle","20",1,-40.4,22.2
"JNR","M4-","Port","CatchSlip","<20",1,5.2,3.3
"JNR","M4-","Port","CatchSlip","20",1,4.9,2.8
"JNR","M4-","Port","DriveStartT","<20",1,63.6,2.5
"JNR","M4-","Port","DriveStartT","20",1,61,1.9
"JNR","M4-","Port","DriveTime","<20",1,1.1,0.1
"JNR","M4-","Port","DriveTime","20",1,1.1,0.1
"JNR","M4-","Port","EffectiveLength","<20",1,60.5,18
"JNR","M4-","Port","EffectiveLength","20",1,61.9,18.1
"JNR","M4-","Port","FinishAngle","<20",1,32.3,2.5
"JNR","M4-","Port","FinishAngle","20",1,32.2,2.3
"JNR","M4-","Port","FinishSlip","<20",1,5.4,2.5
"JNR","M4-","Port","FinishSlip","20",1,5.9,2.3
"JNR","M4-","Port","Length","<20",1,71.1,20.9
"JNR","M4-","Port","Length","20",1,72.7,21.3
"JNR","M4-","Port","MaxForcePc","<20",1,42.7,7.6
"JNR","M4-","Port","MaxForcePc","20",1,43.3,6.3
"JNR","M4-","Port","RecoveryTime","<20",1,2.1,0.1
"JNR","M4-","Port","RecoveryTime","20",1,2,0.1
"JNR","M4-","Port","SwivelPower","<20",1,179.8,55.3
"JNR","M4-","Port","SwivelPower","20",1,194.6,55.8
"JNR","M4-","Port","WorkPcQ1","<20",1,13.8,4.8
"JNR","M4-","Port","WorkPcQ1","20",1,13.8,3.9
"JNR","M4-","Port","WorkPcQ2","<20",1,36.8,2.3
"JNR","M4-","Port","WorkPcQ2","20",1,37.1,2.5
"JNR","M4-","Port","WorkPcQ3","<20",1,35.7,3.5
"JNR","M4-","Port","WorkPcQ3","20",1,36.1,3.4
"JNR","M4-","Port","WorkPcQ4","<20",1,13.6,4
"JNR","M4-","Port","WorkPcQ4","20",1,13.1,3.3
"JNR","M4-","Stbd","Angle07F","<20",1,-33.9,4.6
"JNR","M4-","Stbd","Angle07F","20",1,-33.8,4.7
"JNR","M4-","Stbd","AngleMaxF","<20",1,-10.6,5.2
"JNR","M4-","Stbd","AngleMaxF","20",1,-10.6,5.1
"JNR","M4-","Stbd","CatchAngle","<20",1,-61.1,1.8
"JNR","M4-","Stbd","CatchAngle","20",1,-61.7,1.8
"JNR","M4-","Stbd","CatchSlip","<20",1,7.9,4.1
"JNR","M4-","Stbd","CatchSlip","20",1,7.6,4.1
"JNR","M4-","Stbd","DriveStartT","<20",1,64.4,2.6
"JNR","M4-","Stbd","DriveStartT","20",1,61.5,2.3
"JNR","M4-","Stbd","DriveTime","<20",1,1,0.1
"JNR","M4-","Stbd","DriveTime","20",1,1,0.1
"JNR","M4-","Stbd","EffectiveLength","<20",1,78.2,6.3
"JNR","M4-","Stbd","EffectiveLength","20",1,78.4,6.7
"JNR","M4-","Stbd","FinishAngle","<20",1,33.1,3.3
"JNR","M4-","Stbd","FinishAngle","20",1,33.3,3.3
"JNR","M4-","Stbd","FinishSlip","<20",1,8.1,2.8
"JNR","M4-","Stbd","FinishSlip","20",1,9,2.3
"JNR","M4-","Stbd","Length","<20",1,94.2,3.5
"JNR","M4-","Stbd","Length","20",1,95,3.5
"JNR","M4-","Stbd","MaxForcePc","<20",1,53,6.9
"JNR","M4-","Stbd","MaxForcePc","20",1,53.4,6.9
"JNR","M4-","Stbd","RecoveryTime","<20",1,2.1,0.1
"JNR","M4-","Stbd","RecoveryTime","20",1,2,0.1
"JNR","M4-","Stbd","SwivelPower","<20",1,242.8,31.1
"JNR","M4-","Stbd","SwivelPower","20",1,252.6,31.4
"JNR","M4-","Stbd","WorkPcQ1","<20",1,9.8,2.1
"JNR","M4-","Stbd","WorkPcQ1","20",1,9.7,2
"JNR","M4-","Stbd","WorkPcQ2","<20",1,35.4,2.7
"JNR","M4-","Stbd","WorkPcQ2","20",1,35.4,2.6
"JNR","M4-","Stbd","WorkPcQ3","<20",1,41.4,4.3
"JNR","M4-","Stbd","WorkPcQ3","20",1,41.9,4.6
"JNR","M4-","Stbd","WorkPcQ4","<20",1,13.4,1.5
"JNR","M4-","Stbd","WorkPcQ4","20",1,13,1.6
"JNR","M8+","Port","Angle07F","32-36",5,-34.6,3.7
"JNR","M8+","Port","Angle07F","36-40",2,-36.4,4.8
"JNR","M8+","Port","Angle07F",NA,1,-42.7,8.4
"JNR","M8+","Port","AngleMaxF","32-36",5,-16,5.6
"JNR","M8+","Port","AngleMaxF","36-40",2,-17.3,5.8
"JNR","M8+","Port","AngleMaxF",NA,1,-24.6,12.1
"JNR","M8+","Port","CatchAngle","32-36",5,-54,2.7
"JNR","M8+","Port","CatchAngle","36-40",2,-53.8,2.6
"JNR","M8+","Port","CatchAngle",NA,1,-56.4,3.8
"JNR","M8+","Port","CatchSlip","32-36",5,9.6,2.7
"JNR","M8+","Port","CatchSlip","36-40",2,8.4,3
"JNR","M8+","Port","CatchSlip",NA,1,8,3.7
"JNR","M8+","Port","DriveStartT","32-36",5,47.7,3
"JNR","M8+","Port","DriveStartT","36-40",2,48,3
"JNR","M8+","Port","DriveStartT",NA,1,48.9,3.5
"JNR","M8+","Port","DriveTime","32-36",5,0.8,0.1
"JNR","M8+","Port","DriveTime","36-40",2,0.8,0.1
"JNR","M8+","Port","DriveTime",NA,1,0.8,0.1
"JNR","M8+","Port","EffectiveLength","32-36",5,66,4.9
"JNR","M8+","Port","EffectiveLength","36-40",2,67.9,3.8
"JNR","M8+","Port","EffectiveLength",NA,1,59.9,7.1
"JNR","M8+","Port","FinishAngle","32-36",5,31.5,2.9
"JNR","M8+","Port","FinishAngle","36-40",2,32.5,2.9
"JNR","M8+","Port","FinishAngle",NA,1,25.5,8.7
"JNR","M8+","Port","FinishSlip","32-36",5,9.9,3.5
"JNR","M8+","Port","FinishSlip","36-40",2,10,3.1
"JNR","M8+","Port","FinishSlip",NA,1,14,3.5
"JNR","M8+","Port","Length","32-36",5,85.5,3.8
"JNR","M8+","Port","Length","36-40",2,86.3,3.7
"JNR","M8+","Port","Length",NA,1,81.9,7.3
"JNR","M8+","Port","MaxForcePc","32-36",5,44.1,6.9
"JNR","M8+","Port","MaxForcePc","36-40",2,41.9,7.6
"JNR","M8+","Port","MaxForcePc",NA,1,37.6,10
"JNR","M8+","Port","RecoveryTime","32-36",5,0.9,0.1
"JNR","M8+","Port","RecoveryTime","36-40",2,0.8,0.1
"JNR","M8+","Port","RecoveryTime",NA,1,0.9,0.1
"JNR","M8+","Port","SwivelPower","32-36",5,317.9,68.7
"JNR","M8+","Port","SwivelPower","36-40",2,349.9,72.9
"JNR","M8+","Port","SwivelPower",NA,1,290.6,76.7
"JNR","M8+","Port","WorkPcQ1","32-36",5,14.8,3
"JNR","M8+","Port","WorkPcQ1","36-40",2,16.7,3.4
"JNR","M8+","Port","WorkPcQ1",NA,1,19.8,7.5
"JNR","M8+","Port","WorkPcQ2","32-36",5,40.9,4.6
"JNR","M8+","Port","WorkPcQ2","36-40",2,40.9,4.4
"JNR","M8+","Port","WorkPcQ2",NA,1,42.8,4.6
"JNR","M8+","Port","WorkPcQ3","32-36",5,34.1,4.1
"JNR","M8+","Port","WorkPcQ3","36-40",2,33,4.3
"JNR","M8+","Port","WorkPcQ3",NA,1,30.9,6.5
"JNR","M8+","Port","WorkPcQ4","32-36",5,10.3,3.5
"JNR","M8+","Port","WorkPcQ4","36-40",2,9.4,2.8
"JNR","M8+","Port","WorkPcQ4",NA,1,6.5,2.9
"JNR","M8+","Stbd","Angle07F","32-36",5,-36.4,9.2
"JNR","M8+","Stbd","Angle07F","36-40",2,-38.5,6
"JNR","M8+","Stbd","Angle07F",NA,1,-35.7,5
"JNR","M8+","Stbd","AngleMaxF","32-36",5,-15.5,10.2
"JNR","M8+","Stbd","AngleMaxF","36-40",2,-16.1,12.2
"JNR","M8+","Stbd","AngleMaxF",NA,1,-16.6,4.5
"JNR","M8+","Stbd","CatchAngle","32-36",5,-56.1,3.9
"JNR","M8+","Stbd","CatchAngle","36-40",2,-49.5,17.1
"JNR","M8+","Stbd","CatchAngle",NA,1,-55.9,2.7
"JNR","M8+","Stbd","CatchSlip","32-36",5,9.4,3.6
"JNR","M8+","Stbd","CatchSlip","36-40",2,9.2,4.1
"JNR","M8+","Stbd","CatchSlip",NA,1,8.1,3.1
"JNR","M8+","Stbd","DriveStartT","32-36",5,48.4,3.1
"JNR","M8+","Stbd","DriveStartT","36-40",2,48.2,3.2
"JNR","M8+","Stbd","DriveStartT",NA,1,49.6,3.4
"JNR","M8+","Stbd","DriveTime","32-36",5,0.8,0.1
"JNR","M8+","Stbd","DriveTime","36-40",2,0.8,0.1
"JNR","M8+","Stbd","DriveTime",NA,1,0.8,0.1
"JNR","M8+","Stbd","EffectiveLength","32-36",5,67.3,5.7
"JNR","M8+","Stbd","EffectiveLength","36-40",2,66.9,6.3
"JNR","M8+","Stbd","EffectiveLength",NA,1,67.2,5.1
"JNR","M8+","Stbd","FinishAngle","32-36",5,30.5,2.8
"JNR","M8+","Stbd","FinishAngle","36-40",2,36.8,15.5
"JNR","M8+","Stbd","FinishAngle",NA,1,30.5,1.9
"JNR","M8+","Stbd","FinishSlip","32-36",5,9.8,2.9
"JNR","M8+","Stbd","FinishSlip","36-40",2,10.5,2.9
"JNR","M8+","Stbd","FinishSlip",NA,1,11.1,3
"JNR","M8+","Stbd","Length","32-36",5,86.6,5.1
"JNR","M8+","Stbd","Length","36-40",2,86.6,5.5
"JNR","M8+","Stbd","Length",NA,1,86.3,3.6
"JNR","M8+","Stbd","MaxForcePc","32-36",5,46.3,11
"JNR","M8+","Stbd","MaxForcePc","36-40",2,45,11.9
"JNR","M8+","Stbd","MaxForcePc",NA,1,44.7,5.9
"JNR","M8+","Stbd","RecoveryTime","32-36",5,0.9,0.1
"JNR","M8+","Stbd","RecoveryTime","36-40",2,0.8,0.1
"JNR","M8+","Stbd","RecoveryTime",NA,1,0.9,0.1
"JNR","M8+","Stbd","SwivelPower","32-36",5,317.6,74
"JNR","M8+","Stbd","SwivelPower","36-40",2,317.6,72.6
"JNR","M8+","Stbd","SwivelPower",NA,1,316.5,68.2
"JNR","M8+","Stbd","WorkPcQ1","32-36",5,15,3.6
"JNR","M8+","Stbd","WorkPcQ1","36-40",2,16,2.6
"JNR","M8+","Stbd","WorkPcQ1",NA,1,15.9,2.7
"JNR","M8+","Stbd","WorkPcQ2","32-36",5,39.2,5.2
"JNR","M8+","Stbd","WorkPcQ2","36-40",2,39.8,5
"JNR","M8+","Stbd","WorkPcQ2",NA,1,39.5,2.9
"JNR","M8+","Stbd","WorkPcQ3","32-36",5,35.2,5.9
"JNR","M8+","Stbd","WorkPcQ3","36-40",2,34.3,4.3
"JNR","M8+","Stbd","WorkPcQ3",NA,1,34.8,2.8
"JNR","M8+","Stbd","WorkPcQ4","32-36",5,10.6,2.6
"JNR","M8+","Stbd","WorkPcQ4","36-40",2,9.9,2.3
"JNR","M8+","Stbd","WorkPcQ4",NA,1,9.8,2.8
"JNR","W1X","Port","Angle07F","20-24",1,-41.4,2.5
"JNR","W1X","Port","Angle07F","24-28",1,-39.5,2.8
"JNR","W1X","Port","Angle07F","28-32",2,-37.8,3
"JNR","W1X","Port","Angle07F","32-36",1,-42.8,2.7
"JNR","W1X","Port","AngleMaxF","20-24",1,-22.1,4
"JNR","W1X","Port","AngleMaxF","24-28",1,-20.6,4
"JNR","W1X","Port","AngleMaxF","28-32",2,-18.2,4.8
"JNR","W1X","Port","AngleMaxF","32-36",1,-24.5,2.6
"JNR","W1X","Port","CatchAngle","20-24",1,-61.9,1.1
"JNR","W1X","Port","CatchAngle","24-28",1,-60.4,1.2
"JNR","W1X","Port","CatchAngle","28-32",2,-59.3,1.5
"JNR","W1X","Port","CatchAngle","32-36",1,-57.9,2.2
"JNR","W1X","Port","CatchSlip","20-24",1,11.7,2.2
"JNR","W1X","Port","CatchSlip","24-28",1,12.1,2.2
"JNR","W1X","Port","CatchSlip","28-32",2,12.7,2.8
"JNR","W1X","Port","CatchSlip","32-36",1,9,1.2
"JNR","W1X","Port","DriveStartT","20-24",1,59.4,1.7
"JNR","W1X","Port","DriveStartT","24-28",1,57.4,1.5
"JNR","W1X","Port","DriveStartT","28-32",2,55,2
"JNR","W1X","Port","DriveStartT","32-36",1,55.5,1
"JNR","W1X","Port","DriveTime","20-24",1,1.1,0
"JNR","W1X","Port","DriveTime","24-28",1,1.1,0
"JNR","W1X","Port","DriveTime","28-32",2,1,0
"JNR","W1X","Port","DriveTime","32-36",1,1,0
"JNR","W1X","Port","EffectiveLength","20-24",1,82.1,3.8
"JNR","W1X","Port","EffectiveLength","24-28",1,79.1,3.5
"JNR","W1X","Port","EffectiveLength","28-32",2,77.1,4.9
"JNR","W1X","Port","EffectiveLength","32-36",1,72.3,2.2
"JNR","W1X","Port","FinishAngle","20-24",1,45.1,0.9
"JNR","W1X","Port","FinishAngle","24-28",1,44.7,0.8
"JNR","W1X","Port","FinishAngle","28-32",2,43.3,1.2
"JNR","W1X","Port","FinishAngle","32-36",1,39.7,0.8
"JNR","W1X","Port","FinishSlip","20-24",1,13.2,2.8
"JNR","W1X","Port","FinishSlip","24-28",1,13.9,1.5
"JNR","W1X","Port","FinishSlip","28-32",2,12.8,1.5
"JNR","W1X","Port","FinishSlip","32-36",1,16.3,1.7
"JNR","W1X","Port","Length","20-24",1,107,1.6
"JNR","W1X","Port","Length","24-28",1,105.1,1.3
"JNR","W1X","Port","Length","28-32",2,102.6,2.5
"JNR","W1X","Port","Length","32-36",1,97.6,2.5
"JNR","W1X","Port","MaxForcePc","20-24",1,37.1,3.7
"JNR","W1X","Port","MaxForcePc","24-28",1,37.9,3.7
"JNR","W1X","Port","MaxForcePc","28-32",2,40.1,4.6
"JNR","W1X","Port","MaxForcePc","32-36",1,34.3,2.2
"JNR","W1X","Port","RecoveryTime","20-24",1,1.3,0.1
"JNR","W1X","Port","RecoveryTime","24-28",1,1,0.1
"JNR","W1X","Port","RecoveryTime","28-32",2,0.9,0.1
"JNR","W1X","Port","RecoveryTime","32-36",1,0.8,0
"JNR","W1X","Port","SwivelPower","20-24",1,109.1,6
"JNR","W1X","Port","SwivelPower","24-28",1,118.8,7.7
"JNR","W1X","Port","SwivelPower","28-32",2,124.2,12
"JNR","W1X","Port","SwivelPower","32-36",1,123.7,5.6
"JNR","W1X","Port","WorkPcQ1","20-24",1,16,1.9
"JNR","W1X","Port","WorkPcQ1","24-28",1,15.9,1.5
"JNR","W1X","Port","WorkPcQ1","28-32",2,15.4,1.4
"JNR","W1X","Port","WorkPcQ1","32-36",1,20.5,1.7
"JNR","W1X","Port","WorkPcQ2","20-24",1,43.9,1.5
"JNR","W1X","Port","WorkPcQ2","24-28",1,43.7,1
"JNR","W1X","Port","WorkPcQ2","28-32",2,42.6,1.4
"JNR","W1X","Port","WorkPcQ2","32-36",1,44.6,1.4
"JNR","W1X","Port","WorkPcQ3","20-24",1,31.9,1.7
"JNR","W1X","Port","WorkPcQ3","24-28",1,32.2,1.3
"JNR","W1X","Port","WorkPcQ3","28-32",2,33,1.6
"JNR","W1X","Port","WorkPcQ3","32-36",1,28.5,1.8
"JNR","W1X","Port","WorkPcQ4","20-24",1,8.2,1.3
"JNR","W1X","Port","WorkPcQ4","24-28",1,8.2,0.8
"JNR","W1X","Port","WorkPcQ4","28-32",2,9,0.9
"JNR","W1X","Port","WorkPcQ4","32-36",1,6.4,0.8
"JNR","W1X","Stbd","Angle07F","20-24",1,-39.9,2.1
"JNR","W1X","Stbd","Angle07F","24-28",1,-39.2,2.5
"JNR","W1X","Stbd","Angle07F","28-32",2,-39.7,2.2
"JNR","W1X","Stbd","Angle07F","32-36",1,-51.9,2.4
"JNR","W1X","Stbd","AngleMaxF","20-24",1,-19.9,3.5
"JNR","W1X","Stbd","AngleMaxF","24-28",1,-20.8,3.2
"JNR","W1X","Stbd","AngleMaxF","28-32",2,-20.7,3.1
"JNR","W1X","Stbd","AngleMaxF","32-36",1,-32.8,2.1
"JNR","W1X","Stbd","CatchAngle","20-24",1,-62.9,0.7
"JNR","W1X","Stbd","CatchAngle","24-28",1,-61.8,1.3
"JNR","W1X","Stbd","CatchAngle","28-32",2,-62.7,1.5
"JNR","W1X","Stbd","CatchAngle","32-36",1,-71.4,2
"JNR","W1X","Stbd","CatchSlip","20-24",1,12.9,2.2
"JNR","W1X","Stbd","CatchSlip","24-28",1,13,2.4
"JNR","W1X","Stbd","CatchSlip","28-32",2,13.6,2.5
"JNR","W1X","Stbd","CatchSlip","32-36",1,10.7,2
"JNR","W1X","Stbd","DriveStartT","20-24",1,58.6,1.5
"JNR","W1X","Stbd","DriveStartT","24-28",1,56.8,1.1
"JNR","W1X","Stbd","DriveStartT","28-32",2,54.6,1.8
"JNR","W1X","Stbd","DriveStartT","32-36",1,53.7,1.3
"JNR","W1X","Stbd","DriveTime","20-24",1,1.2,0
"JNR","W1X","Stbd","DriveTime","24-28",1,1.1,0
"JNR","W1X","Stbd","DriveTime","28-32",2,1.1,0
"JNR","W1X","Stbd","DriveTime","32-36",1,1,0
"JNR","W1X","Stbd","EffectiveLength","20-24",1,79.2,3.4
"JNR","W1X","Stbd","EffectiveLength","24-28",1,77.9,3.7
"JNR","W1X","Stbd","EffectiveLength","28-32",2,75.3,4.6
"JNR","W1X","Stbd","EffectiveLength","32-36",1,74.6,2.6
"JNR","W1X","Stbd","FinishAngle","20-24",1,46.8,1.2
"JNR","W1X","Stbd","FinishAngle","24-28",1,45.6,0.9
"JNR","W1X","Stbd","FinishAngle","28-32",2,43.2,1
"JNR","W1X","Stbd","FinishAngle","32-36",1,31.6,1.7
"JNR","W1X","Stbd","FinishSlip","20-24",1,17.6,2
"JNR","W1X","Stbd","FinishSlip","24-28",1,16.6,1.5
"JNR","W1X","Stbd","FinishSlip","28-32",2,17,1.9
"JNR","W1X","Stbd","FinishSlip","32-36",1,17.6,2
"JNR","W1X","Stbd","Length","20-24",1,109.7,1.5
"JNR","W1X","Stbd","Length","24-28",1,107.5,1.6
"JNR","W1X","Stbd","Length","28-32",2,105.8,2.1
"JNR","W1X","Stbd","Length","32-36",1,103,2.6
"JNR","W1X","Stbd","MaxForcePc","20-24",1,39.1,3.2
"JNR","W1X","Stbd","MaxForcePc","24-28",1,38.2,2.9
"JNR","W1X","Stbd","MaxForcePc","28-32",2,39.6,2.7
"JNR","W1X","Stbd","MaxForcePc","32-36",1,37.4,1.9
"JNR","W1X","Stbd","RecoveryTime","20-24",1,1.3,0.1
"JNR","W1X","Stbd","RecoveryTime","24-28",1,1,0.1
"JNR","W1X","Stbd","RecoveryTime","28-32",2,0.9,0.1
"JNR","W1X","Stbd","RecoveryTime","32-36",1,0.8,0
"JNR","W1X","Stbd","SwivelPower","20-24",1,105.2,4.3
"JNR","W1X","Stbd","SwivelPower","24-28",1,116.1,8.8
"JNR","W1X","Stbd","SwivelPower","28-32",2,117.8,12
"JNR","W1X","Stbd","SwivelPower","32-36",1,116.7,6.6
"JNR","W1X","Stbd","WorkPcQ1","20-24",1,15.8,1.2
"JNR","W1X","Stbd","WorkPcQ1","24-28",1,16,1.4
"JNR","W1X","Stbd","WorkPcQ1","28-32",2,15.5,1.2
"JNR","W1X","Stbd","WorkPcQ1","32-36",1,15.3,1.4
"JNR","W1X","Stbd","WorkPcQ2","20-24",1,46.6,1.2
"JNR","W1X","Stbd","WorkPcQ2","24-28",1,45.7,1.1
"JNR","W1X","Stbd","WorkPcQ2","28-32",2,45.2,1.4
"JNR","W1X","Stbd","WorkPcQ2","32-36",1,43.9,1.3
"JNR","W1X","Stbd","WorkPcQ3","20-24",1,31.7,1.4
"JNR","W1X","Stbd","WorkPcQ3","24-28",1,31.5,1.7
"JNR","W1X","Stbd","WorkPcQ3","28-32",2,32.1,1.6
"JNR","W1X","Stbd","WorkPcQ3","32-36",1,34.4,1.4
"JNR","W1X","Stbd","WorkPcQ4","20-24",1,5.9,0.9
"JNR","W1X","Stbd","WorkPcQ4","24-28",1,6.8,0.7
"JNR","W1X","Stbd","WorkPcQ4","28-32",2,7.2,1.1
"JNR","W1X","Stbd","WorkPcQ4","32-36",1,6.3,1.3
"JNR","W2X","Port","Angle07F","32-36",2,-46.3,2.7
"JNR","W2X","Port","AngleMaxF","32-36",2,-28.9,5.1
"JNR","W2X","Port","CatchAngle","32-36",2,-59.8,2.2
"JNR","W2X","Port","CatchSlip","32-36",2,10.3,2.9
"JNR","W2X","Port","DriveStartT","32-36",2,49.9,3.2
"JNR","W2X","Port","DriveTime","32-36",2,0.9,0.1
"JNR","W2X","Port","EffectiveLength","32-36",2,67.2,5.3
"JNR","W2X","Port","FinishAngle","32-36",2,39.4,2.9
"JNR","W2X","Port","FinishSlip","32-36",2,21.7,3.2
"JNR","W2X","Port","Length","32-36",2,99.2,4
"JNR","W2X","Port","MaxForcePc","32-36",2,31.1,4.6
"JNR","W2X","Port","RecoveryTime","32-36",2,0.9,0.1
"JNR","W2X","Port","SwivelPower","32-36",2,102.8,22.7
"JNR","W2X","Port","WorkPcQ1","32-36",2,23.1,2
"JNR","W2X","Port","WorkPcQ2","32-36",2,45.2,1.4
"JNR","W2X","Port","WorkPcQ3","32-36",2,27.3,1.6
"JNR","W2X","Port","WorkPcQ4","32-36",2,4.4,1.4
"JNR","W2X","Stbd","Angle07F","32-36",2,-47.5,4.4
"JNR","W2X","Stbd","AngleMaxF","32-36",2,-27,6.5
"JNR","W2X","Stbd","CatchAngle","32-36",2,-62.4,2.4
"JNR","W2X","Stbd","CatchSlip","32-36",2,10.9,4.6
"JNR","W2X","Stbd","DriveStartT","32-36",2,49.5,3.6
"JNR","W2X","Stbd","DriveTime","32-36",2,0.9,0.1
"JNR","W2X","Stbd","EffectiveLength","32-36",2,67.3,6.6
"JNR","W2X","Stbd","FinishAngle","32-36",2,40.4,2.3
"JNR","W2X","Stbd","FinishSlip","32-36",2,24.6,3.9
"JNR","W2X","Stbd","Length","32-36",2,102.8,3.5
"JNR","W2X","Stbd","MaxForcePc","32-36",2,34.2,5.7
"JNR","W2X","Stbd","RecoveryTime","32-36",2,0.9,0.1
"JNR","W2X","Stbd","SwivelPower","32-36",2,102.3,20.3
"JNR","W2X","Stbd","WorkPcQ1","32-36",2,22.6,2.7
"JNR","W2X","Stbd","WorkPcQ2","32-36",2,46.8,1.7
"JNR","W2X","Stbd","WorkPcQ3","32-36",2,28.9,3.2
"JNR","W2X","Stbd","WorkPcQ4","32-36",2,1.7,2.4
"JNR","W4+","Port","Angle07F","24-28",2,-39.5,5.5
"JNR","W4+","Port","Angle07F","28-32",2,-38.8,5
"JNR","W4+","Port","Angle07F",">40",6,-38.7,2.1
"JNR","W4+","Port","AngleMaxF","24-28",2,-17.1,6.8
"JNR","W4+","Port","AngleMaxF","28-32",2,-16.7,6.3
"JNR","W4+","Port","AngleMaxF",">40",6,-25.5,5.4
"JNR","W4+","Port","CatchAngle","24-28",2,-60,1.9
"JNR","W4+","Port","CatchAngle","28-32",2,-57.9,2.5
"JNR","W4+","Port","CatchAngle",">40",6,-55.1,3.6
"JNR","W4+","Port","CatchSlip","24-28",2,10.8,3
"JNR","W4+","Port","CatchSlip","28-32",2,11.1,4.9
"JNR","W4+","Port","CatchSlip",">40",6,5.2,2.1
"JNR","W4+","Port","DriveStartT","24-28",2,57.8,1.5
"JNR","W4+","Port","DriveStartT","28-32",2,56.4,2.1
"JNR","W4+","Port","DriveStartT",">40",6,44.4,5.5
"JNR","W4+","Port","DriveTime","24-28",2,1,0
"JNR","W4+","Port","DriveTime","28-32",2,1,0
"JNR","W4+","Port","DriveTime",">40",6,0.8,0.1
"JNR","W4+","Port","EffectiveLength","24-28",2,71,4.6
"JNR","W4+","Port","EffectiveLength","28-32",2,67.2,4.4
"JNR","W4+","Port","EffectiveLength",">40",6,71.9,5.1
"JNR","W4+","Port","FinishAngle","24-28",2,33.3,0.8
"JNR","W4+","Port","FinishAngle","28-32",2,33.3,0.8
"JNR","W4+","Port","FinishAngle",">40",6,29.3,1.5
"JNR","W4+","Port","FinishSlip","24-28",2,11.5,1.6
"JNR","W4+","Port","FinishSlip","28-32",2,12.9,2.3
"JNR","W4+","Port","FinishSlip",">40",6,7.2,2.2
"JNR","W4+","Port","Length","24-28",2,93.3,2.2
"JNR","W4+","Port","Length","28-32",2,91.2,2.6
"JNR","W4+","Port","Length",">40",6,84.3,3.8
"JNR","W4+","Port","MaxForcePc","24-28",2,46.5,7.7
"JNR","W4+","Port","MaxForcePc","28-32",2,45.2,7.4
"JNR","W4+","Port","MaxForcePc",">40",6,35.1,6.8
"JNR","W4+","Port","RecoveryTime","24-28",2,1.1,0
"JNR","W4+","Port","RecoveryTime","28-32",2,1.1,0.1
"JNR","W4+","Port","RecoveryTime",">40",6,0.7,0
"JNR","W4+","Port","SwivelPower","24-28",2,214.6,28.1
"JNR","W4+","Port","SwivelPower","28-32",2,193.3,22.3
"JNR","W4+","Port","SwivelPower",">40",6,381.1,54.1
"JNR","W4+","Port","WorkPcQ1","24-28",2,15.2,2.8
"JNR","W4+","Port","WorkPcQ1","28-32",2,16.8,4.6
"JNR","W4+","Port","WorkPcQ1",">40",6,17.6,2.7
"JNR","W4+","Port","WorkPcQ2","24-28",2,39.3,4.7
"JNR","W4+","Port","WorkPcQ2","28-32",2,40.9,5.7
"JNR","W4+","Port","WorkPcQ2",">40",6,41.1,3.1
"JNR","W4+","Port","WorkPcQ3","24-28",2,35.1,5.9
"JNR","W4+","Port","WorkPcQ3","28-32",2,33,7.2
"JNR","W4+","Port","WorkPcQ3",">40",6,30.6,3.2
"JNR","W4+","Port","WorkPcQ4","24-28",2,10.3,1.7
"JNR","W4+","Port","WorkPcQ4","28-32",2,9.3,2.8
"JNR","W4+","Port","WorkPcQ4",">40",6,10.7,2
"JNR","W4+","Stbd","Angle07F","24-28",2,-45.4,3.2
"JNR","W4+","Stbd","Angle07F","28-32",2,-41.1,4.4
"JNR","W4+","Stbd","Angle07F",">40",6,-41.6,2.5
"JNR","W4+","Stbd","AngleMaxF","24-28",2,-27.5,3.3
"JNR","W4+","Stbd","AngleMaxF","28-32",2,-25.4,4.2
"JNR","W4+","Stbd","AngleMaxF",">40",6,-25.7,4.3
"JNR","W4+","Stbd","CatchAngle","24-28",2,-65.2,1.8
"JNR","W4+","Stbd","CatchAngle","28-32",2,-60.8,3.7
"JNR","W4+","Stbd","CatchAngle",">40",6,-57.5,3.7
"JNR","W4+","Stbd","CatchSlip","24-28",2,10.6,2.9
"JNR","W4+","Stbd","CatchSlip","28-32",2,11.7,4
"JNR","W4+","Stbd","CatchSlip",">40",6,4.8,2.2
"JNR","W4+","Stbd","DriveStartT","24-28",2,57.8,1.3
"JNR","W4+","Stbd","DriveStartT","28-32",2,56.2,1.4
"JNR","W4+","Stbd","DriveStartT",">40",6,44.7,5.4
"JNR","W4+","Stbd","DriveTime","24-28",2,1,0
"JNR","W4+","Stbd","DriveTime","28-32",2,1,0
"JNR","W4+","Stbd","DriveTime",">40",6,0.8,0.1
"JNR","W4+","Stbd","EffectiveLength","24-28",2,67.4,5.7
"JNR","W4+","Stbd","EffectiveLength","28-32",2,64.1,5.2
"JNR","W4+","Stbd","EffectiveLength",">40",6,67.1,3.2
"JNR","W4+","Stbd","FinishAngle","24-28",2,28,1.3
"JNR","W4+","Stbd","FinishAngle","28-32",2,31.6,1.7
"JNR","W4+","Stbd","FinishAngle",">40",6,27.3,0.9
"JNR","W4+","Stbd","FinishSlip","24-28",2,15.2,4.6
"JNR","W4+","Stbd","FinishSlip","28-32",2,16.6,4.1
"JNR","W4+","Stbd","FinishSlip",">40",6,12.9,2.2
"JNR","W4+","Stbd","Length","24-28",2,93.2,2.1
"JNR","W4+","Stbd","Length","28-32",2,92.4,4.4
"JNR","W4+","Stbd","Length",">40",6,84.8,3.5
"JNR","W4+","Stbd","MaxForcePc","24-28",2,40.5,3.6
"JNR","W4+","Stbd","MaxForcePc","28-32",2,38,6
"JNR","W4+","Stbd","MaxForcePc",">40",6,37.8,4.8
"JNR","W4+","Stbd","RecoveryTime","24-28",2,1.2,0.1
"JNR","W4+","Stbd","RecoveryTime","28-32",2,1.1,0.1
"JNR","W4+","Stbd","RecoveryTime",">40",6,0.7,0.1
"JNR","W4+","Stbd","SwivelPower","24-28",2,212.2,27.4
"JNR","W4+","Stbd","SwivelPower","28-32",2,196,35.5
"JNR","W4+","Stbd","SwivelPower",">40",6,342.2,34.6
"JNR","W4+","Stbd","WorkPcQ1","24-28",2,15,2.8
"JNR","W4+","Stbd","WorkPcQ1","28-32",2,17.8,5.7
"JNR","W4+","Stbd","WorkPcQ1",">40",6,18.1,2.3
"JNR","W4+","Stbd","WorkPcQ2","24-28",2,41.3,2.7
"JNR","W4+","Stbd","WorkPcQ2","28-32",2,42.8,2.6
"JNR","W4+","Stbd","WorkPcQ2",">40",6,41.5,1.5
"JNR","W4+","Stbd","WorkPcQ3","24-28",2,37,1.7
"JNR","W4+","Stbd","WorkPcQ3","28-32",2,34.4,3.7
"JNR","W4+","Stbd","WorkPcQ3",">40",6,34.2,1.5
"JNR","W4+","Stbd","WorkPcQ4","24-28",2,6.8,4.2
"JNR","W4+","Stbd","WorkPcQ4","28-32",2,5.1,4.3
"JNR","W4+","Stbd","WorkPcQ4",">40",6,6.3,2.2
"JNR","W4-","Port","Angle07F","32-36",2,-37.9,5.9
"JNR","W4-","Port","Angle07F","36-40",3,-38.6,4.5
"JNR","W4-","Port","Angle07F",">40",1,-36.8,3.6
"JNR","W4-","Port","AngleMaxF","32-36",2,-21.2,12.7
"JNR","W4-","Port","AngleMaxF","36-40",3,-19.5,11.9
"JNR","W4-","Port","AngleMaxF",">40",1,-21.4,8
"JNR","W4-","Port","CatchAngle","32-36",2,-53.4,3.5
"JNR","W4-","Port","CatchAngle","36-40",3,-51.6,3.8
"JNR","W4-","Port","CatchAngle",">40",1,-49.7,4.5
"JNR","W4-","Port","CatchSlip","32-36",2,7.2,2.1
"JNR","W4-","Port","CatchSlip","36-40",3,5,2.5
"JNR","W4-","Port","CatchSlip",">40",1,2.8,2.8
"JNR","W4-","Port","DriveStartT","32-36",2,52,3.4
"JNR","W4-","Port","DriveStartT","36-40",3,50.3,2.9
"JNR","W4-","Port","DriveStartT",">40",1,49.1,5
"JNR","W4-","Port","DriveTime","32-36",2,0.9,0.1
"JNR","W4-","Port","DriveTime","36-40",3,0.8,0.1
"JNR","W4-","Port","DriveTime",">40",1,0.8,0.1
"JNR","W4-","Port","EffectiveLength","32-36",2,67.8,3.7
"JNR","W4-","Port","EffectiveLength","36-40",3,69.8,5.1
"JNR","W4-","Port","EffectiveLength",">40",1,71.6,4.9
"JNR","W4-","Port","FinishAngle","32-36",2,30.6,2.2
"JNR","W4-","Port","FinishAngle","36-40",3,30.9,3
"JNR","W4-","Port","FinishAngle",">40",1,30.1,2
"JNR","W4-","Port","FinishSlip","32-36",2,9,2.8
"JNR","W4-","Port","FinishSlip","36-40",3,7.7,4
"JNR","W4-","Port","FinishSlip",">40",1,5.5,2.8
"JNR","W4-","Port","Length","32-36",2,84,2.3
"JNR","W4-","Port","Length","36-40",3,82.5,4.7
"JNR","W4-","Port","Length",">40",1,79.9,5.1
"JNR","W4-","Port","MaxForcePc","32-36",2,38.2,13.5
"JNR","W4-","Port","MaxForcePc","36-40",3,38.8,14
"JNR","W4-","Port","MaxForcePc",">40",1,35.8,8.4
"JNR","W4-","Port","RecoveryTime","32-36",2,0.8,0.1
"JNR","W4-","Port","RecoveryTime","36-40",3,0.7,0.1
"JNR","W4-","Port","RecoveryTime",">40",1,0.7,0.1
"JNR","W4-","Port","SwivelPower","32-36",2,245.9,25.3
"JNR","W4-","Port","SwivelPower","36-40",3,264.1,54.1
"JNR","W4-","Port","SwivelPower",">40",1,331.7,62.4
"JNR","W4-","Port","WorkPcQ1","32-36",2,17.3,2
"JNR","W4-","Port","WorkPcQ1","36-40",3,19,2.3
"JNR","W4-","Port","WorkPcQ1",">40",1,18.2,2.4
"JNR","W4-","Port","WorkPcQ2","32-36",2,37.8,4.9
"JNR","W4-","Port","WorkPcQ2","36-40",3,37.7,5.8
"JNR","W4-","Port","WorkPcQ2",">40",1,37.5,4.2
"JNR","W4-","Port","WorkPcQ3","32-36",2,33.9,1.9
"JNR","W4-","Port","WorkPcQ3","36-40",3,31.2,3
"JNR","W4-","Port","WorkPcQ3",">40",1,31.8,1.9
"JNR","W4-","Port","WorkPcQ4","32-36",2,11,5.1
"JNR","W4-","Port","WorkPcQ4","36-40",3,12.1,5.3
"JNR","W4-","Port","WorkPcQ4",">40",1,12.6,4.5
"JNR","W4-","Stbd","Angle07F","32-36",2,-31.8,3
"JNR","W4-","Stbd","Angle07F","36-40",3,-28.4,2.9
"JNR","W4-","Stbd","Angle07F",">40",1,-29,2.7
"JNR","W4-","Stbd","AngleMaxF","32-36",2,-14.1,4.2
"JNR","W4-","Stbd","AngleMaxF","36-40",3,-11.6,3.5
"JNR","W4-","Stbd","AngleMaxF",">40",1,-10.1,2.4
"JNR","W4-","Stbd","CatchAngle","32-36",2,-53.1,1.5
"JNR","W4-","Stbd","CatchAngle","36-40",3,-49.6,3.1
"JNR","W4-","Stbd","CatchAngle",">40",1,-47.4,4.5
"JNR","W4-","Stbd","CatchSlip","32-36",2,7.7,2.5
"JNR","W4-","Stbd","CatchSlip","36-40",3,6.5,3.3
"JNR","W4-","Stbd","CatchSlip",">40",1,3.8,3.9
"JNR","W4-","Stbd","DriveStartT","32-36",2,50.9,3.7
"JNR","W4-","Stbd","DriveStartT","36-40",3,49.4,2.8
"JNR","W4-","Stbd","DriveStartT",">40",1,48.7,4.9
"JNR","W4-","Stbd","DriveTime","32-36",2,0.9,0.1
"JNR","W4-","Stbd","DriveTime","36-40",3,0.8,0.1
"JNR","W4-","Stbd","DriveTime",">40",1,0.7,0.1
"JNR","W4-","Stbd","EffectiveLength","32-36",2,69.5,2.8
"JNR","W4-","Stbd","EffectiveLength","36-40",3,68.8,3.2
"JNR","W4-","Stbd","EffectiveLength",">40",1,70.2,3.3
"JNR","W4-","Stbd","FinishAngle","32-36",2,32,1.7
"JNR","W4-","Stbd","FinishAngle","36-40",3,33.3,1.8
"JNR","W4-","Stbd","FinishAngle",">40",1,33.5,1.5
"JNR","W4-","Stbd","FinishSlip","32-36",2,7.9,1.9
"JNR","W4-","Stbd","FinishSlip","36-40",3,7.7,1.7
"JNR","W4-","Stbd","FinishSlip",">40",1,6.9,1.8
"JNR","W4-","Stbd","Length","32-36",2,85.1,2.4
"JNR","W4-","Stbd","Length","36-40",3,82.9,3.5
"JNR","W4-","Stbd","Length",">40",1,80.8,4.9
"JNR","W4-","Stbd","MaxForcePc","32-36",2,45.4,4.5
"JNR","W4-","Stbd","MaxForcePc","36-40",3,45.5,4.1
"JNR","W4-","Stbd","MaxForcePc",">40",1,46.3,3.7
"JNR","W4-","Stbd","RecoveryTime","32-36",2,0.8,0.1
"JNR","W4-","Stbd","RecoveryTime","36-40",3,0.7,0.1
"JNR","W4-","Stbd","RecoveryTime",">40",1,0.7,0.1
"JNR","W4-","Stbd","SwivelPower","32-36",2,244.6,32.8
"JNR","W4-","Stbd","SwivelPower","36-40",3,259.8,51.5
"JNR","W4-","Stbd","SwivelPower",">40",1,325.8,70
"JNR","W4-","Stbd","WorkPcQ1","32-36",2,15,1.6
"JNR","W4-","Stbd","WorkPcQ1","36-40",3,15.4,1.6
"JNR","W4-","Stbd","WorkPcQ1",">40",1,15.8,2.3
"JNR","W4-","Stbd","WorkPcQ2","32-36",2,38.9,1.3
"JNR","W4-","Stbd","WorkPcQ2","36-40",3,38.4,1.3
"JNR","W4-","Stbd","WorkPcQ2",">40",1,38.5,1
"JNR","W4-","Stbd","WorkPcQ3","32-36",2,34.7,2
"JNR","W4-","Stbd","WorkPcQ3","36-40",3,34.5,2
"JNR","W4-","Stbd","WorkPcQ3",">40",1,34.8,2.2
"JNR","W4-","Stbd","WorkPcQ4","32-36",2,11.4,1.6
"JNR","W4-","Stbd","WorkPcQ4","36-40",3,11.7,2.1
"JNR","W4-","Stbd","WorkPcQ4",">40",1,10.8,1.1
"PARA","M1X","Port","Angle07F","32-36",2,-21.2,2.2
"PARA","M1X","Port","Angle07F","36-40",5,-24,2.1
"PARA","M1X","Port","Angle07F",">40",2,-29.2,3
"PARA","M1X","Port","AngleMaxF","32-36",2,-3.4,1.7
"PARA","M1X","Port","AngleMaxF","36-40",5,-2.2,1.7
"PARA","M1X","Port","AngleMaxF",">40",2,-2.9,2
"PARA","M1X","Port","CatchAngle","32-36",2,-45.7,1.4
"PARA","M1X","Port","CatchAngle","36-40",5,-45.5,1.6
"PARA","M1X","Port","CatchAngle",">40",2,-47.3,3.2
"PARA","M1X","Port","CatchSlip","32-36",2,12.3,2.2
"PARA","M1X","Port","CatchSlip","36-40",5,9.3,1.6
"PARA","M1X","Port","CatchSlip",">40",2,7.9,2.5
"PARA","M1X","Port","DriveStartT","32-36",2,50.8,1.2
"PARA","M1X","Port","DriveStartT","36-40",5,48.3,2.7
"PARA","M1X","Port","DriveStartT",">40",2,47.2,4
"PARA","M1X","Port","DriveTime","32-36",2,0.9,0
"PARA","M1X","Port","DriveTime","36-40",5,0.8,0
"PARA","M1X","Port","DriveTime",">40",2,0.8,0
"PARA","M1X","Port","EffectiveLength","32-36",2,64.9,3.1
"PARA","M1X","Port","EffectiveLength","36-40",5,69,3
"PARA","M1X","Port","EffectiveLength",">40",2,72.6,5.5
"PARA","M1X","Port","FinishAngle","32-36",2,46.7,1
"PARA","M1X","Port","FinishAngle","36-40",5,46.4,1.3
"PARA","M1X","Port","FinishAngle",">40",2,46,1.9
"PARA","M1X","Port","FinishSlip","32-36",2,15.2,1.1
"PARA","M1X","Port","FinishSlip","36-40",5,13.6,1.2
"PARA","M1X","Port","FinishSlip",">40",2,12.6,1.3
"PARA","M1X","Port","Length","32-36",2,92.3,1.6
"PARA","M1X","Port","Length","36-40",5,92,2.4
"PARA","M1X","Port","Length",">40",2,93.4,4.7
"PARA","M1X","Port","MaxForcePc","32-36",2,45.7,1.7
"PARA","M1X","Port","MaxForcePc","36-40",5,47.2,1.8
"PARA","M1X","Port","MaxForcePc",">40",2,47.5,2.4
"PARA","M1X","Port","RecoveryTime","32-36",2,0.9,0
"PARA","M1X","Port","RecoveryTime","36-40",5,0.8,0
"PARA","M1X","Port","RecoveryTime",">40",2,0.7,0.1
"PARA","M1X","Port","SwivelPower","32-36",2,104.9,10.2
"PARA","M1X","Port","SwivelPower","36-40",5,131.1,17.5
"PARA","M1X","Port","SwivelPower",">40",2,157.9,23.7
"PARA","M1X","Port","WorkPcQ1","32-36",2,16.1,1.1
"PARA","M1X","Port","WorkPcQ1","36-40",5,17.3,1
"PARA","M1X","Port","WorkPcQ1",">40",2,18.2,1.3
"PARA","M1X","Port","WorkPcQ2","32-36",2,42,1
"PARA","M1X","Port","WorkPcQ2","36-40",5,39.8,0.8
"PARA","M1X","Port","WorkPcQ2",">40",2,39.2,1
"PARA","M1X","Port","WorkPcQ3","32-36",2,35.4,1.2
"PARA","M1X","Port","WorkPcQ3","36-40",5,35.4,1.1
"PARA","M1X","Port","WorkPcQ3",">40",2,34.8,1.3
"PARA","M1X","Port","WorkPcQ4","32-36",2,6.5,0.6
"PARA","M1X","Port","WorkPcQ4","36-40",5,7.5,0.7
"PARA","M1X","Port","WorkPcQ4",">40",2,7.9,0.9
"PARA","M1X","Stbd","Angle07F","32-36",2,-21.4,2.6
"PARA","M1X","Stbd","Angle07F","36-40",5,-25.1,2.7
"PARA","M1X","Stbd","Angle07F",">40",2,-30.5,2.5
"PARA","M1X","Stbd","AngleMaxF","32-36",2,-1.9,1.7
"PARA","M1X","Stbd","AngleMaxF","36-40",5,-2.4,2
"PARA","M1X","Stbd","AngleMaxF",">40",2,-3.7,2.5
"PARA","M1X","Stbd","CatchAngle","32-36",2,-45.7,1.5
"PARA","M1X","Stbd","CatchAngle","36-40",5,-46.3,2
"PARA","M1X","Stbd","CatchAngle",">40",2,-47.8,2.1
"PARA","M1X","Stbd","CatchSlip","32-36",2,10.6,1.8
"PARA","M1X","Stbd","CatchSlip","36-40",5,8.6,1.1
"PARA","M1X","Stbd","CatchSlip",">40",2,6.9,1.2
"PARA","M1X","Stbd","DriveStartT","32-36",2,51.1,1.3
"PARA","M1X","Stbd","DriveStartT","36-40",5,48.2,2.8
"PARA","M1X","Stbd","DriveStartT",">40",2,47.1,4
"PARA","M1X","Stbd","DriveTime","32-36",2,0.9,0
"PARA","M1X","Stbd","DriveTime","36-40",5,0.8,0
"PARA","M1X","Stbd","DriveTime",">40",2,0.8,0
"PARA","M1X","Stbd","EffectiveLength","32-36",2,68.1,2.7
"PARA","M1X","Stbd","EffectiveLength","36-40",5,71.4,2.9
"PARA","M1X","Stbd","EffectiveLength",">40",2,75.2,2.6
"PARA","M1X","Stbd","FinishAngle","32-36",2,46.4,1.8
"PARA","M1X","Stbd","FinishAngle","36-40",5,45.7,2
"PARA","M1X","Stbd","FinishAngle",">40",2,45.4,1.9
"PARA","M1X","Stbd","FinishSlip","32-36",2,13.4,1.9
"PARA","M1X","Stbd","FinishSlip","36-40",5,12,2.1
"PARA","M1X","Stbd","FinishSlip",">40",2,11.2,2.4
"PARA","M1X","Stbd","Length","32-36",2,92.1,2.5
"PARA","M1X","Stbd","Length","36-40",5,92,3.1
"PARA","M1X","Stbd","Length",">40",2,93.2,3.2
"PARA","M1X","Stbd","MaxForcePc","32-36",2,47.1,1.9
"PARA","M1X","Stbd","MaxForcePc","36-40",5,47.1,2.2
"PARA","M1X","Stbd","MaxForcePc",">40",2,46.9,2.5
"PARA","M1X","Stbd","RecoveryTime","32-36",2,0.9,0
"PARA","M1X","Stbd","RecoveryTime","36-40",5,0.8,0
"PARA","M1X","Stbd","RecoveryTime",">40",2,0.7,0.1
"PARA","M1X","Stbd","SwivelPower","32-36",2,107.8,9
"PARA","M1X","Stbd","SwivelPower","36-40",5,134.4,15.1
"PARA","M1X","Stbd","SwivelPower",">40",2,160.8,18.4
"PARA","M1X","Stbd","WorkPcQ1","32-36",2,16.7,1.1
"PARA","M1X","Stbd","WorkPcQ1","36-40",5,17.8,0.9
"PARA","M1X","Stbd","WorkPcQ1",">40",2,18.8,1
"PARA","M1X","Stbd","WorkPcQ2","32-36",2,40.6,1
"PARA","M1X","Stbd","WorkPcQ2","36-40",5,40,0.9
"PARA","M1X","Stbd","WorkPcQ2",">40",2,39.4,1
"PARA","M1X","Stbd","WorkPcQ3","32-36",2,35.1,1.3
"PARA","M1X","Stbd","WorkPcQ3","36-40",5,34.5,1
"PARA","M1X","Stbd","WorkPcQ3",">40",2,33.8,1
"PARA","M1X","Stbd","WorkPcQ4","32-36",2,7.5,0.8
"PARA","M1X","Stbd","WorkPcQ4","36-40",5,7.7,0.8
"PARA","M1X","Stbd","WorkPcQ4",">40",2,8,1
"PARA","PR2MIX2X","Port","Angle07F","32-36",1,-35.2,5.6
"PARA","PR2MIX2X","Port","AngleMaxF","32-36",1,-11.7,5.8
"PARA","PR2MIX2X","Port","CatchAngle","32-36",1,-52.3,5
"PARA","PR2MIX2X","Port","CatchSlip","32-36",1,12.1,3.7
"PARA","PR2MIX2X","Port","DriveStartT","32-36",1,48.7,2.3
"PARA","PR2MIX2X","Port","DriveTime","32-36",1,0.9,0
"PARA","PR2MIX2X","Port","EffectiveLength","32-36",1,69.8,8.8
"PARA","PR2MIX2X","Port","FinishAngle","32-36",1,43,1.4
"PARA","PR2MIX2X","Port","FinishSlip","32-36",1,13.4,3.7
"PARA","PR2MIX2X","Port","Length","32-36",1,95.2,4.8
"PARA","PR2MIX2X","Port","MaxForcePc","32-36",1,42.6,5.8
"PARA","PR2MIX2X","Port","RecoveryTime","32-36",1,0.8,0
"PARA","PR2MIX2X","Port","SwivelPower","32-36",1,123.6,26.5
"PARA","PR2MIX2X","Port","WorkPcQ1","32-36",1,17.9,1.8
"PARA","PR2MIX2X","Port","WorkPcQ2","32-36",1,39.1,2.3
"PARA","PR2MIX2X","Port","WorkPcQ3","32-36",1,34.1,1.7
"PARA","PR2MIX2X","Port","WorkPcQ4","32-36",1,8.9,2.7
"PARA","PR2MIX2X","Stbd","Angle07F","32-36",1,-44.8,6.6
"PARA","PR2MIX2X","Stbd","AngleMaxF","32-36",1,-20.9,7.7
"PARA","PR2MIX2X","Stbd","CatchAngle","32-36",1,-58.4,6
"PARA","PR2MIX2X","Stbd","CatchSlip","32-36",1,8.8,2.3
"PARA","PR2MIX2X","Stbd","DriveStartT","32-36",1,49.8,2.2
"PARA","PR2MIX2X","Stbd","DriveTime","32-36",1,0.9,0
"PARA","PR2MIX2X","Stbd","EffectiveLength","32-36",1,77.6,6.6
"PARA","PR2MIX2X","Stbd","FinishAngle","32-36",1,39,2.8
"PARA","PR2MIX2X","Stbd","FinishSlip","32-36",1,10.9,2.5
"PARA","PR2MIX2X","Stbd","Length","32-36",1,97.3,4.8
"PARA","PR2MIX2X","Stbd","MaxForcePc","32-36",1,38.5,6.3
"PARA","PR2MIX2X","Stbd","RecoveryTime","32-36",1,0.8,0
"PARA","PR2MIX2X","Stbd","SwivelPower","32-36",1,148.4,23.1
"PARA","PR2MIX2X","Stbd","WorkPcQ1","32-36",1,18.4,1.4
"PARA","PR2MIX2X","Stbd","WorkPcQ2","32-36",1,38,1.6
"PARA","PR2MIX2X","Stbd","WorkPcQ3","32-36",1,33,1.4
"PARA","PR2MIX2X","Stbd","WorkPcQ4","32-36",1,10.6,1.3
"PARA","PR3MIX2X","Port","Angle07F","28-32",1,-41,4.5
"PARA","PR3MIX2X","Port","Angle07F","32-36",8,-34.8,6.7
"PARA","PR3MIX2X","Port","Angle07F","36-40",5,-39.2,5.1
"PARA","PR3MIX2X","Port","AngleMaxF","28-32",1,-8.6,7.5
"PARA","PR3MIX2X","Port","AngleMaxF","32-36",8,-9.3,8.3
"PARA","PR3MIX2X","Port","AngleMaxF","36-40",5,-11.1,8
"PARA","PR3MIX2X","Port","CatchAngle","28-32",1,-55.8,1.1
"PARA","PR3MIX2X","Port","CatchAngle","32-36",8,-54.8,3.4
"PARA","PR3MIX2X","Port","CatchAngle","36-40",5,-54.1,4.2
"PARA","PR3MIX2X","Port","CatchSlip","28-32",1,10.7,2.9
"PARA","PR3MIX2X","Port","CatchSlip","32-36",8,20,12.2
"PARA","PR3MIX2X","Port","CatchSlip","36-40",5,13.6,6.8
"PARA","PR3MIX2X","Port","DriveStartT","28-32",1,51.3,1.6
"PARA","PR3MIX2X","Port","DriveStartT","32-36",8,45.6,5.9
"PARA","PR3MIX2X","Port","DriveStartT","36-40",5,45.7,4.2
"PARA","PR3MIX2X","Port","DriveTime","28-32",1,0.9,0
"PARA","PR3MIX2X","Port","DriveTime","32-36",8,0.9,0
"PARA","PR3MIX2X","Port","DriveTime","36-40",5,0.8,0
"PARA","PR3MIX2X","Port","EffectiveLength","28-32",1,73.8,8.6
"PARA","PR3MIX2X","Port","EffectiveLength","32-36",8,61,17.4
"PARA","PR3MIX2X","Port","EffectiveLength","36-40",5,67.7,13.5
"PARA","PR3MIX2X","Port","FinishAngle","28-32",1,41.9,4.6
"PARA","PR3MIX2X","Port","FinishAngle","32-36",8,41,4.5
"PARA","PR3MIX2X","Port","FinishAngle","36-40",5,40.5,5.4
"PARA","PR3MIX2X","Port","FinishSlip","28-32",1,11.4,2.4
"PARA","PR3MIX2X","Port","FinishSlip","32-36",8,14.9,4.8
"PARA","PR3MIX2X","Port","FinishSlip","36-40",5,13.4,2.1
"PARA","PR3MIX2X","Port","Length","28-32",1,96.6,4.8
"PARA","PR3MIX2X","Port","Length","32-36",8,95.9,6.1
"PARA","PR3MIX2X","Port","Length","36-40",5,94.6,7.8
"PARA","PR3MIX2X","Port","MaxForcePc","28-32",1,48.5,10
"PARA","PR3MIX2X","Port","MaxForcePc","32-36",8,47.8,9.8
"PARA","PR3MIX2X","Port","MaxForcePc","36-40",5,46.1,9.7
"PARA","PR3MIX2X","Port","RecoveryTime","28-32",1,1.1,0
"PARA","PR3MIX2X","Port","RecoveryTime","32-36",8,0.9,0.1
"PARA","PR3MIX2X","Port","RecoveryTime","36-40",5,0.8,0.1
"PARA","PR3MIX2X","Port","SwivelPower","28-32",1,136,37.9
"PARA","PR3MIX2X","Port","SwivelPower","32-36",8,114.2,39.8
"PARA","PR3MIX2X","Port","SwivelPower","36-40",5,138.6,48.2
"PARA","PR3MIX2X","Port","WorkPcQ1","28-32",1,18.1,1.1
"PARA","PR3MIX2X","Port","WorkPcQ1","32-36",8,17,1.8
"PARA","PR3MIX2X","Port","WorkPcQ1","36-40",5,18.8,1.4
"PARA","PR3MIX2X","Port","WorkPcQ2","28-32",1,35.6,3
"PARA","PR3MIX2X","Port","WorkPcQ2","32-36",8,37.5,3.6
"PARA","PR3MIX2X","Port","WorkPcQ2","36-40",5,36.7,2.9
"PARA","PR3MIX2X","Port","WorkPcQ3","28-32",1,35.3,2.8
"PARA","PR3MIX2X","Port","WorkPcQ3","32-36",8,36.3,3.6
"PARA","PR3MIX2X","Port","WorkPcQ3","36-40",5,34.9,3.1
"PARA","PR3MIX2X","Port","WorkPcQ4","28-32",1,11,1.1
"PARA","PR3MIX2X","Port","WorkPcQ4","32-36",8,9.2,1.9
"PARA","PR3MIX2X","Port","WorkPcQ4","36-40",5,9.6,1.1
"PARA","PR3MIX2X","Stbd","Angle07F","28-32",1,-38.2,5.6
"PARA","PR3MIX2X","Stbd","Angle07F","32-36",8,-36.5,8.5
"PARA","PR3MIX2X","Stbd","Angle07F","36-40",5,-37.5,8.1
"PARA","PR3MIX2X","Stbd","AngleMaxF","28-32",1,-8.2,9
"PARA","PR3MIX2X","Stbd","AngleMaxF","32-36",8,-8.4,9.5
"PARA","PR3MIX2X","Stbd","AngleMaxF","36-40",5,-8.8,7.7
"PARA","PR3MIX2X","Stbd","CatchAngle","28-32",1,-58.3,2.9
"PARA","PR3MIX2X","Stbd","CatchAngle","32-36",8,-58,5
"PARA","PR3MIX2X","Stbd","CatchAngle","36-40",5,-56.6,4.8
"PARA","PR3MIX2X","Stbd","CatchSlip","28-32",1,10.3,1.6
"PARA","PR3MIX2X","Stbd","CatchSlip","32-36",8,17.3,8.8
"PARA","PR3MIX2X","Stbd","CatchSlip","36-40",5,12.7,5.3
"PARA","PR3MIX2X","Stbd","DriveStartT","28-32",1,51,1.3
"PARA","PR3MIX2X","Stbd","DriveStartT","32-36",8,46.3,4.8
"PARA","PR3MIX2X","Stbd","DriveStartT","36-40",5,45.4,4.2
"PARA","PR3MIX2X","Stbd","DriveTime","28-32",1,0.9,0
"PARA","PR3MIX2X","Stbd","DriveTime","32-36",8,0.9,0.1
"PARA","PR3MIX2X","Stbd","DriveTime","36-40",5,0.8,0
"PARA","PR3MIX2X","Stbd","EffectiveLength","28-32",1,79.4,9
"PARA","PR3MIX2X","Stbd","EffectiveLength","32-36",8,67.6,14.2
"PARA","PR3MIX2X","Stbd","EffectiveLength","36-40",5,72.3,12.8
"PARA","PR3MIX2X","Stbd","FinishAngle","28-32",1,42,5.5
"PARA","PR3MIX2X","Stbd","FinishAngle","32-36",8,40,5
"PARA","PR3MIX2X","Stbd","FinishAngle","36-40",5,40,5.2
"PARA","PR3MIX2X","Stbd","FinishSlip","28-32",1,10.5,1.8
"PARA","PR3MIX2X","Stbd","FinishSlip","32-36",8,13.1,2.7
"PARA","PR3MIX2X","Stbd","FinishSlip","36-40",5,11.5,2.3
"PARA","PR3MIX2X","Stbd","Length","28-32",1,100.3,8.3
"PARA","PR3MIX2X","Stbd","Length","32-36",8,98,8.6
"PARA","PR3MIX2X","Stbd","Length","36-40",5,96.6,9.4
"PARA","PR3MIX2X","Stbd","MaxForcePc","28-32",1,50.3,10.1
"PARA","PR3MIX2X","Stbd","MaxForcePc","32-36",8,51.1,9.7
"PARA","PR3MIX2X","Stbd","MaxForcePc","36-40",5,49.9,8.2
"PARA","PR3MIX2X","Stbd","RecoveryTime","28-32",1,1.1,0
"PARA","PR3MIX2X","Stbd","RecoveryTime","32-36",8,0.9,0.1
"PARA","PR3MIX2X","Stbd","RecoveryTime","36-40",5,0.8,0.1
"PARA","PR3MIX2X","Stbd","SwivelPower","28-32",1,147.6,40.4
"PARA","PR3MIX2X","Stbd","SwivelPower","32-36",8,131.4,41.4
"PARA","PR3MIX2X","Stbd","SwivelPower","36-40",5,161.1,49.5
"PARA","PR3MIX2X","Stbd","WorkPcQ1","28-32",1,15.4,0.9
"PARA","PR3MIX2X","Stbd","WorkPcQ1","32-36",8,14.5,2.1
"PARA","PR3MIX2X","Stbd","WorkPcQ1","36-40",5,15.9,1.7
"PARA","PR3MIX2X","Stbd","WorkPcQ2","28-32",1,35.7,3.3
"PARA","PR3MIX2X","Stbd","WorkPcQ2","32-36",8,36.1,3.1
"PARA","PR3MIX2X","Stbd","WorkPcQ2","36-40",5,35.6,2.3
"PARA","PR3MIX2X","Stbd","WorkPcQ3","28-32",1,37.2,1.7
"PARA","PR3MIX2X","Stbd","WorkPcQ3","32-36",8,38.5,3.1
"PARA","PR3MIX2X","Stbd","WorkPcQ3","36-40",5,37.4,2.3
"PARA","PR3MIX2X","Stbd","WorkPcQ4","28-32",1,11.8,2
"PARA","PR3MIX2X","Stbd","WorkPcQ4","32-36",8,10.9,2.2
"PARA","PR3MIX2X","Stbd","WorkPcQ4","36-40",5,11.1,1.6
"PARA","W1X","Port","Angle07F","20-24",3,-35.2,6.8
"PARA","W1X","Port","Angle07F","24-28",4,-29.6,5.5
"PARA","W1X","Port","Angle07F","28-32",1,-37.9,5.8
"PARA","W1X","Port","Angle07F","32-36",2,-34.5,5.7
"PARA","W1X","Port","AngleMaxF","20-24",3,-11.2,8.5
"PARA","W1X","Port","AngleMaxF","24-28",4,-5.9,4.9
"PARA","W1X","Port","AngleMaxF","28-32",1,-11,6.9
"PARA","W1X","Port","AngleMaxF","32-36",2,-10.4,5
"PARA","W1X","Port","CatchAngle","20-24",3,-52,4
"PARA","W1X","Port","CatchAngle","24-28",4,-57.2,2.5
"PARA","W1X","Port","CatchAngle","28-32",1,-49.9,2.1
"PARA","W1X","Port","CatchAngle","32-36",2,-54.1,5.9
"PARA","W1X","Port","CatchSlip","20-24",3,13.6,7.7
"PARA","W1X","Port","CatchSlip","24-28",4,27.7,8.2
"PARA","W1X","Port","CatchSlip","28-32",1,7.9,3.7
"PARA","W1X","Port","CatchSlip","32-36",2,15.2,5.9
"PARA","W1X","Port","DriveStartT","20-24",3,54.6,3.9
"PARA","W1X","Port","DriveStartT","24-28",4,47.2,4
"PARA","W1X","Port","DriveStartT","28-32",1,51.7,2.2
"PARA","W1X","Port","DriveStartT","32-36",2,51.9,4.6
"PARA","W1X","Port","DriveTime","20-24",3,1.1,0.1
"PARA","W1X","Port","DriveTime","24-28",4,1.1,0.1
"PARA","W1X","Port","DriveTime","28-32",1,1,0.1
"PARA","W1X","Port","DriveTime","32-36",2,0.9,0
"PARA","W1X","Port","EffectiveLength","20-24",3,67.9,5.8
"PARA","W1X","Port","EffectiveLength","24-28",4,53.9,8.6
"PARA","W1X","Port","EffectiveLength","28-32",1,63.4,4.9
"PARA","W1X","Port","EffectiveLength","32-36",2,69.6,7.8
"PARA","W1X","Port","FinishAngle","20-24",3,41.9,2.9
"PARA","W1X","Port","FinishAngle","24-28",4,39.2,2.2
"PARA","W1X","Port","FinishAngle","28-32",1,36.3,2.4
"PARA","W1X","Port","FinishAngle","32-36",2,42.6,1.7
"PARA","W1X","Port","FinishSlip","20-24",3,12.3,3
"PARA","W1X","Port","FinishSlip","24-28",4,14.7,1.8
"PARA","W1X","Port","FinishSlip","28-32",1,14.9,2.2
"PARA","W1X","Port","FinishSlip","32-36",2,11.8,1.6
"PARA","W1X","Port","Length","20-24",3,93.8,6.3
"PARA","W1X","Port","Length","24-28",4,96.4,3.3
"PARA","W1X","Port","Length","28-32",1,86.2,3.6
"PARA","W1X","Port","Length","32-36",2,96.6,7.1
"PARA","W1X","Port","MaxForcePc","20-24",3,43.3,9.3
"PARA","W1X","Port","MaxForcePc","24-28",4,53.1,5.9
"PARA","W1X","Port","MaxForcePc","28-32",1,45.1,7.5
"PARA","W1X","Port","MaxForcePc","32-36",2,45.6,4.9
"PARA","W1X","Port","RecoveryTime","20-24",3,1.6,0.2
"PARA","W1X","Port","RecoveryTime","24-28",4,1.2,0.1
"PARA","W1X","Port","RecoveryTime","28-32",1,1.1,0.1
"PARA","W1X","Port","RecoveryTime","32-36",2,0.8,0
"PARA","W1X","Port","SwivelPower","20-24",3,78.7,9.2
"PARA","W1X","Port","SwivelPower","24-28",4,70.4,13
"PARA","W1X","Port","SwivelPower","28-32",1,94.8,12.9
"PARA","W1X","Port","SwivelPower","32-36",2,118,14.2
"PARA","W1X","Port","WorkPcQ1","20-24",3,16.6,5.6
"PARA","W1X","Port","WorkPcQ1","24-28",4,12.5,2.9
"PARA","W1X","Port","WorkPcQ1","28-32",1,20.3,2.5
"PARA","W1X","Port","WorkPcQ1","32-36",2,15.2,2.1
"PARA","W1X","Port","WorkPcQ2","20-24",3,37.1,1.5
"PARA","W1X","Port","WorkPcQ2","24-28",4,35,1.9
"PARA","W1X","Port","WorkPcQ2","28-32",1,38.4,1.9
"PARA","W1X","Port","WorkPcQ2","32-36",2,37,1.1
"PARA","W1X","Port","WorkPcQ3","20-24",3,36.3,2.8
"PARA","W1X","Port","WorkPcQ3","24-28",4,41.2,3
"PARA","W1X","Port","WorkPcQ3","28-32",1,35.7,2.6
"PARA","W1X","Port","WorkPcQ3","32-36",2,36.5,1.6
"PARA","W1X","Port","WorkPcQ4","20-24",3,9.9,3.7
"PARA","W1X","Port","WorkPcQ4","24-28",4,11.3,1.8
"PARA","W1X","Port","WorkPcQ4","28-32",1,5.7,1.7
"PARA","W1X","Port","WorkPcQ4","32-36",2,11.3,1.2
"PARA","W1X","Stbd","Angle07F","20-24",3,-33.2,5.4
"PARA","W1X","Stbd","Angle07F","24-28",4,-29.9,4.7
"PARA","W1X","Stbd","Angle07F","28-32",1,-31.7,4.3
"PARA","W1X","Stbd","Angle07F","32-36",2,-35.1,2.6
"PARA","W1X","Stbd","AngleMaxF","20-24",3,-1.3,4.7
"PARA","W1X","Stbd","AngleMaxF","24-28",4,-5.1,3.8
"PARA","W1X","Stbd","AngleMaxF","28-32",1,-3,3.7
"PARA","W1X","Stbd","AngleMaxF","32-36",2,-6.1,4
"PARA","W1X","Stbd","CatchAngle","20-24",3,-57.1,5.3
"PARA","W1X","Stbd","CatchAngle","24-28",4,-60,2.7
"PARA","W1X","Stbd","CatchAngle","28-32",1,-56.6,2.1
"PARA","W1X","Stbd","CatchAngle","32-36",2,-58.1,3.6
"PARA","W1X","Stbd","CatchSlip","20-24",3,16,5.1
"PARA","W1X","Stbd","CatchSlip","24-28",4,27,6.7
"PARA","W1X","Stbd","CatchSlip","28-32",1,15.1,4.5
"PARA","W1X","Stbd","CatchSlip","32-36",2,15.1,4.1
"PARA","W1X","Stbd","DriveStartT","20-24",3,53.9,3.1
"PARA","W1X","Stbd","DriveStartT","24-28",4,47.8,3
"PARA","W1X","Stbd","DriveStartT","28-32",1,49.7,2.5
"PARA","W1X","Stbd","DriveStartT","32-36",2,51.2,3.7
"PARA","W1X","Stbd","DriveTime","20-24",3,1.1,0
"PARA","W1X","Stbd","DriveTime","24-28",4,1.1,0
"PARA","W1X","Stbd","DriveTime","28-32",1,1,0
"PARA","W1X","Stbd","DriveTime","32-36",2,0.9,0
"PARA","W1X","Stbd","EffectiveLength","20-24",3,68.7,5.3
"PARA","W1X","Stbd","EffectiveLength","24-28",4,54.8,7.1
"PARA","W1X","Stbd","EffectiveLength","28-32",1,62.9,5.6
"PARA","W1X","Stbd","EffectiveLength","32-36",2,68.9,3.4
"PARA","W1X","Stbd","FinishAngle","20-24",3,40.3,1.8
"PARA","W1X","Stbd","FinishAngle","24-28",4,37.6,2
"PARA","W1X","Stbd","FinishAngle","28-32",1,37.8,2.5
"PARA","W1X","Stbd","FinishAngle","32-36",2,38,1.1
"PARA","W1X","Stbd","FinishSlip","20-24",3,12.6,3.1
"PARA","W1X","Stbd","FinishSlip","24-28",4,15.8,2
"PARA","W1X","Stbd","FinishSlip","28-32",1,16.4,2.1
"PARA","W1X","Stbd","FinishSlip","32-36",2,12.1,1.8
"PARA","W1X","Stbd","Length","20-24",3,97.4,6.5
"PARA","W1X","Stbd","Length","24-28",4,97.6,3.7
"PARA","W1X","Stbd","Length","28-32",1,94.4,3.8
"PARA","W1X","Stbd","Length","32-36",2,96.1,4.2
"PARA","W1X","Stbd","MaxForcePc","20-24",3,57.4,4.8
"PARA","W1X","Stbd","MaxForcePc","24-28",4,56.1,3.7
"PARA","W1X","Stbd","MaxForcePc","28-32",1,56.8,4.3
"PARA","W1X","Stbd","MaxForcePc","32-36",2,54.2,4.1
"PARA","W1X","Stbd","RecoveryTime","20-24",3,1.6,0.1
"PARA","W1X","Stbd","RecoveryTime","24-28",4,1.1,0.1
"PARA","W1X","Stbd","RecoveryTime","28-32",1,1.1,0.1
"PARA","W1X","Stbd","RecoveryTime","32-36",2,0.9,0
"PARA","W1X","Stbd","SwivelPower","20-24",3,81.3,8.2
"PARA","W1X","Stbd","SwivelPower","24-28",4,74.4,11.4
"PARA","W1X","Stbd","SwivelPower","28-32",1,96.1,12.9
"PARA","W1X","Stbd","SwivelPower","32-36",2,121.2,6.1
"PARA","W1X","Stbd","WorkPcQ1","20-24",3,13.2,2.5
"PARA","W1X","Stbd","WorkPcQ1","24-28",4,11.6,1.7
"PARA","W1X","Stbd","WorkPcQ1","28-32",1,14.5,1.7
"PARA","W1X","Stbd","WorkPcQ1","32-36",2,13.8,1.1
"PARA","W1X","Stbd","WorkPcQ2","20-24",3,34.6,2.1
"PARA","W1X","Stbd","WorkPcQ2","24-28",4,34.9,2
"PARA","W1X","Stbd","WorkPcQ2","28-32",1,36.9,2.4
"PARA","W1X","Stbd","WorkPcQ2","32-36",2,34.1,1.2
"PARA","W1X","Stbd","WorkPcQ3","20-24",3,40.7,1.6
"PARA","W1X","Stbd","WorkPcQ3","24-28",4,43.8,2.2
"PARA","W1X","Stbd","WorkPcQ3","28-32",1,42.3,2
"PARA","W1X","Stbd","WorkPcQ3","32-36",2,39.4,1
"PARA","W1X","Stbd","WorkPcQ4","20-24",3,11.5,4.1
"PARA","W1X","Stbd","WorkPcQ4","24-28",4,9.7,2.4
"PARA","W1X","Stbd","WorkPcQ4","28-32",1,6.3,2.4
"PARA","W1X","Stbd","WorkPcQ4","32-36",2,12.7,1.8
"SNR","LM1X","Port","Angle07F","24-28",2,-37.9,4.6
"SNR","LM1X","Port","Angle07F","32-36",1,-39.7,3
"SNR","LM1X","Port","AngleMaxF","24-28",2,-11.2,5.8
"SNR","LM1X","Port","AngleMaxF","32-36",1,-11.6,5.6
"SNR","LM1X","Port","CatchAngle","24-28",2,-59.6,2.3
"SNR","LM1X","Port","CatchAngle","32-36",1,-59.2,1
"SNR","LM1X","Port","CatchSlip","24-28",2,12.7,4.6
"SNR","LM1X","Port","CatchSlip","32-36",1,9.2,0.8
"SNR","LM1X","Port","DriveStartT","24-28",2,60,3.3
"SNR","LM1X","Port","DriveStartT","32-36",1,49.6,1
"SNR","LM1X","Port","DriveTime","24-28",2,1.1,0.1
"SNR","LM1X","Port","DriveTime","32-36",1,0.9,0
"SNR","LM1X","Port","EffectiveLength","24-28",2,85,6.1
"SNR","LM1X","Port","EffectiveLength","32-36",1,86.4,1.6
"SNR","LM1X","Port","FinishAngle","24-28",2,49.3,1.7
"SNR","LM1X","Port","FinishAngle","32-36",1,46.1,0.8
"SNR","LM1X","Port","FinishSlip","24-28",2,11.3,1.9
"SNR","LM1X","Port","FinishSlip","32-36",1,9.6,0.7
"SNR","LM1X","Port","Length","24-28",2,109,3.4
"SNR","LM1X","Port","Length","32-36",1,105.3,1.3
"SNR","LM1X","Port","MaxForcePc","24-28",2,44.2,5.4
"SNR","LM1X","Port","MaxForcePc","32-36",1,45.2,5.5
"SNR","LM1X","Port","RecoveryTime","24-28",2,1.2,0.1
"SNR","LM1X","Port","RecoveryTime","32-36",1,0.8,0
"SNR","LM1X","Port","SwivelPower","24-28",2,115.9,11.5
"SNR","LM1X","Port","SwivelPower","32-36",1,175.6,6.9
"SNR","LM1X","Port","WorkPcQ1","24-28",2,15.3,2.2
"SNR","LM1X","Port","WorkPcQ1","32-36",1,15.7,0.9
"SNR","LM1X","Port","WorkPcQ2","24-28",2,38.2,1.5
"SNR","LM1X","Port","WorkPcQ2","32-36",1,37.8,1.1
"SNR","LM1X","Port","WorkPcQ3","24-28",2,35.8,2.1
"SNR","LM1X","Port","WorkPcQ3","32-36",1,35.1,1.3
"SNR","LM1X","Port","WorkPcQ4","24-28",2,10.7,1.2
"SNR","LM1X","Port","WorkPcQ4","32-36",1,11.3,0.5
"SNR","LM1X","Stbd","Angle07F","24-28",2,-39.7,4.4
"SNR","LM1X","Stbd","Angle07F","32-36",1,-40.6,1.9
"SNR","LM1X","Stbd","AngleMaxF","24-28",2,-3.2,3.2
"SNR","LM1X","Stbd","AngleMaxF","32-36",1,-10,3.3
"SNR","LM1X","Stbd","CatchAngle","24-28",2,-62,2.7
"SNR","LM1X","Stbd","CatchAngle","32-36",1,-63.4,1.2
"SNR","LM1X","Stbd","CatchSlip","24-28",2,10.2,4.2
"SNR","LM1X","Stbd","CatchSlip","32-36",1,7.7,0.7
"SNR","LM1X","Stbd","DriveStartT","24-28",2,60.2,3.8
"SNR","LM1X","Stbd","DriveStartT","32-36",1,50.3,1
"SNR","LM1X","Stbd","DriveTime","24-28",2,1.2,0.1
"SNR","LM1X","Stbd","DriveTime","32-36",1,0.9,0
"SNR","LM1X","Stbd","EffectiveLength","24-28",2,91.7,6.2
"SNR","LM1X","Stbd","EffectiveLength","32-36",1,91.8,1.4
"SNR","LM1X","Stbd","FinishAngle","24-28",2,48.7,1.7
"SNR","LM1X","Stbd","FinishAngle","32-36",1,44,0.8
"SNR","LM1X","Stbd","FinishSlip","24-28",2,8.8,1.6
"SNR","LM1X","Stbd","FinishSlip","32-36",1,7.9,0.6
"SNR","LM1X","Stbd","Length","24-28",2,110.6,3.7
"SNR","LM1X","Stbd","Length","32-36",1,107.4,1.5
"SNR","LM1X","Stbd","MaxForcePc","24-28",2,52.9,3
"SNR","LM1X","Stbd","MaxForcePc","32-36",1,49.7,3.4
"SNR","LM1X","Stbd","RecoveryTime","24-28",2,1.2,0.1
"SNR","LM1X","Stbd","RecoveryTime","32-36",1,0.8,0
"SNR","LM1X","Stbd","SwivelPower","24-28",2,139.7,12.1
"SNR","LM1X","Stbd","SwivelPower","32-36",1,199.6,5.6
"SNR","LM1X","Stbd","WorkPcQ1","24-28",2,14.6,1.8
"SNR","LM1X","Stbd","WorkPcQ1","32-36",1,14.3,0.9
"SNR","LM1X","Stbd","WorkPcQ2","24-28",2,36.5,1.2
"SNR","LM1X","Stbd","WorkPcQ2","32-36",1,37.2,0.8
"SNR","LM1X","Stbd","WorkPcQ3","24-28",2,37.3,1.5
"SNR","LM1X","Stbd","WorkPcQ3","32-36",1,36.9,1
"SNR","LM1X","Stbd","WorkPcQ4","24-28",2,11.6,1
"SNR","LM1X","Stbd","WorkPcQ4","32-36",1,11.6,0.6
"SNR","LW2X","Port","Angle07F","28-32",5,-45.5,4.8
"SNR","LW2X","Port","Angle07F","32-36",1,-50.6,1.5
"SNR","LW2X","Port","Angle07F","36-40",1,-47.5,4.4
"SNR","LW2X","Port","Angle07F",">40",2,-43.4,3.7
"SNR","LW2X","Port","AngleMaxF","28-32",5,-24.5,4.8
"SNR","LW2X","Port","AngleMaxF","32-36",1,-26.7,1.9
"SNR","LW2X","Port","AngleMaxF","36-40",1,-25.3,5.5
"SNR","LW2X","Port","AngleMaxF",">40",2,-27.9,9.5
"SNR","LW2X","Port","CatchAngle","28-32",5,-60.8,2.5
"SNR","LW2X","Port","CatchAngle","32-36",1,-61.6,0.9
"SNR","LW2X","Port","CatchAngle","36-40",1,-61.4,1.3
"SNR","LW2X","Port","CatchAngle",">40",2,-56.2,2.8
"SNR","LW2X","Port","CatchSlip","28-32",5,11.2,1.4
"SNR","LW2X","Port","CatchSlip","32-36",1,9.4,0.9
"SNR","LW2X","Port","CatchSlip","36-40",1,8,1.1
"SNR","LW2X","Port","CatchSlip",">40",2,7,1.4
"SNR","LW2X","Port","DriveStartT","28-32",5,54.1,2.3
"SNR","LW2X","Port","DriveStartT","32-36",1,51.6,1.1
"SNR","LW2X","Port","DriveStartT","36-40",1,48.4,2.3
"SNR","LW2X","Port","DriveStartT",">40",2,44.4,6.3
"SNR","LW2X","Port","DriveTime","28-32",5,1,0
"SNR","LW2X","Port","DriveTime","32-36",1,0.9,0
"SNR","LW2X","Port","DriveTime","36-40",1,0.8,0
"SNR","LW2X","Port","DriveTime",">40",2,0.8,0
"SNR","LW2X","Port","EffectiveLength","28-32",5,71.3,5.6
"SNR","LW2X","Port","EffectiveLength","32-36",1,77.1,1.3
"SNR","LW2X","Port","EffectiveLength","36-40",1,73.2,2
"SNR","LW2X","Port","EffectiveLength",">40",2,69.2,2.4
"SNR","LW2X","Port","FinishAngle","28-32",5,38.7,1.2
"SNR","LW2X","Port","FinishAngle","32-36",1,37.3,0.5
"SNR","LW2X","Port","FinishAngle","36-40",1,35.6,1.1
"SNR","LW2X","Port","FinishAngle",">40",2,33.7,1.3
"SNR","LW2X","Port","FinishSlip","28-32",5,17.1,2.5
"SNR","LW2X","Port","FinishSlip","32-36",1,12.4,1
"SNR","LW2X","Port","FinishSlip","36-40",1,15.9,3.1
"SNR","LW2X","Port","FinishSlip",">40",2,13.7,2.3
"SNR","LW2X","Port","Length","28-32",5,99.6,3.3
"SNR","LW2X","Port","Length","32-36",1,98.9,1.1
"SNR","LW2X","Port","Length","36-40",1,97.1,1.8
"SNR","LW2X","Port","Length",">40",2,89.9,2.9
"SNR","LW2X","Port","MaxForcePc","28-32",5,36.6,4.2
"SNR","LW2X","Port","MaxForcePc","32-36",1,35.2,1.8
"SNR","LW2X","Port","MaxForcePc","36-40",1,37.3,5.4
"SNR","LW2X","Port","MaxForcePc",">40",2,31.7,10.5
"SNR","LW2X","Port","RecoveryTime","28-32",5,1,0
"SNR","LW2X","Port","RecoveryTime","32-36",1,0.8,0
"SNR","LW2X","Port","RecoveryTime","36-40",1,0.8,0
"SNR","LW2X","Port","RecoveryTime",">40",2,0.6,0
"SNR","LW2X","Port","SwivelPower","28-32",5,96.9,9.6
"SNR","LW2X","Port","SwivelPower","32-36",1,108,6.9
"SNR","LW2X","Port","SwivelPower","36-40",1,123.8,13.6
"SNR","LW2X","Port","SwivelPower",">40",2,143.9,18.5
"SNR","LW2X","Port","WorkPcQ1","28-32",5,19.2,1.6
"SNR","LW2X","Port","WorkPcQ1","32-36",1,19.9,0.6
"SNR","LW2X","Port","WorkPcQ1","36-40",1,20.8,1.4
"SNR","LW2X","Port","WorkPcQ1",">40",2,22.6,2.5
"SNR","LW2X","Port","WorkPcQ2","28-32",5,43.6,3.2
"SNR","LW2X","Port","WorkPcQ2","32-36",1,38.7,0.7
"SNR","LW2X","Port","WorkPcQ2","36-40",1,42.5,2.8
"SNR","LW2X","Port","WorkPcQ2",">40",2,42,2.2
"SNR","LW2X","Port","WorkPcQ3","28-32",5,29.3,1.1
"SNR","LW2X","Port","WorkPcQ3","32-36",1,30.9,0.7
"SNR","LW2X","Port","WorkPcQ3","36-40",1,29.4,1
"SNR","LW2X","Port","WorkPcQ3",">40",2,27.9,1.6
"SNR","LW2X","Port","WorkPcQ4","28-32",5,7.9,1.9
"SNR","LW2X","Port","WorkPcQ4","32-36",1,10.5,0.4
"SNR","LW2X","Port","WorkPcQ4","36-40",1,7.3,2.1
"SNR","LW2X","Port","WorkPcQ4",">40",2,7.4,1.2
"SNR","LW2X","Stbd","Angle07F","28-32",5,-45.7,3.5
"SNR","LW2X","Stbd","Angle07F","32-36",1,-46.5,3.1
"SNR","LW2X","Stbd","Angle07F","36-40",1,-45.7,5.8
"SNR","LW2X","Stbd","Angle07F",">40",2,-42.9,5.4
"SNR","LW2X","Stbd","AngleMaxF","28-32",5,-24.4,2.8
"SNR","LW2X","Stbd","AngleMaxF","32-36",1,-23.1,2.5
"SNR","LW2X","Stbd","AngleMaxF","36-40",1,-25.2,4.7
"SNR","LW2X","Stbd","AngleMaxF",">40",2,-27.8,8.9
"SNR","LW2X","Stbd","CatchAngle","28-32",5,-61.4,2.3
"SNR","LW2X","Stbd","CatchAngle","32-36",1,-60.8,1.8
"SNR","LW2X","Stbd","CatchAngle","36-40",1,-62.1,1.5
"SNR","LW2X","Stbd","CatchAngle",">40",2,-56.5,2.8
"SNR","LW2X","Stbd","CatchSlip","28-32",5,12.9,2.4
"SNR","LW2X","Stbd","CatchSlip","32-36",1,12,2.4
"SNR","LW2X","Stbd","CatchSlip","36-40",1,8.9,0.9
"SNR","LW2X","Stbd","CatchSlip",">40",2,7.3,1.4
"SNR","LW2X","Stbd","DriveStartT","28-32",5,53.1,2.8
"SNR","LW2X","Stbd","DriveStartT","32-36",1,50.3,1.9
"SNR","LW2X","Stbd","DriveStartT","36-40",1,48,2.5
"SNR","LW2X","Stbd","DriveStartT",">40",2,44,6.3
"SNR","LW2X","Stbd","DriveTime","28-32",5,1,0
"SNR","LW2X","Stbd","DriveTime","32-36",1,0.9,0
"SNR","LW2X","Stbd","DriveTime","36-40",1,0.9,0
"SNR","LW2X","Stbd","DriveTime",">40",2,0.8,0
"SNR","LW2X","Stbd","EffectiveLength","28-32",5,71.1,5.1
"SNR","LW2X","Stbd","EffectiveLength","32-36",1,70,5.3
"SNR","LW2X","Stbd","EffectiveLength","36-40",1,75.2,1.9
"SNR","LW2X","Stbd","EffectiveLength",">40",2,71.2,3
"SNR","LW2X","Stbd","FinishAngle","28-32",5,39.6,1.4
"SNR","LW2X","Stbd","FinishAngle","32-36",1,37.6,0.9
"SNR","LW2X","Stbd","FinishAngle","36-40",1,37.2,1.5
"SNR","LW2X","Stbd","FinishAngle",">40",2,35.3,1.1
"SNR","LW2X","Stbd","FinishSlip","28-32",5,17,1.5
"SNR","LW2X","Stbd","FinishSlip","32-36",1,16.3,1.8
"SNR","LW2X","Stbd","FinishSlip","36-40",1,15.1,1.5
"SNR","LW2X","Stbd","FinishSlip",">40",2,13.2,2.2
"SNR","LW2X","Stbd","Length","28-32",5,101,3.3
"SNR","LW2X","Stbd","Length","32-36",1,98.4,2.4
"SNR","LW2X","Stbd","Length","36-40",1,99.3,2
"SNR","LW2X","Stbd","Length",">40",2,91.8,3
"SNR","LW2X","Stbd","MaxForcePc","28-32",5,36.7,2.9
"SNR","LW2X","Stbd","MaxForcePc","32-36",1,38.4,2.6
"SNR","LW2X","Stbd","MaxForcePc","36-40",1,37.2,4.2
"SNR","LW2X","Stbd","MaxForcePc",">40",2,31.6,9.4
"SNR","LW2X","Stbd","RecoveryTime","28-32",5,1,0
"SNR","LW2X","Stbd","RecoveryTime","32-36",1,0.9,0
"SNR","LW2X","Stbd","RecoveryTime","36-40",1,0.8,0
"SNR","LW2X","Stbd","RecoveryTime",">40",2,0.6,0
"SNR","LW2X","Stbd","SwivelPower","28-32",5,93.3,10.4
"SNR","LW2X","Stbd","SwivelPower","32-36",1,104.2,10.6
"SNR","LW2X","Stbd","SwivelPower","36-40",1,124.9,7.2
"SNR","LW2X","Stbd","SwivelPower",">40",2,145.5,7.9
"SNR","LW2X","Stbd","WorkPcQ1","28-32",5,18,1.5
"SNR","LW2X","Stbd","WorkPcQ1","32-36",1,18.2,1.2
"SNR","LW2X","Stbd","WorkPcQ1","36-40",1,19.4,1.8
"SNR","LW2X","Stbd","WorkPcQ1",">40",2,21.9,2.7
"SNR","LW2X","Stbd","WorkPcQ2","28-32",5,42.8,1.8
"SNR","LW2X","Stbd","WorkPcQ2","32-36",1,41.5,1.1
"SNR","LW2X","Stbd","WorkPcQ2","36-40",1,41.7,1.4
"SNR","LW2X","Stbd","WorkPcQ2",">40",2,41.1,1.4
"SNR","LW2X","Stbd","WorkPcQ3","28-32",5,31.1,1
"SNR","LW2X","Stbd","WorkPcQ3","32-36",1,32.4,0.7
"SNR","LW2X","Stbd","WorkPcQ3","36-40",1,30.7,0.8
"SNR","LW2X","Stbd","WorkPcQ3",">40",2,28.9,0.8
"SNR","LW2X","Stbd","WorkPcQ4","28-32",5,8.1,0.7
"SNR","LW2X","Stbd","WorkPcQ4","32-36",1,7.8,0.6
"SNR","LW2X","Stbd","WorkPcQ4","36-40",1,8.1,0.8
"SNR","LW2X","Stbd","WorkPcQ4",">40",2,8.1,1.4
"SNR","M1X","Port","Angle07F","20",6,-38.2,4.1
"SNR","M1X","Port","Angle07F","20-24",15,-38.9,4.8
"SNR","M1X","Port","Angle07F","24-28",20,-42.1,7.6
"SNR","M1X","Port","Angle07F","28-32",7,-40.4,7.1
"SNR","M1X","Port","Angle07F","32-36",5,-47.8,2.5
"SNR","M1X","Port","Angle07F","36-40",2,-44.5,17.2
"SNR","M1X","Port","Angle07F",">40",6,-16.5,4.8
"SNR","M1X","Port","AngleMaxF","20",6,-14.4,5.5
"SNR","M1X","Port","AngleMaxF","20-24",15,-16.2,5.2
"SNR","M1X","Port","AngleMaxF","24-28",20,-18,9.2
"SNR","M1X","Port","AngleMaxF","28-32",7,-14.8,9.3
"SNR","M1X","Port","AngleMaxF","32-36",5,-27.8,3.5
"SNR","M1X","Port","AngleMaxF","36-40",2,-12.6,27.8
"SNR","M1X","Port","AngleMaxF",">40",6,16.8,13.9
"SNR","M1X","Port","CatchAngle","20",6,-64.1,3.3
"SNR","M1X","Port","CatchAngle","20-24",15,-64.1,3.3
"SNR","M1X","Port","CatchAngle","24-28",20,-63.6,3.6
"SNR","M1X","Port","CatchAngle","28-32",7,-62.1,3.7
"SNR","M1X","Port","CatchAngle","32-36",5,-64.7,1.2
"SNR","M1X","Port","CatchAngle","36-40",2,-58.2,16.4
"SNR","M1X","Port","CatchAngle",">40",6,-23.2,7
"SNR","M1X","Port","CatchSlip","20",6,12.8,2.5
"SNR","M1X","Port","CatchSlip","20-24",15,11.7,2.5
"SNR","M1X","Port","CatchSlip","24-28",20,10.5,2.9
"SNR","M1X","Port","CatchSlip","28-32",7,10.3,2.5
"SNR","M1X","Port","CatchSlip","32-36",5,9,1.2
"SNR","M1X","Port","CatchSlip","36-40",2,4,1
"SNR","M1X","Port","CatchSlip",">40",6,3.5,1.8
"SNR","M1X","Port","DriveStartT","20",6,60.4,2.6
"SNR","M1X","Port","DriveStartT","20-24",15,60.1,2.3
"SNR","M1X","Port","DriveStartT","24-28",20,58.8,2.6
"SNR","M1X","Port","DriveStartT","28-32",7,56,2.5
"SNR","M1X","Port","DriveStartT","32-36",5,54.3,1.6
"SNR","M1X","Port","DriveStartT","36-40",2,49.7,4.4
"SNR","M1X","Port","DriveStartT",">40",6,47.7,6.1
"SNR","M1X","Port","DriveTime","20",6,1.2,0.1
"SNR","M1X","Port","DriveTime","20-24",15,1.2,0.1
"SNR","M1X","Port","DriveTime","24-28",20,1.1,0.1
"SNR","M1X","Port","DriveTime","28-32",7,1,0.1
"SNR","M1X","Port","DriveTime","32-36",5,1,0
"SNR","M1X","Port","DriveTime","36-40",2,0.8,0
"SNR","M1X","Port","DriveTime",">40",6,0.8,0
"SNR","M1X","Port","EffectiveLength","20",6,84.2,7.6
"SNR","M1X","Port","EffectiveLength","20-24",15,85,6.8
"SNR","M1X","Port","EffectiveLength","24-28",20,78.9,7.1
"SNR","M1X","Port","EffectiveLength","28-32",7,80.6,4.7
"SNR","M1X","Port","EffectiveLength","32-36",5,86,2.5
"SNR","M1X","Port","EffectiveLength","36-40",2,90.8,3
"SNR","M1X","Port","EffectiveLength",">40",6,84.8,6.2
"SNR","M1X","Port","FinishAngle","20",6,48.1,2.4
"SNR","M1X","Port","FinishAngle","20-24",15,46.6,3.3
"SNR","M1X","Port","FinishAngle","24-28",20,42.7,4
"SNR","M1X","Port","FinishAngle","28-32",7,43.1,2.4
"SNR","M1X","Port","FinishAngle","32-36",5,40.8,1.1
"SNR","M1X","Port","FinishAngle","36-40",2,51.1,13.9
"SNR","M1X","Port","FinishAngle",">40",6,70.5,2.8
"SNR","M1X","Port","FinishSlip","20",6,15.3,4.5
"SNR","M1X","Port","FinishSlip","20-24",15,14,3.7
"SNR","M1X","Port","FinishSlip","24-28",20,16.9,3.8
"SNR","M1X","Port","FinishSlip","28-32",7,14.4,2.7
"SNR","M1X","Port","FinishSlip","32-36",5,10.5,1.7
"SNR","M1X","Port","FinishSlip","36-40",2,9.6,3.9
"SNR","M1X","Port","FinishSlip",">40",6,5.4,1.7
"SNR","M1X","Port","Length","20",6,112.2,3.7
"SNR","M1X","Port","Length","20-24",15,110.7,3.8
"SNR","M1X","Port","Length","24-28",20,106.3,4.3
"SNR","M1X","Port","Length","28-32",7,105.2,3.5
"SNR","M1X","Port","Length","32-36",5,105.6,1.6
"SNR","M1X","Port","Length","36-40",2,105.7,5.1
"SNR","M1X","Port","Length",">40",6,93.3,7.3
"SNR","M1X","Port","MaxForcePc","20",6,44.2,4.8
"SNR","M1X","Port","MaxForcePc","20-24",15,43.2,4.1
"SNR","M1X","Port","MaxForcePc","24-28",20,42.7,7.8
"SNR","M1X","Port","MaxForcePc","28-32",7,44.9,8.4
"SNR","M1X","Port","MaxForcePc","32-36",5,34.9,3.3
"SNR","M1X","Port","MaxForcePc","36-40",2,40.2,12.3
"SNR","M1X","Port","MaxForcePc",">40",6,44.2,16
"SNR","M1X","Port","RecoveryTime","20",6,1.7,0.1
"SNR","M1X","Port","RecoveryTime","20-24",15,1.5,0.1
"SNR","M1X","Port","RecoveryTime","24-28",20,1.2,0.1
"SNR","M1X","Port","RecoveryTime","28-32",7,1,0.1
"SNR","M1X","Port","RecoveryTime","32-36",5,0.8,0
"SNR","M1X","Port","RecoveryTime","36-40",2,0.7,0.1
"SNR","M1X","Port","RecoveryTime",">40",6,0.6,0.1
"SNR","M1X","Port","SwivelPower","20",6,116,16.4
"SNR","M1X","Port","SwivelPower","20-24",15,129.6,16.5
"SNR","M1X","Port","SwivelPower","24-28",20,131,20.3
"SNR","M1X","Port","SwivelPower","28-32",7,147.4,18.2
"SNR","M1X","Port","SwivelPower","32-36",5,164.3,17.5
"SNR","M1X","Port","SwivelPower","36-40",2,277.3,70.9
"SNR","M1X","Port","SwivelPower",">40",6,300.1,56.5
"SNR","M1X","Port","WorkPcQ1","20",6,13.1,1.6
"SNR","M1X","Port","WorkPcQ1","20-24",15,13.6,1.8
"SNR","M1X","Port","WorkPcQ1","24-28",20,15.7,2.6
"SNR","M1X","Port","WorkPcQ1","28-32",7,15.3,1.9
"SNR","M1X","Port","WorkPcQ1","32-36",5,16.2,1.3
"SNR","M1X","Port","WorkPcQ1","36-40",2,21.5,2.3
"SNR","M1X","Port","WorkPcQ1",">40",6,26.3,2.4
"SNR","M1X","Port","WorkPcQ2","20",6,41.6,2.8
"SNR","M1X","Port","WorkPcQ2","20-24",15,41.5,2.4
"SNR","M1X","Port","WorkPcQ2","24-28",20,41.3,4.2
"SNR","M1X","Port","WorkPcQ2","28-32",7,39.2,3.6
"SNR","M1X","Port","WorkPcQ2","32-36",5,39,1.2
"SNR","M1X","Port","WorkPcQ2","36-40",2,38.2,2.8
"SNR","M1X","Port","WorkPcQ2",">40",6,35.5,1.4
"SNR","M1X","Port","WorkPcQ3","20",6,37.2,1.8
"SNR","M1X","Port","WorkPcQ3","20-24",15,36.1,1.9
"SNR","M1X","Port","WorkPcQ3","24-28",20,35.9,4.5
"SNR","M1X","Port","WorkPcQ3","28-32",7,36.6,3.6
"SNR","M1X","Port","WorkPcQ3","32-36",5,33.9,1.1
"SNR","M1X","Port","WorkPcQ3","36-40",2,31.5,1.2
"SNR","M1X","Port","WorkPcQ3",">40",6,29.2,2.2
"SNR","M1X","Port","WorkPcQ4","20",6,8.1,2.7
"SNR","M1X","Port","WorkPcQ4","20-24",15,8.7,2.4
"SNR","M1X","Port","WorkPcQ4","24-28",20,7.1,2.6
"SNR","M1X","Port","WorkPcQ4","28-32",7,8.9,2.3
"SNR","M1X","Port","WorkPcQ4","32-36",5,11,1.3
"SNR","M1X","Port","WorkPcQ4","36-40",2,8.8,1.4
"SNR","M1X","Port","WorkPcQ4",">40",6,9,1.4
"SNR","M1X","Stbd","Angle07F","20",6,-43.3,3.1
"SNR","M1X","Stbd","Angle07F","20-24",15,-43.5,4.5
"SNR","M1X","Stbd","Angle07F","24-28",20,-46.2,6.7
"SNR","M1X","Stbd","Angle07F","28-32",7,-42.9,7
"SNR","M1X","Stbd","Angle07F","32-36",5,-50.2,2.4
"SNR","M1X","Stbd","Angle07F","36-40",2,-68.2,12.8
"SNR","M1X","Stbd","Angle07F",">40",6,-79.9,6.4
"SNR","M1X","Stbd","AngleMaxF","20",6,-14.7,7.6
"SNR","M1X","Stbd","AngleMaxF","20-24",15,-17.1,7
"SNR","M1X","Stbd","AngleMaxF","24-28",20,-18,9.9
"SNR","M1X","Stbd","AngleMaxF","28-32",7,-15.7,8.6
"SNR","M1X","Stbd","AngleMaxF","32-36",5,-29.9,4.8
"SNR","M1X","Stbd","AngleMaxF","36-40",2,-35.6,6.5
"SNR","M1X","Stbd","AngleMaxF",">40",6,-39.7,8.7
"SNR","M1X","Stbd","CatchAngle","20",6,-67.5,2.5
"SNR","M1X","Stbd","CatchAngle","20-24",15,-67,2.7
"SNR","M1X","Stbd","CatchAngle","24-28",20,-67.4,3
"SNR","M1X","Stbd","CatchAngle","28-32",7,-64.6,3.3
"SNR","M1X","Stbd","CatchAngle","32-36",5,-66.2,1.1
"SNR","M1X","Stbd","CatchAngle","36-40",2,-78.6,14.6
"SNR","M1X","Stbd","CatchAngle",">40",6,-91.1,6.3
"SNR","M1X","Stbd","CatchSlip","20",6,11.3,2.6
"SNR","M1X","Stbd","CatchSlip","20-24",15,11.5,3.1
"SNR","M1X","Stbd","CatchSlip","24-28",20,9.9,2.6
"SNR","M1X","Stbd","CatchSlip","28-32",7,10.8,3.1
"SNR","M1X","Stbd","CatchSlip","32-36",5,7.3,1.2
"SNR","M1X","Stbd","CatchSlip","36-40",2,3.9,5.4
"SNR","M1X","Stbd","CatchSlip",">40",6,3.4,1.6
"SNR","M1X","Stbd","DriveStartT","20",6,60.9,2.5
"SNR","M1X","Stbd","DriveStartT","20-24",15,59.9,2.5
"SNR","M1X","Stbd","DriveStartT","24-28",20,58.4,2.6
"SNR","M1X","Stbd","DriveStartT","28-32",7,55.2,2.7
"SNR","M1X","Stbd","DriveStartT","32-36",5,55.1,1.7
"SNR","M1X","Stbd","DriveStartT","36-40",2,49.1,4.2
"SNR","M1X","Stbd","DriveStartT",">40",6,47.2,5.9
"SNR","M1X","Stbd","DriveTime","20",6,1.2,0.1
"SNR","M1X","Stbd","DriveTime","20-24",15,1.2,0.1
"SNR","M1X","Stbd","DriveTime","24-28",20,1.1,0.1
"SNR","M1X","Stbd","DriveTime","28-32",7,1,0.1
"SNR","M1X","Stbd","DriveTime","32-36",5,1,0
"SNR","M1X","Stbd","DriveTime","36-40",2,0.8,0
"SNR","M1X","Stbd","DriveTime",">40",6,0.8,0
"SNR","M1X","Stbd","EffectiveLength","20",6,89,5.5
"SNR","M1X","Stbd","EffectiveLength","20-24",15,87.4,6.1
"SNR","M1X","Stbd","EffectiveLength","24-28",20,83.1,6.2
"SNR","M1X","Stbd","EffectiveLength","28-32",7,80.4,5.2
"SNR","M1X","Stbd","EffectiveLength","32-36",5,87.5,2.3
"SNR","M1X","Stbd","EffectiveLength","36-40",2,90.9,8.2
"SNR","M1X","Stbd","EffectiveLength",">40",6,90.8,6
"SNR","M1X","Stbd","FinishAngle","20",6,45.4,2.5
"SNR","M1X","Stbd","FinishAngle","20-24",15,44.1,2.6
"SNR","M1X","Stbd","FinishAngle","24-28",20,41.2,2.9
"SNR","M1X","Stbd","FinishAngle","28-32",7,41.2,2.1
"SNR","M1X","Stbd","FinishAngle","32-36",5,42.8,1.5
"SNR","M1X","Stbd","FinishAngle","36-40",2,23.9,15.3
"SNR","M1X","Stbd","FinishAngle",">40",6,8.1,2.8
"SNR","M1X","Stbd","FinishSlip","20",6,12.6,4.3
"SNR","M1X","Stbd","FinishSlip","20-24",15,12.3,2.9
"SNR","M1X","Stbd","FinishSlip","24-28",20,15.5,4
"SNR","M1X","Stbd","FinishSlip","28-32",7,14.7,3.9
"SNR","M1X","Stbd","FinishSlip","32-36",5,14.2,1.9
"SNR","M1X","Stbd","FinishSlip","36-40",2,7.8,3.3
"SNR","M1X","Stbd","FinishSlip",">40",6,5,1.6
"SNR","M1X","Stbd","Length","20",6,112.9,2.8
"SNR","M1X","Stbd","Length","20-24",15,111.2,3.1
"SNR","M1X","Stbd","Length","24-28",20,108.6,3.9
"SNR","M1X","Stbd","Length","28-32",7,105.8,3.7
"SNR","M1X","Stbd","Length","32-36",5,109,1.6
"SNR","M1X","Stbd","Length","36-40",2,102.5,5.7
"SNR","M1X","Stbd","Length",">40",6,99.2,6.5
"SNR","M1X","Stbd","MaxForcePc","20",6,46.6,5.9
"SNR","M1X","Stbd","MaxForcePc","20-24",15,44.7,5.5
"SNR","M1X","Stbd","MaxForcePc","24-28",20,45.2,8.8
"SNR","M1X","Stbd","MaxForcePc","28-32",7,46,8.4
"SNR","M1X","Stbd","MaxForcePc","32-36",5,33.2,4.3
"SNR","M1X","Stbd","MaxForcePc","36-40",2,41.8,16.2
"SNR","M1X","Stbd","MaxForcePc",">40",6,51.9,10
"SNR","M1X","Stbd","RecoveryTime","20",6,1.7,0.1
"SNR","M1X","Stbd","RecoveryTime","20-24",15,1.5,0.1
"SNR","M1X","Stbd","RecoveryTime","24-28",20,1.2,0.1
"SNR","M1X","Stbd","RecoveryTime","28-32",7,1,0.1
"SNR","M1X","Stbd","RecoveryTime","32-36",5,0.8,0
"SNR","M1X","Stbd","RecoveryTime","36-40",2,0.7,0.1
"SNR","M1X","Stbd","RecoveryTime",">40",6,0.6,0.1
"SNR","M1X","Stbd","SwivelPower","20",6,123.6,18.7
"SNR","M1X","Stbd","SwivelPower","20-24",15,132.6,24.4
"SNR","M1X","Stbd","SwivelPower","24-28",20,141.6,24.5
"SNR","M1X","Stbd","SwivelPower","28-32",7,147.9,26.2
"SNR","M1X","Stbd","SwivelPower","32-36",5,179.3,18.8
"SNR","M1X","Stbd","SwivelPower","36-40",2,240.6,43.1
"SNR","M1X","Stbd","SwivelPower",">40",6,243.3,34.9
"SNR","M1X","Stbd","WorkPcQ1","20",6,13.1,2.4
"SNR","M1X","Stbd","WorkPcQ1","20-24",15,13.4,2.3
"SNR","M1X","Stbd","WorkPcQ1","24-28",20,14.7,2.5
"SNR","M1X","Stbd","WorkPcQ1","28-32",7,14.9,3
"SNR","M1X","Stbd","WorkPcQ1","32-36",5,17.7,1.3
"SNR","M1X","Stbd","WorkPcQ1","36-40",2,13.8,7.5
"SNR","M1X","Stbd","WorkPcQ1",">40",6,7.4,2.6
"SNR","M1X","Stbd","WorkPcQ2","20",6,39.4,2.1
"SNR","M1X","Stbd","WorkPcQ2","20-24",15,39.6,1.7
"SNR","M1X","Stbd","WorkPcQ2","24-28",20,39,3
"SNR","M1X","Stbd","WorkPcQ2","28-32",7,38.6,3.1
"SNR","M1X","Stbd","WorkPcQ2","32-36",5,40.4,1.1
"SNR","M1X","Stbd","WorkPcQ2","36-40",2,33.4,6.1
"SNR","M1X","Stbd","WorkPcQ2",">40",6,29,3
"SNR","M1X","Stbd","WorkPcQ3","20",6,38.2,2.1
"SNR","M1X","Stbd","WorkPcQ3","20-24",15,37.5,1.8
"SNR","M1X","Stbd","WorkPcQ3","24-28",20,38.4,3.3
"SNR","M1X","Stbd","WorkPcQ3","28-32",7,37.7,3.6
"SNR","M1X","Stbd","WorkPcQ3","32-36",5,33.3,1.1
"SNR","M1X","Stbd","WorkPcQ3","36-40",2,37.6,6.2
"SNR","M1X","Stbd","WorkPcQ3",">40",6,42.6,2.6
"SNR","M1X","Stbd","WorkPcQ4","20",6,9.3,2.8
"SNR","M1X","Stbd","WorkPcQ4","20-24",15,9.5,2
"SNR","M1X","Stbd","WorkPcQ4","24-28",20,7.9,2.8
"SNR","M1X","Stbd","WorkPcQ4","28-32",7,8.8,2.8
"SNR","M1X","Stbd","WorkPcQ4","32-36",5,8.6,1.1
"SNR","M1X","Stbd","WorkPcQ4","36-40",2,15.3,7.5
"SNR","M1X","Stbd","WorkPcQ4",">40",6,20.9,3.5
"SNR","M2-","Port","Angle07F","20",4,-30.6,1.8
"SNR","M2-","Port","Angle07F","20-24",4,-32,2.1
"SNR","M2-","Port","Angle07F","24-28",4,-31.9,2.1
"SNR","M2-","Port","Angle07F","28-32",2,-42.5,1.8
"SNR","M2-","Port","Angle07F","32-36",1,-38,0.9
"SNR","M2-","Port","Angle07F","36-40",2,-36.2,2.3
"SNR","M2-","Port","AngleMaxF","20",4,-12,2.2
"SNR","M2-","Port","AngleMaxF","20-24",4,-10.9,1.8
"SNR","M2-","Port","AngleMaxF","24-28",4,-11.3,1.5
"SNR","M2-","Port","AngleMaxF","28-32",2,-20.8,1.4
"SNR","M2-","Port","AngleMaxF","32-36",1,-17.5,1.9
"SNR","M2-","Port","AngleMaxF","36-40",2,-15,3.1
"SNR","M2-","Port","CatchAngle","20",4,-59.5,2.7
"SNR","M2-","Port","CatchAngle","20-24",4,-55.7,5.1
"SNR","M2-","Port","CatchAngle","24-28",4,-55,4.9
"SNR","M2-","Port","CatchAngle","28-32",2,-56.7,1.8
"SNR","M2-","Port","CatchAngle","32-36",1,-56.9,0.8
"SNR","M2-","Port","CatchAngle","36-40",2,-53.7,3.4
"SNR","M2-","Port","CatchSlip","20",4,12.7,2.2
"SNR","M2-","Port","CatchSlip","20-24",4,10,3.5
"SNR","M2-","Port","CatchSlip","24-28",4,10,2.5
"SNR","M2-","Port","CatchSlip","28-32",2,5,1.2
"SNR","M2-","Port","CatchSlip","32-36",1,7.7,0.7
"SNR","M2-","Port","CatchSlip","36-40",2,7.2,0.8
"SNR","M2-","Port","DriveStartT","20",4,59.3,1.9
"SNR","M2-","Port","DriveStartT","20-24",4,57.3,2.9
"SNR","M2-","Port","DriveStartT","24-28",4,56.2,1.7
"SNR","M2-","Port","DriveStartT","28-32",2,60.4,3
"SNR","M2-","Port","DriveStartT","32-36",1,52.1,0.8
"SNR","M2-","Port","DriveStartT","36-40",2,48.4,1.7
"SNR","M2-","Port","DriveTime","20",4,1.1,0.1
"SNR","M2-","Port","DriveTime","20-24",4,1,0.1
"SNR","M2-","Port","DriveTime","24-28",4,1,0.1
"SNR","M2-","Port","DriveTime","28-32",2,1,0
"SNR","M2-","Port","DriveTime","32-36",1,0.9,0
"SNR","M2-","Port","DriveTime","36-40",2,0.8,0
"SNR","M2-","Port","EffectiveLength","20",4,69.2,2.9
"SNR","M2-","Port","EffectiveLength","20-24",4,69.4,2.5
"SNR","M2-","Port","EffectiveLength","24-28",4,68.4,3.9
"SNR","M2-","Port","EffectiveLength","28-32",2,68,1.7
"SNR","M2-","Port","EffectiveLength","32-36",1,71.1,2.1
"SNR","M2-","Port","EffectiveLength","36-40",2,67.1,2.7
"SNR","M2-","Port","FinishAngle","20",4,32.4,2.7
"SNR","M2-","Port","FinishAngle","20-24",4,33.4,1.6
"SNR","M2-","Port","FinishAngle","24-28",4,31.9,1.9
"SNR","M2-","Port","FinishAngle","28-32",2,27.7,0.8
"SNR","M2-","Port","FinishAngle","32-36",1,30.1,0.7
"SNR","M2-","Port","FinishAngle","36-40",2,30.2,2.2
"SNR","M2-","Port","FinishSlip","20",4,10,3.2
"SNR","M2-","Port","FinishSlip","20-24",4,9.6,2.1
"SNR","M2-","Port","FinishSlip","24-28",4,8.5,2.5
"SNR","M2-","Port","FinishSlip","28-32",2,11.4,1
"SNR","M2-","Port","FinishSlip","32-36",1,8.2,0.9
"SNR","M2-","Port","FinishSlip","36-40",2,9.6,1.2
"SNR","M2-","Port","Length","20",4,91.9,3.6
"SNR","M2-","Port","Length","20-24",4,89,6.3
"SNR","M2-","Port","Length","24-28",4,86.9,3.9
"SNR","M2-","Port","Length","28-32",2,84.4,1.9
"SNR","M2-","Port","Length","32-36",1,87,1.3
"SNR","M2-","Port","Length","36-40",2,83.9,1.5
"SNR","M2-","Port","MaxForcePc","20",4,51,2.5
"SNR","M2-","Port","MaxForcePc","20-24",4,49.4,3.2
"SNR","M2-","Port","MaxForcePc","24-28",4,49.4,3.4
"SNR","M2-","Port","MaxForcePc","28-32",2,42.6,2
"SNR","M2-","Port","MaxForcePc","32-36",1,45.2,2.2
"SNR","M2-","Port","MaxForcePc","36-40",2,46.1,2.1
"SNR","M2-","Port","RecoveryTime","20",4,1.8,0.1
"SNR","M2-","Port","RecoveryTime","20-24",4,1.5,0.1
"SNR","M2-","Port","RecoveryTime","24-28",4,1.4,0.1
"SNR","M2-","Port","RecoveryTime","28-32",2,1,0.1
"SNR","M2-","Port","RecoveryTime","32-36",1,1,0
"SNR","M2-","Port","RecoveryTime","36-40",2,0.8,0
"SNR","M2-","Port","SwivelPower","20",4,237.3,10.2
"SNR","M2-","Port","SwivelPower","20-24",4,296.1,14.8
"SNR","M2-","Port","SwivelPower","24-28",4,310.7,26.4
"SNR","M2-","Port","SwivelPower","28-32",2,299.8,21
"SNR","M2-","Port","SwivelPower","32-36",1,423.1,35.4
"SNR","M2-","Port","SwivelPower","36-40",2,450.1,24.6
"SNR","M2-","Port","WorkPcQ1","20",4,10,1.8
"SNR","M2-","Port","WorkPcQ1","20-24",4,13.4,3.3
"SNR","M2-","Port","WorkPcQ1","24-28",4,12.8,3.3
"SNR","M2-","Port","WorkPcQ1","28-32",2,16.5,0.9
"SNR","M2-","Port","WorkPcQ1","32-36",1,14.7,0.7
"SNR","M2-","Port","WorkPcQ1","36-40",2,15.7,1.5
"SNR","M2-","Port","WorkPcQ2","20",4,37.9,2
"SNR","M2-","Port","WorkPcQ2","20-24",4,40,2.4
"SNR","M2-","Port","WorkPcQ2","24-28",4,39.5,3.8
"SNR","M2-","Port","WorkPcQ2","28-32",2,39.1,1.6
"SNR","M2-","Port","WorkPcQ2","32-36",1,42.2,1.2
"SNR","M2-","Port","WorkPcQ2","36-40",2,42.6,1.3
"SNR","M2-","Port","WorkPcQ3","20",4,42.4,2.4
"SNR","M2-","Port","WorkPcQ3","20-24",4,39.1,4.4
"SNR","M2-","Port","WorkPcQ3","24-28",4,38.3,3.6
"SNR","M2-","Port","WorkPcQ3","28-32",2,35.9,1.5
"SNR","M2-","Port","WorkPcQ3","32-36",1,34.6,1.5
"SNR","M2-","Port","WorkPcQ3","36-40",2,34,1.7
"SNR","M2-","Port","WorkPcQ4","20",4,9.6,2.2
"SNR","M2-","Port","WorkPcQ4","20-24",4,7.6,1.4
"SNR","M2-","Port","WorkPcQ4","24-28",4,9.3,3.6
"SNR","M2-","Port","WorkPcQ4","28-32",2,8.5,1
"SNR","M2-","Port","WorkPcQ4","32-36",1,8.5,0.8
"SNR","M2-","Port","WorkPcQ4","36-40",2,7.7,1.1
"SNR","M2-","Stbd","Angle07F","20",4,-32.9,3
"SNR","M2-","Stbd","Angle07F","20-24",4,-33,2.7
"SNR","M2-","Stbd","Angle07F","24-28",4,-33,3
"SNR","M2-","Stbd","Angle07F","28-32",2,-30,2
"SNR","M2-","Stbd","Angle07F","32-36",1,-27.3,2.2
"SNR","M2-","Stbd","Angle07F","36-40",2,-30.9,4.2
"SNR","M2-","Stbd","AngleMaxF","20",4,-7,6.2
"SNR","M2-","Stbd","AngleMaxF","20-24",4,-10.1,7.2
"SNR","M2-","Stbd","AngleMaxF","24-28",4,-10.9,5.5
"SNR","M2-","Stbd","AngleMaxF","28-32",2,-16.2,2.3
"SNR","M2-","Stbd","AngleMaxF","32-36",1,-10.2,1.5
"SNR","M2-","Stbd","AngleMaxF","36-40",2,-12,1.9
"SNR","M2-","Stbd","CatchAngle","20",4,-60.6,1.5
"SNR","M2-","Stbd","CatchAngle","20-24",4,-57.5,2.9
"SNR","M2-","Stbd","CatchAngle","24-28",4,-58.3,3
"SNR","M2-","Stbd","CatchAngle","28-32",2,-53.2,1.5
"SNR","M2-","Stbd","CatchAngle","32-36",1,-51.8,0.8
"SNR","M2-","Stbd","CatchAngle","36-40",2,-51.7,1.7
"SNR","M2-","Stbd","CatchSlip","20",4,13.7,2.1
"SNR","M2-","Stbd","CatchSlip","20-24",4,8.1,3.2
"SNR","M2-","Stbd","CatchSlip","24-28",4,10,4.5
"SNR","M2-","Stbd","CatchSlip","28-32",2,6.7,1.3
"SNR","M2-","Stbd","CatchSlip","32-36",1,4.9,0.9
"SNR","M2-","Stbd","CatchSlip","36-40",2,4.6,1.1
"SNR","M2-","Stbd","DriveStartT","20",4,60.7,1.2
"SNR","M2-","Stbd","DriveStartT","20-24",4,58.7,2.5
"SNR","M2-","Stbd","DriveStartT","24-28",4,57.9,1.3
"SNR","M2-","Stbd","DriveStartT","28-32",2,58.9,2.6
"SNR","M2-","Stbd","DriveStartT","32-36",1,53.7,1
"SNR","M2-","Stbd","DriveStartT","36-40",2,49.7,1.2
"SNR","M2-","Stbd","DriveTime","20",4,1.1,0.1
"SNR","M2-","Stbd","DriveTime","20-24",4,1,0.1
"SNR","M2-","Stbd","DriveTime","24-28",4,1,0
"SNR","M2-","Stbd","DriveTime","28-32",2,1,0
"SNR","M2-","Stbd","DriveTime","32-36",1,0.9,0
"SNR","M2-","Stbd","DriveTime","36-40",2,0.9,0
"SNR","M2-","Stbd","EffectiveLength","20",4,72.7,2
"SNR","M2-","Stbd","EffectiveLength","20-24",4,71.8,3.7
"SNR","M2-","Stbd","EffectiveLength","24-28",4,71.2,2.5
"SNR","M2-","Stbd","EffectiveLength","28-32",2,68.2,2.5
"SNR","M2-","Stbd","EffectiveLength","32-36",1,65.6,1.9
"SNR","M2-","Stbd","EffectiveLength","36-40",2,65.6,3
"SNR","M2-","Stbd","FinishAngle","20",4,33.5,2.5
"SNR","M2-","Stbd","FinishAngle","20-24",4,32.5,1.8
"SNR","M2-","Stbd","FinishAngle","24-28",4,33,2.2
"SNR","M2-","Stbd","FinishAngle","28-32",2,32,0.6
"SNR","M2-","Stbd","FinishAngle","32-36",1,32.3,0.9
"SNR","M2-","Stbd","FinishAngle","36-40",2,31,1
"SNR","M2-","Stbd","FinishSlip","20",4,7.7,2.3
"SNR","M2-","Stbd","FinishSlip","20-24",4,10,3.1
"SNR","M2-","Stbd","FinishSlip","24-28",4,10.1,2.9
"SNR","M2-","Stbd","FinishSlip","28-32",2,10.2,1.6
"SNR","M2-","Stbd","FinishSlip","32-36",1,13.6,1.3
"SNR","M2-","Stbd","FinishSlip","36-40",2,12.5,1.7
"SNR","M2-","Stbd","Length","20",4,94.1,2.4
"SNR","M2-","Stbd","Length","20-24",4,90,4.1
"SNR","M2-","Stbd","Length","24-28",4,91.2,4.4
"SNR","M2-","Stbd","Length","28-32",2,85.1,1.7
"SNR","M2-","Stbd","Length","32-36",1,84.1,1.1
"SNR","M2-","Stbd","Length","36-40",2,82.7,1.1
"SNR","M2-","Stbd","MaxForcePc","20",4,56.1,6
"SNR","M2-","Stbd","MaxForcePc","20-24",4,52.1,7.8
"SNR","M2-","Stbd","MaxForcePc","24-28",4,51,6.4
"SNR","M2-","Stbd","MaxForcePc","28-32",2,43.4,2.3
"SNR","M2-","Stbd","MaxForcePc","32-36",1,49.4,1.5
"SNR","M2-","Stbd","MaxForcePc","36-40",2,48,1.5
"SNR","M2-","Stbd","RecoveryTime","20",4,1.8,0.1
"SNR","M2-","Stbd","RecoveryTime","20-24",4,1.5,0.1
"SNR","M2-","Stbd","RecoveryTime","24-28",4,1.4,0.1
"SNR","M2-","Stbd","RecoveryTime","28-32",2,1,0.1
"SNR","M2-","Stbd","RecoveryTime","32-36",1,1,0
"SNR","M2-","Stbd","RecoveryTime","36-40",2,0.8,0
"SNR","M2-","Stbd","SwivelPower","20",4,262.4,14.4
"SNR","M2-","Stbd","SwivelPower","20-24",4,319,21.1
"SNR","M2-","Stbd","SwivelPower","24-28",4,325,26.5
"SNR","M2-","Stbd","SwivelPower","28-32",2,286,22
"SNR","M2-","Stbd","SwivelPower","32-36",1,371,20.9
"SNR","M2-","Stbd","SwivelPower","36-40",2,406.4,32.9
"SNR","M2-","Stbd","WorkPcQ1","20",4,9.3,1.4
"SNR","M2-","Stbd","WorkPcQ1","20-24",4,12.9,2.5
"SNR","M2-","Stbd","WorkPcQ1","24-28",4,12.5,2.9
"SNR","M2-","Stbd","WorkPcQ1","28-32",2,13.7,1.4
"SNR","M2-","Stbd","WorkPcQ1","32-36",1,16.3,1
"SNR","M2-","Stbd","WorkPcQ1","36-40",2,17.5,1
"SNR","M2-","Stbd","WorkPcQ2","20",4,34.6,2.1
"SNR","M2-","Stbd","WorkPcQ2","20-24",4,37.9,3.6
"SNR","M2-","Stbd","WorkPcQ2","24-28",4,37.6,4
"SNR","M2-","Stbd","WorkPcQ2","28-32",2,41.7,1.1
"SNR","M2-","Stbd","WorkPcQ2","32-36",1,39.6,1.4
"SNR","M2-","Stbd","WorkPcQ2","36-40",2,40.5,1.3
"SNR","M2-","Stbd","WorkPcQ3","20",4,41.9,1.3
"SNR","M2-","Stbd","WorkPcQ3","20-24",4,39.4,1.8
"SNR","M2-","Stbd","WorkPcQ3","24-28",4,39.5,2.2
"SNR","M2-","Stbd","WorkPcQ3","28-32",2,35.7,1.9
"SNR","M2-","Stbd","WorkPcQ3","32-36",1,38.8,1.4
"SNR","M2-","Stbd","WorkPcQ3","36-40",2,36.2,1.7
"SNR","M2-","Stbd","WorkPcQ4","20",4,14.1,1.7
"SNR","M2-","Stbd","WorkPcQ4","20-24",4,9.7,4.6
"SNR","M2-","Stbd","WorkPcQ4","24-28",4,10.4,4.7
"SNR","M2-","Stbd","WorkPcQ4","28-32",2,8.8,1.5
"SNR","M2-","Stbd","WorkPcQ4","32-36",1,5.3,1
"SNR","M2-","Stbd","WorkPcQ4","36-40",2,5.8,1.2
"SNR","M2X","Port","Angle07F","20-24",3,-35.2,6.2
"SNR","M2X","Port","AngleMaxF","20-24",3,-2.1,7.6
"SNR","M2X","Port","CatchAngle","20-24",3,-63.4,2.2
"SNR","M2X","Port","CatchSlip","20-24",3,12.9,2.7
"SNR","M2X","Port","DriveStartT","20-24",3,58.8,1.7
"SNR","M2X","Port","DriveTime","20-24",3,1,0
"SNR","M2X","Port","EffectiveLength","20-24",3,87.4,4.2
"SNR","M2X","Port","FinishAngle","20-24",3,45.6,3.1
"SNR","M2X","Port","FinishSlip","20-24",3,8.6,2.5
"SNR","M2X","Port","Length","20-24",3,109,2.5
"SNR","M2X","Port","MaxForcePc","20-24",3,55.8,7.4
"SNR","M2X","Port","RecoveryTime","20-24",3,1.6,0.1
"SNR","M2X","Port","SwivelPower","20-24",3,125.9,15.6
"SNR","M2X","Port","WorkPcQ1","20-24",3,12.2,1.6
"SNR","M2X","Port","WorkPcQ2","20-24",3,33.7,2.2
"SNR","M2X","Port","WorkPcQ3","20-24",3,39.7,2.3
"SNR","M2X","Port","WorkPcQ4","20-24",3,14.5,1.5
"SNR","M2X","Stbd","Angle07F","20-24",3,-41.7,4.4
"SNR","M2X","Stbd","AngleMaxF","20-24",3,-8.6,6.3
"SNR","M2X","Stbd","CatchAngle","20-24",3,-65.8,1.4
"SNR","M2X","Stbd","CatchSlip","20-24",3,10.2,2.1
"SNR","M2X","Stbd","DriveStartT","20-24",3,59.8,1.4
"SNR","M2X","Stbd","DriveTime","20-24",3,1,0
"SNR","M2X","Stbd","EffectiveLength","20-24",3,92.9,3.6
"SNR","M2X","Stbd","FinishAngle","20-24",3,45.1,1.9
"SNR","M2X","Stbd","FinishSlip","20-24",3,7.8,2.1
"SNR","M2X","Stbd","Length","20-24",3,110.9,2.2
"SNR","M2X","Stbd","MaxForcePc","20-24",3,50.9,5.9
"SNR","M2X","Stbd","RecoveryTime","20-24",3,1.6,0.1
"SNR","M2X","Stbd","SwivelPower","20-24",3,139.8,18.4
"SNR","M2X","Stbd","WorkPcQ1","20-24",3,13.1,1.1
"SNR","M2X","Stbd","WorkPcQ2","20-24",3,35,1.2
"SNR","M2X","Stbd","WorkPcQ3","20-24",3,37.9,2.2
"SNR","M2X","Stbd","WorkPcQ4","20-24",3,14.1,2
"SNR","M4-","Port","Angle07F","20-24",3,-35.7,3.3
"SNR","M4-","Port","Angle07F","24-28",3,-35.4,6.3
"SNR","M4-","Port","AngleMaxF","20-24",3,-13.3,4.2
"SNR","M4-","Port","AngleMaxF","24-28",3,-9.2,6.4
"SNR","M4-","Port","CatchAngle","20-24",3,-56.9,1.8
"SNR","M4-","Port","CatchAngle","24-28",3,-40.6,20.4
"SNR","M4-","Port","CatchSlip","20-24",3,9.7,1.7
"SNR","M4-","Port","CatchSlip","24-28",3,4.1,4
"SNR","M4-","Port","DriveStartT","20-24",3,57.2,3.2
"SNR","M4-","Port","DriveStartT","24-28",3,57,3.9
"SNR","M4-","Port","DriveTime","20-24",3,1.1,0.1
"SNR","M4-","Port","DriveTime","24-28",3,1,0.1
"SNR","M4-","Port","EffectiveLength","20-24",3,70,2.8
"SNR","M4-","Port","EffectiveLength","24-28",3,57,16.7
"SNR","M4-","Port","FinishAngle","20-24",3,33.5,2.1
"SNR","M4-","Port","FinishAngle","24-28",3,25.4,12.1
"SNR","M4-","Port","FinishSlip","20-24",3,10.6,1.8
"SNR","M4-","Port","FinishSlip","24-28",3,7.1,3.8
"SNR","M4-","Port","Length","20-24",3,90.3,2.6
"SNR","M4-","Port","Length","24-28",3,68.2,21.7
"SNR","M4-","Port","MaxForcePc","20-24",3,48.2,4.9
"SNR","M4-","Port","MaxForcePc","24-28",3,51.5,13.4
"SNR","M4-","Port","RecoveryTime","20-24",3,1.5,0.1
"SNR","M4-","Port","RecoveryTime","24-28",3,1.4,0.1
"SNR","M4-","Port","SwivelPower","20-24",3,306.8,21
"SNR","M4-","Port","SwivelPower","24-28",3,234.1,98.9
"SNR","M4-","Port","WorkPcQ1","20-24",3,12.7,1.5
"SNR","M4-","Port","WorkPcQ1","24-28",3,19.4,7.9
"SNR","M4-","Port","WorkPcQ2","20-24",3,39.2,1.3
"SNR","M4-","Port","WorkPcQ2","24-28",3,34.7,4.9
"SNR","M4-","Port","WorkPcQ3","20-24",3,39.4,1.5
"SNR","M4-","Port","WorkPcQ3","24-28",3,35.8,5.3
"SNR","M4-","Port","WorkPcQ4","20-24",3,8.7,1.4
"SNR","M4-","Port","WorkPcQ4","24-28",3,10.1,4.9
"SNR","M4-","Stbd","Angle07F","20-24",3,-32.4,4.6
"SNR","M4-","Stbd","Angle07F","24-28",3,-32,4.3
"SNR","M4-","Stbd","AngleMaxF","20-24",3,-11.3,5.1
"SNR","M4-","Stbd","AngleMaxF","24-28",3,-11.8,4.4
"SNR","M4-","Stbd","CatchAngle","20-24",3,-55.9,2.5
"SNR","M4-","Stbd","CatchAngle","24-28",3,-55.7,1.6
"SNR","M4-","Stbd","CatchSlip","20-24",3,9.7,1.9
"SNR","M4-","Stbd","CatchSlip","24-28",3,9.9,1.6
"SNR","M4-","Stbd","DriveStartT","20-24",3,59.1,3.2
"SNR","M4-","Stbd","DriveStartT","24-28",3,58.7,3.8
"SNR","M4-","Stbd","DriveTime","20-24",3,1,0.1
"SNR","M4-","Stbd","DriveTime","24-28",3,1,0.1
"SNR","M4-","Stbd","EffectiveLength","20-24",3,69.1,4.4
"SNR","M4-","Stbd","EffectiveLength","24-28",3,67.8,3.3
"SNR","M4-","Stbd","FinishAngle","20-24",3,31,1.8
"SNR","M4-","Stbd","FinishAngle","24-28",3,31.2,1.8
"SNR","M4-","Stbd","FinishSlip","20-24",3,8.2,1.7
"SNR","M4-","Stbd","FinishSlip","24-28",3,9.2,1.9
"SNR","M4-","Stbd","Length","20-24",3,86.9,3.3
"SNR","M4-","Stbd","Length","24-28",3,86.9,2.7
"SNR","M4-","Stbd","MaxForcePc","20-24",3,50.5,5.7
"SNR","M4-","Stbd","MaxForcePc","24-28",3,49.9,5
"SNR","M4-","Stbd","RecoveryTime","20-24",3,1.5,0.1
"SNR","M4-","Stbd","RecoveryTime","24-28",3,1.3,0.1
"SNR","M4-","Stbd","SwivelPower","20-24",3,266.2,30.1
"SNR","M4-","Stbd","SwivelPower","24-28",3,265.7,28.8
"SNR","M4-","Stbd","WorkPcQ1","20-24",3,12.8,2.2
"SNR","M4-","Stbd","WorkPcQ1","24-28",3,13.1,1.9
"SNR","M4-","Stbd","WorkPcQ2","20-24",3,38.4,4
"SNR","M4-","Stbd","WorkPcQ2","24-28",3,39.4,4.1
"SNR","M4-","Stbd","WorkPcQ3","20-24",3,38.4,4.3
"SNR","M4-","Stbd","WorkPcQ3","24-28",3,38.3,4.3
"SNR","M4-","Stbd","WorkPcQ4","20-24",3,10.4,2.1
"SNR","M4-","Stbd","WorkPcQ4","24-28",3,9.2,1.8
"SNR","M8+","Port","Angle07F","28-32",1,-33.3,3.6
"SNR","M8+","Port","Angle07F","32-36",4,-35.3,5.7
"SNR","M8+","Port","Angle07F","36-40",10,-38.8,3.2
"SNR","M8+","Port","Angle07F",">40",1,-37.4,2.6
"SNR","M8+","Port","AngleMaxF","28-32",1,-15.8,3.5
"SNR","M8+","Port","AngleMaxF","32-36",4,-15.3,7.2
"SNR","M8+","Port","AngleMaxF","36-40",10,-17.5,7.8
"SNR","M8+","Port","AngleMaxF",">40",1,-17.5,8.4
"SNR","M8+","Port","CatchAngle","28-32",1,-56.2,2.1
"SNR","M8+","Port","CatchAngle","32-36",4,-54.6,6.1
"SNR","M8+","Port","CatchAngle","36-40",10,-56.4,3.6
"SNR","M8+","Port","CatchAngle",">40",1,-52.7,2.5
"SNR","M8+","Port","CatchSlip","28-32",1,11,3.2
"SNR","M8+","Port","CatchSlip","32-36",4,5.8,3
"SNR","M8+","Port","CatchSlip","36-40",10,8.7,3.3
"SNR","M8+","Port","CatchSlip",">40",1,1.6,2.1
"SNR","M8+","Port","DriveStartT","28-32",1,52.6,1.9
"SNR","M8+","Port","DriveStartT","32-36",4,55.2,10.8
"SNR","M8+","Port","DriveStartT","36-40",10,46.3,3.7
"SNR","M8+","Port","DriveStartT",">40",1,49.6,3.9
"SNR","M8+","Port","DriveTime","28-32",1,0.9,0
"SNR","M8+","Port","DriveTime","32-36",4,0.8,0.1
"SNR","M8+","Port","DriveTime","36-40",10,0.8,0.1
"SNR","M8+","Port","DriveTime",">40",1,0.8,0
"SNR","M8+","Port","EffectiveLength","28-32",1,67.4,2.8
"SNR","M8+","Port","EffectiveLength","32-36",4,68.1,21.1
"SNR","M8+","Port","EffectiveLength","36-40",10,70.2,4.7
"SNR","M8+","Port","EffectiveLength",">40",1,73.9,7.1
"SNR","M8+","Port","FinishAngle","28-32",1,32.6,1.8
"SNR","M8+","Port","FinishAngle","32-36",4,30.4,2.7
"SNR","M8+","Port","FinishAngle","36-40",10,32,2.5
"SNR","M8+","Port","FinishAngle",">40",1,31.1,2.7
"SNR","M8+","Port","FinishSlip","28-32",1,10.4,1.9
"SNR","M8+","Port","FinishSlip","32-36",4,11.1,18.8
"SNR","M8+","Port","FinishSlip","36-40",10,9.5,2.9
"SNR","M8+","Port","FinishSlip",">40",1,8.3,3.7
"SNR","M8+","Port","Length","28-32",1,88.9,2.9
"SNR","M8+","Port","Length","32-36",4,84.9,5.4
"SNR","M8+","Port","Length","36-40",10,88.4,4.5
"SNR","M8+","Port","Length",">40",1,83.8,4
"SNR","M8+","Port","MaxForcePc","28-32",1,45.1,4.6
"SNR","M8+","Port","MaxForcePc","32-36",4,45.2,12
"SNR","M8+","Port","MaxForcePc","36-40",10,43.9,8.9
"SNR","M8+","Port","MaxForcePc",">40",1,41.9,10.5
"SNR","M8+","Port","RecoveryTime","28-32",1,1,0.1
"SNR","M8+","Port","RecoveryTime","32-36",4,1,0.2
"SNR","M8+","Port","RecoveryTime","36-40",10,0.8,0.1
"SNR","M8+","Port","RecoveryTime",">40",1,0.7,0
"SNR","M8+","Port","SwivelPower","28-32",1,304.1,35.1
"SNR","M8+","Port","SwivelPower","32-36",4,308.6,79.9
"SNR","M8+","Port","SwivelPower","36-40",10,399.4,80.9
"SNR","M8+","Port","SwivelPower",">40",1,399.3,59.5
"SNR","M8+","Port","WorkPcQ1","28-32",1,13.3,3.3
"SNR","M8+","Port","WorkPcQ1","32-36",4,15.1,6.9
"SNR","M8+","Port","WorkPcQ1","36-40",10,15.5,3.4
"SNR","M8+","Port","WorkPcQ1",">40",1,17.1,2
"SNR","M8+","Port","WorkPcQ2","28-32",1,41.8,3.9
"SNR","M8+","Port","WorkPcQ2","32-36",4,37.8,3.8
"SNR","M8+","Port","WorkPcQ2","36-40",10,39.8,3
"SNR","M8+","Port","WorkPcQ2",">40",1,40.1,2.3
"SNR","M8+","Port","WorkPcQ3","28-32",1,36,5.5
"SNR","M8+","Port","WorkPcQ3","32-36",4,36.9,5.8
"SNR","M8+","Port","WorkPcQ3","36-40",10,34.9,3.7
"SNR","M8+","Port","WorkPcQ3",">40",1,34.3,3.1
"SNR","M8+","Port","WorkPcQ4","28-32",1,8.9,1.9
"SNR","M8+","Port","WorkPcQ4","32-36",4,10.2,2.5
"SNR","M8+","Port","WorkPcQ4","36-40",10,9.9,2.6
"SNR","M8+","Port","WorkPcQ4",">40",1,8.5,2.3
"SNR","M8+","Stbd","Angle07F","28-32",1,-36,4
"SNR","M8+","Stbd","Angle07F","32-36",4,-35,5
"SNR","M8+","Stbd","Angle07F","36-40",10,-36.8,5.1
"SNR","M8+","Stbd","Angle07F",">40",1,-38,3.6
"SNR","M8+","Stbd","AngleMaxF","28-32",1,-13.6,3.8
"SNR","M8+","Stbd","AngleMaxF","32-36",4,-15.4,7.3
"SNR","M8+","Stbd","AngleMaxF","36-40",10,-17,7.6
"SNR","M8+","Stbd","AngleMaxF",">40",1,-21,10.3
"SNR","M8+","Stbd","CatchAngle","28-32",1,-57.7,3.3
"SNR","M8+","Stbd","CatchAngle","32-36",4,-55.1,5.4
"SNR","M8+","Stbd","CatchAngle","36-40",10,-56.3,3.9
"SNR","M8+","Stbd","CatchAngle",">40",1,-51.5,2.5
"SNR","M8+","Stbd","CatchSlip","28-32",1,10.8,3.7
"SNR","M8+","Stbd","CatchSlip","32-36",4,6.5,3.2
"SNR","M8+","Stbd","CatchSlip","36-40",10,8.3,3.6
"SNR","M8+","Stbd","CatchSlip",">40",1,2.1,3.4
"SNR","M8+","Stbd","DriveStartT","28-32",1,53.3,2
"SNR","M8+","Stbd","DriveStartT","32-36",4,54.8,6.4
"SNR","M8+","Stbd","DriveStartT","36-40",10,46.1,3.6
"SNR","M8+","Stbd","DriveStartT",">40",1,50.5,4.1
"SNR","M8+","Stbd","DriveTime","28-32",1,0.9,0.1
"SNR","M8+","Stbd","DriveTime","32-36",4,0.9,0.1
"SNR","M8+","Stbd","DriveTime","36-40",10,0.8,0.1
"SNR","M8+","Stbd","DriveTime",">40",1,0.7,0
"SNR","M8+","Stbd","EffectiveLength","28-32",1,66.9,2.7
"SNR","M8+","Stbd","EffectiveLength","32-36",4,69,8.9
"SNR","M8+","Stbd","EffectiveLength","36-40",10,69.5,5.6
"SNR","M8+","Stbd","EffectiveLength",">40",1,74.8,4.3
"SNR","M8+","Stbd","FinishAngle","28-32",1,30.5,1.6
"SNR","M8+","Stbd","FinishAngle","32-36",4,29.2,3.9
"SNR","M8+","Stbd","FinishAngle","36-40",10,30,3.1
"SNR","M8+","Stbd","FinishAngle",">40",1,32.1,3.1
"SNR","M8+","Stbd","FinishSlip","28-32",1,10.5,1.7
"SNR","M8+","Stbd","FinishSlip","32-36",4,8.8,2.6
"SNR","M8+","Stbd","FinishSlip","36-40",10,8.6,2.4
"SNR","M8+","Stbd","FinishSlip",">40",1,6.8,2.2
"SNR","M8+","Stbd","Length","28-32",1,88.2,3.2
"SNR","M8+","Stbd","Length","32-36",4,84.3,8.6
"SNR","M8+","Stbd","Length","36-40",10,86.3,5.1
"SNR","M8+","Stbd","Length",">40",1,83.6,3.9
"SNR","M8+","Stbd","MaxForcePc","28-32",1,49.3,4.3
"SNR","M8+","Stbd","MaxForcePc","32-36",4,45.6,11.5
"SNR","M8+","Stbd","MaxForcePc","36-40",10,45.1,8.2
"SNR","M8+","Stbd","MaxForcePc",">40",1,36.5,12
"SNR","M8+","Stbd","RecoveryTime","28-32",1,1,0.1
"SNR","M8+","Stbd","RecoveryTime","32-36",4,1,0.1
"SNR","M8+","Stbd","RecoveryTime","36-40",10,0.8,0.1
"SNR","M8+","Stbd","RecoveryTime",">40",1,0.7,0
"SNR","M8+","Stbd","SwivelPower","28-32",1,298.4,35.6
"SNR","M8+","Stbd","SwivelPower","32-36",4,305.1,80.1
"SNR","M8+","Stbd","SwivelPower","36-40",10,404,76.1
"SNR","M8+","Stbd","SwivelPower",">40",1,396.6,60.9
"SNR","M8+","Stbd","WorkPcQ1","28-32",1,13.4,2.8
"SNR","M8+","Stbd","WorkPcQ1","32-36",4,15,8.6
"SNR","M8+","Stbd","WorkPcQ1","36-40",10,14.5,3.1
"SNR","M8+","Stbd","WorkPcQ1",">40",1,18.5,3.7
"SNR","M8+","Stbd","WorkPcQ2","28-32",1,37.7,2
"SNR","M8+","Stbd","WorkPcQ2","32-36",4,38.5,2.7
"SNR","M8+","Stbd","WorkPcQ2","36-40",10,38.8,3
"SNR","M8+","Stbd","WorkPcQ2",">40",1,38.3,2.3
"SNR","M8+","Stbd","WorkPcQ3","28-32",1,39.2,2.7
"SNR","M8+","Stbd","WorkPcQ3","32-36",4,36.1,6.7
"SNR","M8+","Stbd","WorkPcQ3","36-40",10,36,3.5
"SNR","M8+","Stbd","WorkPcQ3",">40",1,32.6,3.5
"SNR","M8+","Stbd","WorkPcQ4","28-32",1,9.7,1.8
"SNR","M8+","Stbd","WorkPcQ4","32-36",4,10.4,3.4
"SNR","M8+","Stbd","WorkPcQ4","36-40",10,10.7,2.7
"SNR","M8+","Stbd","WorkPcQ4",">40",1,10.6,2.7
"SNR","W1X","Port","Angle07F","<20",11,-49.6,2.8
"SNR","W1X","Port","Angle07F","20",55,-49.5,3.3
"SNR","W1X","Port","Angle07F","20-24",29,-50.2,6.3
"SNR","W1X","Port","Angle07F","24-28",29,-46,16.2
"SNR","W1X","Port","Angle07F","28-32",41,-49.8,4.9
"SNR","W1X","Port","Angle07F","32-36",31,-50.3,5
"SNR","W1X","Port","Angle07F","36-40",16,-50,9.9
"SNR","W1X","Port","Angle07F",">40",9,-44.3,11.6
"SNR","W1X","Port","Angle07F",NA,1,-53.1,3.2
"SNR","W1X","Port","AngleMaxF","<20",11,-21.4,3.5
"SNR","W1X","Port","AngleMaxF","20",55,-23.9,4.5
"SNR","W1X","Port","AngleMaxF","20-24",29,-24.5,6.7
"SNR","W1X","Port","AngleMaxF","24-28",29,-21.4,16.8
"SNR","W1X","Port","AngleMaxF","28-32",41,-27.2,6.8
"SNR","W1X","Port","AngleMaxF","32-36",31,-30.4,5
"SNR","W1X","Port","AngleMaxF","36-40",16,-28.9,11.4
"SNR","W1X","Port","AngleMaxF",">40",9,-21.8,15.1
"SNR","W1X","Port","AngleMaxF",NA,1,-32.5,1.7
"SNR","W1X","Port","CatchAngle","<20",11,-66.7,1.6
"SNR","W1X","Port","CatchAngle","20",55,-67.5,2.6
"SNR","W1X","Port","CatchAngle","20-24",29,-68.2,5.1
"SNR","W1X","Port","CatchAngle","24-28",29,-65.4,6.5
"SNR","W1X","Port","CatchAngle","28-32",41,-63.7,3.5
"SNR","W1X","Port","CatchAngle","32-36",31,-63.6,3.4
"SNR","W1X","Port","CatchAngle","36-40",16,-62.5,9.6
"SNR","W1X","Port","CatchAngle",">40",9,-53.2,13.8
"SNR","W1X","Port","CatchAngle",NA,1,-65.3,1.4
"SNR","W1X","Port","CatchSlip","<20",11,10.2,1.9
"SNR","W1X","Port","CatchSlip","20",55,9.8,2.2
"SNR","W1X","Port","CatchSlip","20-24",29,9.9,5.5
"SNR","W1X","Port","CatchSlip","24-28",29,13.2,19.6
"SNR","W1X","Port","CatchSlip","28-32",41,8.5,2
"SNR","W1X","Port","CatchSlip","32-36",31,7.6,2
"SNR","W1X","Port","CatchSlip","36-40",16,6.6,1.7
"SNR","W1X","Port","CatchSlip",">40",9,4.8,1.9
"SNR","W1X","Port","CatchSlip",NA,1,6.7,0.9
"SNR","W1X","Port","DriveStartT","<20",11,65.6,2
"SNR","W1X","Port","DriveStartT","20",55,65.3,2.3
"SNR","W1X","Port","DriveStartT","20-24",29,64.1,2.2
"SNR","W1X","Port","DriveStartT","24-28",29,60.8,3.4
"SNR","W1X","Port","DriveStartT","28-32",41,57.8,3.8
"SNR","W1X","Port","DriveStartT","32-36",31,53.6,3
"SNR","W1X","Port","DriveStartT","36-40",16,50.9,4
"SNR","W1X","Port","DriveStartT",">40",9,48.4,5.8
"SNR","W1X","Port","DriveStartT",NA,1,50.1,1.8
"SNR","W1X","Port","DriveTime","<20",11,1.3,0.1
"SNR","W1X","Port","DriveTime","20",55,1.2,0
"SNR","W1X","Port","DriveTime","20-24",29,1.2,0.1
"SNR","W1X","Port","DriveTime","24-28",29,1.1,0.1
"SNR","W1X","Port","DriveTime","28-32",41,1,0.1
"SNR","W1X","Port","DriveTime","32-36",31,1,0.1
"SNR","W1X","Port","DriveTime","36-40",16,0.9,0
"SNR","W1X","Port","DriveTime",">40",9,0.9,0
"SNR","W1X","Port","DriveTime",NA,1,0.9,0
"SNR","W1X","Port","EffectiveLength","<20",11,88.6,4.7
"SNR","W1X","Port","EffectiveLength","20",55,90.1,4.1
"SNR","W1X","Port","EffectiveLength","20-24",29,89.6,5.9
"SNR","W1X","Port","EffectiveLength","24-28",29,80.5,19
"SNR","W1X","Port","EffectiveLength","28-32",41,81.8,6.1
"SNR","W1X","Port","EffectiveLength","32-36",31,81.4,5.4
"SNR","W1X","Port","EffectiveLength","36-40",16,78.1,4.6
"SNR","W1X","Port","EffectiveLength",">40",9,79.8,6.1
"SNR","W1X","Port","EffectiveLength",NA,1,73.9,4
"SNR","W1X","Port","FinishAngle","<20",11,45.5,1.8
"SNR","W1X","Port","FinishAngle","20",55,44.9,2
"SNR","W1X","Port","FinishAngle","20-24",29,43.9,4.4
"SNR","W1X","Port","FinishAngle","24-28",29,42.5,4.7
"SNR","W1X","Port","FinishAngle","28-32",41,40.7,3
"SNR","W1X","Port","FinishAngle","32-36",31,39.7,2.4
"SNR","W1X","Port","FinishAngle","36-40",16,39.4,8.8
"SNR","W1X","Port","FinishAngle",">40",9,42.7,10.2
"SNR","W1X","Port","FinishAngle",NA,1,36.2,1.7
"SNR","W1X","Port","FinishSlip","<20",11,13.3,2.5
"SNR","W1X","Port","FinishSlip","20",55,12.5,2
"SNR","W1X","Port","FinishSlip","20-24",29,12.5,2.2
"SNR","W1X","Port","FinishSlip","24-28",29,14.2,2.5
"SNR","W1X","Port","FinishSlip","28-32",41,14,2.6
"SNR","W1X","Port","FinishSlip","32-36",31,14.3,3.9
"SNR","W1X","Port","FinishSlip","36-40",16,15.7,5.4
"SNR","W1X","Port","FinishSlip",">40",9,9.5,4
"SNR","W1X","Port","FinishSlip",NA,1,20.9,2.8
"SNR","W1X","Port","Length","<20",11,112.1,2.6
"SNR","W1X","Port","Length","20",55,112.4,3.4
"SNR","W1X","Port","Length","20-24",29,112.1,2.7
"SNR","W1X","Port","Length","24-28",29,107.9,5.9
"SNR","W1X","Port","Length","28-32",41,104.3,5.8
"SNR","W1X","Port","Length","32-36",31,103.3,4.6
"SNR","W1X","Port","Length","36-40",16,101.1,4.6
"SNR","W1X","Port","Length",">40",9,95,9
"SNR","W1X","Port","Length",NA,1,101.5,2.3
"SNR","W1X","Port","MaxForcePc","<20",11,40.1,3
"SNR","W1X","Port","MaxForcePc","20",55,38.6,4.1
"SNR","W1X","Port","MaxForcePc","20-24",29,38.6,5
"SNR","W1X","Port","MaxForcePc","24-28",29,38.7,10.2
"SNR","W1X","Port","MaxForcePc","28-32",41,34.9,6
"SNR","W1X","Port","MaxForcePc","32-36",31,32.3,3.9
"SNR","W1X","Port","MaxForcePc","36-40",16,32.8,4.5
"SNR","W1X","Port","MaxForcePc",">40",9,33.3,9.5
"SNR","W1X","Port","MaxForcePc",NA,1,32.3,1.6
"SNR","W1X","Port","RecoveryTime","<20",11,2,0.2
"SNR","W1X","Port","RecoveryTime","20",55,1.7,0.1
"SNR","W1X","Port","RecoveryTime","20-24",29,1.5,0.2
"SNR","W1X","Port","RecoveryTime","24-28",29,1.2,0.1
"SNR","W1X","Port","RecoveryTime","28-32",41,1,0.1
"SNR","W1X","Port","RecoveryTime","32-36",31,0.8,0.1
"SNR","W1X","Port","RecoveryTime","36-40",16,0.6,0
"SNR","W1X","Port","RecoveryTime",">40",9,0.6,0.1
"SNR","W1X","Port","RecoveryTime",NA,1,0.6,0
"SNR","W1X","Port","SwivelPower","<20",11,74.3,7.3
"SNR","W1X","Port","SwivelPower","20",55,83.1,7.2
"SNR","W1X","Port","SwivelPower","20-24",29,90.8,11.2
"SNR","W1X","Port","SwivelPower","24-28",29,98.1,12.7
"SNR","W1X","Port","SwivelPower","28-32",41,113.8,18
"SNR","W1X","Port","SwivelPower","32-36",31,126.6,19.2
"SNR","W1X","Port","SwivelPower","36-40",16,143.8,24.5
"SNR","W1X","Port","SwivelPower",">40",9,183.7,29.9
"SNR","W1X","Port","SwivelPower",NA,1,129.8,8.1
"SNR","W1X","Port","WorkPcQ1","<20",11,17.8,0.9
"SNR","W1X","Port","WorkPcQ1","20",55,18,1.6
"SNR","W1X","Port","WorkPcQ1","20-24",29,17.8,2.7
"SNR","W1X","Port","WorkPcQ1","24-28",29,18.6,3.6
"SNR","W1X","Port","WorkPcQ1","28-32",41,19.3,2.1
"SNR","W1X","Port","WorkPcQ1","32-36",31,21.1,1.8
"SNR","W1X","Port","WorkPcQ1","36-40",16,21.8,2.2
"SNR","W1X","Port","WorkPcQ1",">40",9,23.1,3
"SNR","W1X","Port","WorkPcQ1",NA,1,22.4,1.4
"SNR","W1X","Port","WorkPcQ2","<20",11,41.7,1.9
"SNR","W1X","Port","WorkPcQ2","20",55,42.7,1.3
"SNR","W1X","Port","WorkPcQ2","20-24",29,41.8,2.1
"SNR","W1X","Port","WorkPcQ2","24-28",29,40.1,5.9
"SNR","W1X","Port","WorkPcQ2","28-32",41,40.4,2.4
"SNR","W1X","Port","WorkPcQ2","32-36",31,43,2.3
"SNR","W1X","Port","WorkPcQ2","36-40",16,43.4,3.4
"SNR","W1X","Port","WorkPcQ2",">40",9,39.2,2.7
"SNR","W1X","Port","WorkPcQ2",NA,1,46.2,1.1
"SNR","W1X","Port","WorkPcQ3","<20",11,30.8,2.6
"SNR","W1X","Port","WorkPcQ3","20",55,29,1.9
"SNR","W1X","Port","WorkPcQ3","20-24",29,29.6,2.9
"SNR","W1X","Port","WorkPcQ3","24-28",29,31.2,5.9
"SNR","W1X","Port","WorkPcQ3","28-32",41,31,3.8
"SNR","W1X","Port","WorkPcQ3","32-36",31,26.9,2.9
"SNR","W1X","Port","WorkPcQ3","36-40",16,27.2,2
"SNR","W1X","Port","WorkPcQ3",">40",9,28.2,2.3
"SNR","W1X","Port","WorkPcQ3",NA,1,25.6,1.3
"SNR","W1X","Port","WorkPcQ4","<20",11,9.8,1.1
"SNR","W1X","Port","WorkPcQ4","20",55,10.3,1.1
"SNR","W1X","Port","WorkPcQ4","20-24",29,10.7,2.1
"SNR","W1X","Port","WorkPcQ4","24-28",29,10.1,4
"SNR","W1X","Port","WorkPcQ4","28-32",41,9.2,1.4
"SNR","W1X","Port","WorkPcQ4","32-36",31,9,1.8
"SNR","W1X","Port","WorkPcQ4","36-40",16,7.6,1.8
"SNR","W1X","Port","WorkPcQ4",">40",9,9.4,1.6
"SNR","W1X","Port","WorkPcQ4",NA,1,5.8,0.8
"SNR","W1X","Stbd","Angle07F","<20",11,-46.1,3.6
"SNR","W1X","Stbd","Angle07F","20",54,-45.1,3.8
"SNR","W1X","Stbd","Angle07F","20-24",27,-46.6,4.5
"SNR","W1X","Stbd","Angle07F","24-28",29,-48.2,4.8
"SNR","W1X","Stbd","Angle07F","28-32",41,-50.1,4.7
"SNR","W1X","Stbd","Angle07F","32-36",31,-49.6,4.6
"SNR","W1X","Stbd","Angle07F","36-40",16,-53.1,6.2
"SNR","W1X","Stbd","Angle07F",">40",9,-48,9.6
"SNR","W1X","Stbd","Angle07F",NA,1,-51.7,3.6
"SNR","W1X","Stbd","AngleMaxF","<20",11,-19.3,3
"SNR","W1X","Stbd","AngleMaxF","20",54,-21.2,5
"SNR","W1X","Stbd","AngleMaxF","20-24",27,-21.6,5.3
"SNR","W1X","Stbd","AngleMaxF","24-28",29,-22.4,4.9
"SNR","W1X","Stbd","AngleMaxF","28-32",41,-23.1,8
"SNR","W1X","Stbd","AngleMaxF","32-36",31,-29.4,5.5
"SNR","W1X","Stbd","AngleMaxF","36-40",16,-29,5.8
"SNR","W1X","Stbd","AngleMaxF",">40",9,-18.6,12.7
"SNR","W1X","Stbd","AngleMaxF",NA,1,-29.7,2
"SNR","W1X","Stbd","CatchAngle","<20",11,-67.1,1.8
"SNR","W1X","Stbd","CatchAngle","20",54,-67.8,2.4
"SNR","W1X","Stbd","CatchAngle","20-24",27,-67.9,2.2
"SNR","W1X","Stbd","CatchAngle","24-28",29,-66.5,3.6
"SNR","W1X","Stbd","CatchAngle","28-32",41,-65.5,2.9
"SNR","W1X","Stbd","CatchAngle","32-36",31,-64.5,3.4
"SNR","W1X","Stbd","CatchAngle","36-40",16,-65.2,7
"SNR","W1X","Stbd","CatchAngle",">40",9,-58.4,11.1
"SNR","W1X","Stbd","CatchAngle",NA,1,-65.1,1.4
"SNR","W1X","Stbd","CatchSlip","<20",11,12,2.4
"SNR","W1X","Stbd","CatchSlip","20",54,12.2,2.7
"SNR","W1X","Stbd","CatchSlip","20-24",27,11.4,2.9
"SNR","W1X","Stbd","CatchSlip","24-28",29,10.3,2.5
"SNR","W1X","Stbd","CatchSlip","28-32",41,9.1,2.2
"SNR","W1X","Stbd","CatchSlip","32-36",31,7.7,2
"SNR","W1X","Stbd","CatchSlip","36-40",16,5.6,2.1
"SNR","W1X","Stbd","CatchSlip",">40",9,4.9,1.3
"SNR","W1X","Stbd","CatchSlip",NA,1,5.8,0.8
"SNR","W1X","Stbd","DriveStartT","<20",11,64.8,2
"SNR","W1X","Stbd","DriveStartT","20",54,64.3,2.6
"SNR","W1X","Stbd","DriveStartT","20-24",27,63.3,2.5
"SNR","W1X","Stbd","DriveStartT","24-28",29,60.3,3.6
"SNR","W1X","Stbd","DriveStartT","28-32",41,57,3.6
"SNR","W1X","Stbd","DriveStartT","32-36",31,53.2,3
"SNR","W1X","Stbd","DriveStartT","36-40",16,50.8,4.1
"SNR","W1X","Stbd","DriveStartT",">40",9,48.6,5.7
"SNR","W1X","Stbd","DriveStartT",NA,1,49.7,1.8
"SNR","W1X","Stbd","DriveTime","<20",11,1.2,0
"SNR","W1X","Stbd","DriveTime","20",54,1.2,0
"SNR","W1X","Stbd","DriveTime","20-24",27,1.2,0
"SNR","W1X","Stbd","DriveTime","24-28",29,1.1,0
"SNR","W1X","Stbd","DriveTime","28-32",41,1.1,0.1
"SNR","W1X","Stbd","DriveTime","32-36",31,1,0.1
"SNR","W1X","Stbd","DriveTime","36-40",16,0.9,0
"SNR","W1X","Stbd","DriveTime",">40",9,0.9,0
"SNR","W1X","Stbd","DriveTime",NA,1,0.9,0
"SNR","W1X","Stbd","EffectiveLength","<20",11,88.5,4.9
"SNR","W1X","Stbd","EffectiveLength","20",54,89.9,5.3
"SNR","W1X","Stbd","EffectiveLength","20-24",27,89.4,4.8
"SNR","W1X","Stbd","EffectiveLength","24-28",29,85.4,6.9
"SNR","W1X","Stbd","EffectiveLength","28-32",41,83.5,5.6
"SNR","W1X","Stbd","EffectiveLength","32-36",31,83.5,5.8
"SNR","W1X","Stbd","EffectiveLength","36-40",16,84.1,5.4
"SNR","W1X","Stbd","EffectiveLength",">40",9,84.5,5.3
"SNR","W1X","Stbd","EffectiveLength",NA,1,81.9,3.6
"SNR","W1X","Stbd","FinishAngle","<20",11,44.3,2.3
"SNR","W1X","Stbd","FinishAngle","20",54,45.4,2.3
"SNR","W1X","Stbd","FinishAngle","20-24",27,44.6,2.3
"SNR","W1X","Stbd","FinishAngle","24-28",29,42.7,2.4
"SNR","W1X","Stbd","FinishAngle","28-32",41,40.6,3.1
"SNR","W1X","Stbd","FinishAngle","32-36",31,39.8,3.1
"SNR","W1X","Stbd","FinishAngle","36-40",16,36.9,6.2
"SNR","W1X","Stbd","FinishAngle",">40",9,39.7,9.8
"SNR","W1X","Stbd","FinishAngle",NA,1,37,1.3
"SNR","W1X","Stbd","FinishSlip","<20",11,11,2.6
"SNR","W1X","Stbd","FinishSlip","20",54,11.2,3.3
"SNR","W1X","Stbd","FinishSlip","20-24",27,11.7,3
"SNR","W1X","Stbd","FinishSlip","24-28",29,13.4,3.1
"SNR","W1X","Stbd","FinishSlip","28-32",41,13.5,2.5
"SNR","W1X","Stbd","FinishSlip","32-36",31,13.1,2.9
"SNR","W1X","Stbd","FinishSlip","36-40",16,12.4,3.3
"SNR","W1X","Stbd","FinishSlip",">40",9,8.7,3
"SNR","W1X","Stbd","FinishSlip",NA,1,14.4,1.9
"SNR","W1X","Stbd","Length","<20",11,111.4,3.2
"SNR","W1X","Stbd","Length","20",54,113.2,2.9
"SNR","W1X","Stbd","Length","20-24",27,112.5,2.3
"SNR","W1X","Stbd","Length","24-28",29,109.2,4.6
"SNR","W1X","Stbd","Length","28-32",41,106.1,4.7
"SNR","W1X","Stbd","Length","32-36",31,104.4,4.5
"SNR","W1X","Stbd","Length","36-40",16,102.1,5.4
"SNR","W1X","Stbd","Length",">40",9,98,7.2
"SNR","W1X","Stbd","Length",NA,1,102.1,2.2
"SNR","W1X","Stbd","MaxForcePc","<20",11,42.5,2.6
"SNR","W1X","Stbd","MaxForcePc","20",54,40.9,4.4
"SNR","W1X","Stbd","MaxForcePc","20-24",27,40.9,5
"SNR","W1X","Stbd","MaxForcePc","24-28",29,40.2,5.2
"SNR","W1X","Stbd","MaxForcePc","28-32",41,40,7.6
"SNR","W1X","Stbd","MaxForcePc","32-36",31,33.7,4.7
"SNR","W1X","Stbd","MaxForcePc","36-40",16,35.7,5.3
"SNR","W1X","Stbd","MaxForcePc",">40",9,40.7,10.7
"SNR","W1X","Stbd","MaxForcePc",NA,1,34.6,1.8
"SNR","W1X","Stbd","RecoveryTime","<20",11,2,0.2
"SNR","W1X","Stbd","RecoveryTime","20",54,1.7,0.1
"SNR","W1X","Stbd","RecoveryTime","20-24",27,1.5,0.2
"SNR","W1X","Stbd","RecoveryTime","24-28",29,1.2,0.1
"SNR","W1X","Stbd","RecoveryTime","28-32",41,1,0.1
"SNR","W1X","Stbd","RecoveryTime","32-36",31,0.8,0.1
"SNR","W1X","Stbd","RecoveryTime","36-40",16,0.6,0
"SNR","W1X","Stbd","RecoveryTime",">40",9,0.6,0.1
"SNR","W1X","Stbd","RecoveryTime",NA,1,0.6,0
"SNR","W1X","Stbd","SwivelPower","<20",11,76.3,7.7
"SNR","W1X","Stbd","SwivelPower","20",54,85.8,8
"SNR","W1X","Stbd","SwivelPower","20-24",27,93.9,10.8
"SNR","W1X","Stbd","SwivelPower","24-28",29,103,11.5
"SNR","W1X","Stbd","SwivelPower","28-32",41,117.4,16.1
"SNR","W1X","Stbd","SwivelPower","32-36",31,132.2,19.5
"SNR","W1X","Stbd","SwivelPower","36-40",16,156.2,24.9
"SNR","W1X","Stbd","SwivelPower",">40",9,194,28.3
"SNR","W1X","Stbd","SwivelPower",NA,1,142.9,9.9
"SNR","W1X","Stbd","WorkPcQ1","<20",11,15.5,1.3
"SNR","W1X","Stbd","WorkPcQ1","20",54,15.4,1.7
"SNR","W1X","Stbd","WorkPcQ1","20-24",27,15.8,1.8
"SNR","W1X","Stbd","WorkPcQ1","24-28",29,17,1.8
"SNR","W1X","Stbd","WorkPcQ1","28-32",41,17.6,1.7
"SNR","W1X","Stbd","WorkPcQ1","32-36",31,19.3,1.9
"SNR","W1X","Stbd","WorkPcQ1","36-40",16,19.4,2.6
"SNR","W1X","Stbd","WorkPcQ1",">40",9,20.1,3.9
"SNR","W1X","Stbd","WorkPcQ1",NA,1,20.1,1.1
"SNR","W1X","Stbd","WorkPcQ2","<20",11,40.2,1.2
"SNR","W1X","Stbd","WorkPcQ2","20",54,40.6,1.9
"SNR","W1X","Stbd","WorkPcQ2","20-24",27,40.3,1.7
"SNR","W1X","Stbd","WorkPcQ2","24-28",29,40.7,1.9
"SNR","W1X","Stbd","WorkPcQ2","28-32",41,39.5,2.5
"SNR","W1X","Stbd","WorkPcQ2","32-36",31,41.1,1.8
"SNR","W1X","Stbd","WorkPcQ2","36-40",16,40.4,2.9
"SNR","W1X","Stbd","WorkPcQ2",">40",9,37.1,2.9
"SNR","W1X","Stbd","WorkPcQ2",NA,1,42.3,1
"SNR","W1X","Stbd","WorkPcQ3","<20",11,33.3,1.3
"SNR","W1X","Stbd","WorkPcQ3","20",54,32.5,1.7
"SNR","W1X","Stbd","WorkPcQ3","20-24",27,32.6,1.9
"SNR","W1X","Stbd","WorkPcQ3","24-28",29,32.3,2.2
"SNR","W1X","Stbd","WorkPcQ3","28-32",41,33.1,2.9
"SNR","W1X","Stbd","WorkPcQ3","32-36",31,29.5,2.3
"SNR","W1X","Stbd","WorkPcQ3","36-40",16,30.1,2.5
"SNR","W1X","Stbd","WorkPcQ3",">40",9,32.2,3.2
"SNR","W1X","Stbd","WorkPcQ3",NA,1,28.4,1.1
"SNR","W1X","Stbd","WorkPcQ4","<20",11,11,1.4
"SNR","W1X","Stbd","WorkPcQ4","20",54,11.5,2
"SNR","W1X","Stbd","WorkPcQ4","20-24",27,11.3,2
"SNR","W1X","Stbd","WorkPcQ4","24-28",29,10.1,2
"SNR","W1X","Stbd","WorkPcQ4","28-32",41,9.9,1.5
"SNR","W1X","Stbd","WorkPcQ4","32-36",31,10.1,1.6
"SNR","W1X","Stbd","WorkPcQ4","36-40",16,10.1,2.7
"SNR","W1X","Stbd","WorkPcQ4",">40",9,10.7,3.3
"SNR","W1X","Stbd","WorkPcQ4",NA,1,9.1,1
"SNR","W2-","Port","Angle07F","<20",54,-36.6,4.7
"SNR","W2-","Port","Angle07F","20",123,-36.6,4.4
"SNR","W2-","Port","Angle07F","20-24",54,-37.2,4.2
"SNR","W2-","Port","Angle07F","24-28",37,-38,4.5
"SNR","W2-","Port","Angle07F","28-32",36,-36.6,3.7
"SNR","W2-","Port","Angle07F","32-36",35,-36.5,3.3
"SNR","W2-","Port","Angle07F","36-40",46,-37.1,3.2
"SNR","W2-","Port","Angle07F",">40",3,-35.2,2.3
"SNR","W2-","Port","AngleMaxF","<20",54,-16.6,5.7
"SNR","W2-","Port","AngleMaxF","20",123,-15.6,5.5
"SNR","W2-","Port","AngleMaxF","20-24",54,-17,5.2
"SNR","W2-","Port","AngleMaxF","24-28",37,-18.1,5.1
"SNR","W2-","Port","AngleMaxF","28-32",36,-16.9,3.9
"SNR","W2-","Port","AngleMaxF","32-36",35,-17,4.9
"SNR","W2-","Port","AngleMaxF","36-40",46,-17,4.8
"SNR","W2-","Port","AngleMaxF",">40",3,-14.4,4.1
"SNR","W2-","Port","CatchAngle","<20",54,-54.6,1.8
"SNR","W2-","Port","CatchAngle","20",123,-55,2.2
"SNR","W2-","Port","CatchAngle","20-24",54,-54.6,2.3
"SNR","W2-","Port","CatchAngle","24-28",37,-54.4,2.6
"SNR","W2-","Port","CatchAngle","28-32",36,-53.2,2.5
"SNR","W2-","Port","CatchAngle","32-36",35,-50.9,2.9
"SNR","W2-","Port","CatchAngle","36-40",46,-50.6,2.7
"SNR","W2-","Port","CatchAngle",">40",3,-49.1,2
"SNR","W2-","Port","CatchSlip","<20",54,9.6,2.3
"SNR","W2-","Port","CatchSlip","20",123,9.2,2
"SNR","W2-","Port","CatchSlip","20-24",54,8.8,2.1
"SNR","W2-","Port","CatchSlip","24-28",37,8.6,2.5
"SNR","W2-","Port","CatchSlip","28-32",36,8.6,2.2
"SNR","W2-","Port","CatchSlip","32-36",35,7.4,2.1
"SNR","W2-","Port","CatchSlip","36-40",46,6.6,2
"SNR","W2-","Port","CatchSlip",">40",3,5.9,1.5
"SNR","W2-","Port","DriveStartT","<20",54,63.3,2.3
"SNR","W2-","Port","DriveStartT","20",123,62.4,2
"SNR","W2-","Port","DriveStartT","20-24",54,61.4,1.8
"SNR","W2-","Port","DriveStartT","24-28",37,60.2,2.1
"SNR","W2-","Port","DriveStartT","28-32",36,56.6,2.9
"SNR","W2-","Port","DriveStartT","32-36",35,51.5,2.9
"SNR","W2-","Port","DriveStartT","36-40",46,49.7,3
"SNR","W2-","Port","DriveStartT",">40",3,46.3,2.5
"SNR","W2-","Port","DriveTime","<20",54,1.1,0.1
"SNR","W2-","Port","DriveTime","20",123,1.1,0.1
"SNR","W2-","Port","DriveTime","20-24",54,1,0.1
"SNR","W2-","Port","DriveTime","24-28",37,1,0.1
"SNR","W2-","Port","DriveTime","28-32",36,1,0.1
"SNR","W2-","Port","DriveTime","32-36",35,0.9,0.1
"SNR","W2-","Port","DriveTime","36-40",46,0.8,0.1
"SNR","W2-","Port","DriveTime",">40",3,0.8,0
"SNR","W2-","Port","EffectiveLength","<20",54,69.7,4.2
"SNR","W2-","Port","EffectiveLength","20",123,70.8,3.1
"SNR","W2-","Port","EffectiveLength","20-24",54,70.4,3.1
"SNR","W2-","Port","EffectiveLength","24-28",37,70.8,3.2
"SNR","W2-","Port","EffectiveLength","28-32",36,67.8,3.6
"SNR","W2-","Port","EffectiveLength","32-36",35,65.9,3.4
"SNR","W2-","Port","EffectiveLength","36-40",46,66.4,3.3
"SNR","W2-","Port","EffectiveLength",">40",3,65.2,3
"SNR","W2-","Port","FinishAngle","<20",54,32.6,2.1
"SNR","W2-","Port","FinishAngle","20",123,32.6,2
"SNR","W2-","Port","FinishAngle","20-24",54,32.3,2.1
"SNR","W2-","Port","FinishAngle","24-28",37,32.6,2.1
"SNR","W2-","Port","FinishAngle","28-32",36,32.5,2.3
"SNR","W2-","Port","FinishAngle","32-36",35,31.6,2.4
"SNR","W2-","Port","FinishAngle","36-40",46,31.5,2.5
"SNR","W2-","Port","FinishAngle",">40",3,30.2,3.2
"SNR","W2-","Port","FinishSlip","<20",54,7.8,2.5
"SNR","W2-","Port","FinishSlip","20",123,7.7,2.3
"SNR","W2-","Port","FinishSlip","20-24",54,7.6,2.1
"SNR","W2-","Port","FinishSlip","24-28",37,7.7,2.1
"SNR","W2-","Port","FinishSlip","28-32",36,9.3,1.9
"SNR","W2-","Port","FinishSlip","32-36",35,9.2,2.2
"SNR","W2-","Port","FinishSlip","36-40",46,9,2.2
"SNR","W2-","Port","FinishSlip",">40",3,8.2,2.3
"SNR","W2-","Port","Length","<20",54,87.2,2.7
"SNR","W2-","Port","Length","20",123,87.7,2.7
"SNR","W2-","Port","Length","20-24",54,86.9,2.7
"SNR","W2-","Port","Length","24-28",37,87,3
"SNR","W2-","Port","Length","28-32",36,85.8,3.4
"SNR","W2-","Port","Length","32-36",35,82.5,3.7
"SNR","W2-","Port","Length","36-40",46,82,3.4
"SNR","W2-","Port","Length",">40",3,79.3,3.3
"SNR","W2-","Port","MaxForcePc","<20",54,42.9,7.1
"SNR","W2-","Port","MaxForcePc","20",123,44.2,6.8
"SNR","W2-","Port","MaxForcePc","20-24",54,42.5,6.7
"SNR","W2-","Port","MaxForcePc","24-28",37,41,6.4
"SNR","W2-","Port","MaxForcePc","28-32",36,41.9,4.7
"SNR","W2-","Port","MaxForcePc","32-36",35,40.7,6.2
"SNR","W2-","Port","MaxForcePc","36-40",46,40.6,6
"SNR","W2-","Port","MaxForcePc",">40",3,43.2,5.6
"SNR","W2-","Port","RecoveryTime","<20",54,2.1,0.2
"SNR","W2-","Port","RecoveryTime","20",123,1.9,0.1
"SNR","W2-","Port","RecoveryTime","20-24",54,1.6,0.2
"SNR","W2-","Port","RecoveryTime","24-28",37,1.3,0.1
"SNR","W2-","Port","RecoveryTime","28-32",36,1.1,0.1
"SNR","W2-","Port","RecoveryTime","32-36",35,0.8,0.1
"SNR","W2-","Port","RecoveryTime","36-40",46,0.8,0.1
"SNR","W2-","Port","RecoveryTime",">40",3,0.7,0.1
"SNR","W2-","Port","SwivelPower","<20",54,161.2,23
"SNR","W2-","Port","SwivelPower","20",123,186.2,23.3
"SNR","W2-","Port","SwivelPower","20-24",54,194.8,25.2
"SNR","W2-","Port","SwivelPower","24-28",37,215.1,24.3
"SNR","W2-","Port","SwivelPower","28-32",36,243.6,32.1
"SNR","W2-","Port","SwivelPower","32-36",35,282.5,43.4
"SNR","W2-","Port","SwivelPower","36-40",46,300.7,48.5
"SNR","W2-","Port","SwivelPower",">40",3,362.9,32.3
"SNR","W2-","Port","WorkPcQ1","<20",54,15.5,3
"SNR","W2-","Port","WorkPcQ1","20",123,15.5,2.8
"SNR","W2-","Port","WorkPcQ1","20-24",54,16.5,3
"SNR","W2-","Port","WorkPcQ1","24-28",37,17.3,3.5
"SNR","W2-","Port","WorkPcQ1","28-32",36,17.1,2.3
"SNR","W2-","Port","WorkPcQ1","32-36",35,18.8,2.7
"SNR","W2-","Port","WorkPcQ1","36-40",46,19.8,2.4
"SNR","W2-","Port","WorkPcQ1",">40",3,19,2.4
"SNR","W2-","Port","WorkPcQ2","<20",54,38.4,2.1
"SNR","W2-","Port","WorkPcQ2","20",123,38.2,2.1
"SNR","W2-","Port","WorkPcQ2","20-24",54,38.6,1.9
"SNR","W2-","Port","WorkPcQ2","24-28",37,39.1,1.7
"SNR","W2-","Port","WorkPcQ2","28-32",36,40,2.2
"SNR","W2-","Port","WorkPcQ2","32-36",35,40,2.5
"SNR","W2-","Port","WorkPcQ2","36-40",46,40.1,1.9
"SNR","W2-","Port","WorkPcQ2",">40",3,39.6,2.7
"SNR","W2-","Port","WorkPcQ3","<20",54,34.6,4
"SNR","W2-","Port","WorkPcQ3","20",123,35.1,3.5
"SNR","W2-","Port","WorkPcQ3","20-24",54,33.4,4
"SNR","W2-","Port","WorkPcQ3","24-28",37,31.8,4
"SNR","W2-","Port","WorkPcQ3","28-32",36,32.8,2.1
"SNR","W2-","Port","WorkPcQ3","32-36",35,31.3,2.7
"SNR","W2-","Port","WorkPcQ3","36-40",46,30.4,2.6
"SNR","W2-","Port","WorkPcQ3",">40",3,31.8,2.8
"SNR","W2-","Port","WorkPcQ4","<20",54,11.5,2.4
"SNR","W2-","Port","WorkPcQ4","20",123,11.3,2.1
"SNR","W2-","Port","WorkPcQ4","20-24",54,11.5,1.9
"SNR","W2-","Port","WorkPcQ4","24-28",37,11.7,1.9
"SNR","W2-","Port","WorkPcQ4","28-32",36,10.1,2.1
"SNR","W2-","Port","WorkPcQ4","32-36",35,9.9,2.1
"SNR","W2-","Port","WorkPcQ4","36-40",46,9.7,1.6
"SNR","W2-","Port","WorkPcQ4",">40",3,9.6,2.1
"SNR","W2-","Stbd","Angle07F","<20",54,-37.3,4.3
"SNR","W2-","Stbd","Angle07F","20",131,-37,4.6
"SNR","W2-","Stbd","Angle07F","20-24",54,-37.4,4.2
"SNR","W2-","Stbd","Angle07F","24-28",37,-36.1,4.2
"SNR","W2-","Stbd","Angle07F","28-32",36,-35.7,4.7
"SNR","W2-","Stbd","Angle07F","32-36",35,-35.8,5.8
"SNR","W2-","Stbd","Angle07F","36-40",46,-36.1,4.1
"SNR","W2-","Stbd","Angle07F",">40",3,-33.3,3.4
"SNR","W2-","Stbd","AngleMaxF","<20",54,-16.6,4.3
"SNR","W2-","Stbd","AngleMaxF","20",131,-15.8,4
"SNR","W2-","Stbd","AngleMaxF","20-24",54,-16.6,3.1
"SNR","W2-","Stbd","AngleMaxF","24-28",37,-15.9,3.1
"SNR","W2-","Stbd","AngleMaxF","28-32",36,-15.3,3.9
"SNR","W2-","Stbd","AngleMaxF","32-36",35,-15.2,6.7
"SNR","W2-","Stbd","AngleMaxF","36-40",46,-15.7,5.2
"SNR","W2-","Stbd","AngleMaxF",">40",3,-15.4,7.3
"SNR","W2-","Stbd","CatchAngle","<20",54,-55.9,3.1
"SNR","W2-","Stbd","CatchAngle","20",131,-56.1,3.4
"SNR","W2-","Stbd","CatchAngle","20-24",54,-55.6,2.6
"SNR","W2-","Stbd","CatchAngle","24-28",37,-54.1,3.5
"SNR","W2-","Stbd","CatchAngle","28-32",36,-52.6,3.8
"SNR","W2-","Stbd","CatchAngle","32-36",35,-51,3.9
"SNR","W2-","Stbd","CatchAngle","36-40",46,-49.7,2.8
"SNR","W2-","Stbd","CatchAngle",">40",3,-47.6,1.6
"SNR","W2-","Stbd","CatchSlip","<20",54,9.6,3
"SNR","W2-","Stbd","CatchSlip","20",131,9.4,2.9
"SNR","W2-","Stbd","CatchSlip","20-24",54,9.7,2.7
"SNR","W2-","Stbd","CatchSlip","24-28",37,9.8,2.6
"SNR","W2-","Stbd","CatchSlip","28-32",36,8,2.2
"SNR","W2-","Stbd","CatchSlip","32-36",35,7.1,2.5
"SNR","W2-","Stbd","CatchSlip","36-40",46,6.9,2.4
"SNR","W2-","Stbd","CatchSlip",">40",3,5.5,1.6
"SNR","W2-","Stbd","DriveStartT","<20",54,63.8,2.7
"SNR","W2-","Stbd","DriveStartT","20",131,62.3,2.3
"SNR","W2-","Stbd","DriveStartT","20-24",54,61.2,2.2
"SNR","W2-","Stbd","DriveStartT","24-28",37,59.6,2.7
"SNR","W2-","Stbd","DriveStartT","28-32",36,56.9,2.6
"SNR","W2-","Stbd","DriveStartT","32-36",35,51.9,2.9
"SNR","W2-","Stbd","DriveStartT","36-40",46,49.4,2.9
"SNR","W2-","Stbd","DriveStartT",">40",3,46.4,2.3
"SNR","W2-","Stbd","DriveTime","<20",54,1.2,0.1
"SNR","W2-","Stbd","DriveTime","20",131,1.1,0.1
"SNR","W2-","Stbd","DriveTime","20-24",54,1.1,0.1
"SNR","W2-","Stbd","DriveTime","24-28",37,1.1,0.1
"SNR","W2-","Stbd","DriveTime","28-32",36,1,0.1
"SNR","W2-","Stbd","DriveTime","32-36",35,0.9,0.1
"SNR","W2-","Stbd","DriveTime","36-40",46,0.9,0.1
"SNR","W2-","Stbd","DriveTime",">40",3,0.8,0
"SNR","W2-","Stbd","EffectiveLength","<20",54,69.8,6.2
"SNR","W2-","Stbd","EffectiveLength","20",131,70.5,6.3
"SNR","W2-","Stbd","EffectiveLength","20-24",54,69.3,5.7
"SNR","W2-","Stbd","EffectiveLength","24-28",37,66.8,6
"SNR","W2-","Stbd","EffectiveLength","28-32",36,66.4,7
"SNR","W2-","Stbd","EffectiveLength","32-36",35,65,6.2
"SNR","W2-","Stbd","EffectiveLength","36-40",46,64.7,5.2
"SNR","W2-","Stbd","EffectiveLength",">40",3,60.8,2.8
"SNR","W2-","Stbd","FinishAngle","<20",54,31.5,3.2
"SNR","W2-","Stbd","FinishAngle","20",131,32,2.9
"SNR","W2-","Stbd","FinishAngle","20-24",54,31.6,2.7
"SNR","W2-","Stbd","FinishAngle","24-28",37,32.1,2.1
"SNR","W2-","Stbd","FinishAngle","28-32",36,32.2,1.8
"SNR","W2-","Stbd","FinishAngle","32-36",35,31.2,3.5
"SNR","W2-","Stbd","FinishAngle","36-40",46,31.3,2.5
"SNR","W2-","Stbd","FinishAngle",">40",3,28.5,1.3
"SNR","W2-","Stbd","FinishSlip","<20",54,8,4.3
"SNR","W2-","Stbd","FinishSlip","20",131,8.2,4
"SNR","W2-","Stbd","FinishSlip","20-24",54,8.2,2.9
"SNR","W2-","Stbd","FinishSlip","24-28",37,9.6,2.8
"SNR","W2-","Stbd","FinishSlip","28-32",36,10.4,4.1
"SNR","W2-","Stbd","FinishSlip","32-36",35,10,3.4
"SNR","W2-","Stbd","FinishSlip","36-40",46,9.5,2.6
"SNR","W2-","Stbd","FinishSlip",">40",3,9.8,1.7
"SNR","W2-","Stbd","Length","<20",54,87.5,5
"SNR","W2-","Stbd","Length","20",131,88.1,5.1
"SNR","W2-","Stbd","Length","20-24",54,87.2,4.2
"SNR","W2-","Stbd","Length","24-28",37,86.2,4.4
"SNR","W2-","Stbd","Length","28-32",36,84.8,4.5
"SNR","W2-","Stbd","Length","32-36",35,82.2,4.2
"SNR","W2-","Stbd","Length","36-40",46,81.1,3.8
"SNR","W2-","Stbd","Length",">40",3,76.1,2.5
"SNR","W2-","Stbd","MaxForcePc","<20",54,44.3,4.9
"SNR","W2-","Stbd","MaxForcePc","20",131,45.1,3.8
"SNR","W2-","Stbd","MaxForcePc","20-24",54,44.3,3.3
"SNR","W2-","Stbd","MaxForcePc","24-28",37,44.2,3.1
"SNR","W2-","Stbd","MaxForcePc","28-32",36,43.8,3.9
"SNR","W2-","Stbd","MaxForcePc","32-36",35,43.4,6.1
"SNR","W2-","Stbd","MaxForcePc","36-40",46,41.7,6.5
"SNR","W2-","Stbd","MaxForcePc",">40",3,41.9,9.7
"SNR","W2-","Stbd","RecoveryTime","<20",54,2.1,0.2
"SNR","W2-","Stbd","RecoveryTime","20",131,1.8,0.1
"SNR","W2-","Stbd","RecoveryTime","20-24",54,1.6,0.2
"SNR","W2-","Stbd","RecoveryTime","24-28",37,1.3,0.1
"SNR","W2-","Stbd","RecoveryTime","28-32",36,1.1,0.1
"SNR","W2-","Stbd","RecoveryTime","32-36",35,0.8,0.1
"SNR","W2-","Stbd","RecoveryTime","36-40",46,0.8,0.1
"SNR","W2-","Stbd","RecoveryTime",">40",3,0.7,0.1
"SNR","W2-","Stbd","SwivelPower","<20",54,162.7,18.1
"SNR","W2-","Stbd","SwivelPower","20",131,181.4,17.9
"SNR","W2-","Stbd","SwivelPower","20-24",54,192.9,21.6
"SNR","W2-","Stbd","SwivelPower","24-28",37,211.1,21
"SNR","W2-","Stbd","SwivelPower","28-32",36,242.6,33.7
"SNR","W2-","Stbd","SwivelPower","32-36",35,284.8,42.5
"SNR","W2-","Stbd","SwivelPower","36-40",46,293.8,48
"SNR","W2-","Stbd","SwivelPower",">40",3,344.8,23
"SNR","W2-","Stbd","WorkPcQ1","<20",54,14.8,2.9
"SNR","W2-","Stbd","WorkPcQ1","20",131,14.9,2.4
"SNR","W2-","Stbd","WorkPcQ1","20-24",54,15,2.7
"SNR","W2-","Stbd","WorkPcQ1","24-28",37,15.3,2.6
"SNR","W2-","Stbd","WorkPcQ1","28-32",36,17.2,2.4
"SNR","W2-","Stbd","WorkPcQ1","32-36",35,18.3,2.3
"SNR","W2-","Stbd","WorkPcQ1","36-40",46,19.4,3.2
"SNR","W2-","Stbd","WorkPcQ1",">40",3,19.1,2.1
"SNR","W2-","Stbd","WorkPcQ2","<20",54,38.6,2.1
"SNR","W2-","Stbd","WorkPcQ2","20",131,38.8,2
"SNR","W2-","Stbd","WorkPcQ2","20-24",54,38.9,1.7
"SNR","W2-","Stbd","WorkPcQ2","24-28",37,39.4,1.4
"SNR","W2-","Stbd","WorkPcQ2","28-32",36,39.7,1.7
"SNR","W2-","Stbd","WorkPcQ2","32-36",35,39.4,1.5
"SNR","W2-","Stbd","WorkPcQ2","36-40",46,39.2,4.7
"SNR","W2-","Stbd","WorkPcQ2",">40",3,38.7,1.7
"SNR","W2-","Stbd","WorkPcQ3","<20",54,35.4,3.3
"SNR","W2-","Stbd","WorkPcQ3","20",131,35.3,3
"SNR","W2-","Stbd","WorkPcQ3","20-24",54,34.8,3
"SNR","W2-","Stbd","WorkPcQ3","24-28",37,34.8,2.8
"SNR","W2-","Stbd","WorkPcQ3","28-32",36,33.5,3.1
"SNR","W2-","Stbd","WorkPcQ3","32-36",35,33,3.6
"SNR","W2-","Stbd","WorkPcQ3","36-40",46,31.7,3.6
"SNR","W2-","Stbd","WorkPcQ3",">40",3,34.2,3.3
"SNR","W2-","Stbd","WorkPcQ4","<20",54,11.2,3.2
"SNR","W2-","Stbd","WorkPcQ4","20",131,11,3.2
"SNR","W2-","Stbd","WorkPcQ4","20-24",54,11.3,2.5
"SNR","W2-","Stbd","WorkPcQ4","24-28",37,10.5,2.4
"SNR","W2-","Stbd","WorkPcQ4","28-32",36,9.6,3.7
"SNR","W2-","Stbd","WorkPcQ4","32-36",35,9.3,2.8
"SNR","W2-","Stbd","WorkPcQ4","36-40",46,9.8,2.7
"SNR","W2-","Stbd","WorkPcQ4",">40",3,8,1.4
"SNR","W2X","Port","Angle07F","32-36",1,-49,3.1
"SNR","W2X","Port","Angle07F","36-40",3,-48.5,6.1
"SNR","W2X","Port","AngleMaxF","32-36",1,-30.2,3.8
"SNR","W2X","Port","AngleMaxF","36-40",3,-30.1,6.2
"SNR","W2X","Port","CatchAngle","32-36",1,-67,4
"SNR","W2X","Port","CatchAngle","36-40",3,-66.2,3.7
"SNR","W2X","Port","CatchSlip","32-36",1,11.8,3
"SNR","W2X","Port","CatchSlip","36-40",3,11.1,2.4
"SNR","W2X","Port","DriveStartT","32-36",1,51.2,3.6
"SNR","W2X","Port","DriveStartT","36-40",3,47.6,3.1
"SNR","W2X","Port","DriveTime","32-36",1,1,0.1
"SNR","W2X","Port","DriveTime","36-40",3,0.9,0
"SNR","W2X","Port","EffectiveLength","32-36",1,80.8,4.1
"SNR","W2X","Port","EffectiveLength","36-40",3,78.5,2.7
"SNR","W2X","Port","FinishAngle","32-36",1,37.8,2.2
"SNR","W2X","Port","FinishAngle","36-40",3,35.4,3.6
"SNR","W2X","Port","FinishSlip","32-36",1,12.2,1.5
"SNR","W2X","Port","FinishSlip","36-40",3,12,1.6
"SNR","W2X","Port","Length","32-36",1,104.8,4.5
"SNR","W2X","Port","Length","36-40",3,101.6,3
"SNR","W2X","Port","MaxForcePc","32-36",1,35.2,2.4
"SNR","W2X","Port","MaxForcePc","36-40",3,35.6,3.3
"SNR","W2X","Port","RecoveryTime","32-36",1,0.8,0.1
"SNR","W2X","Port","RecoveryTime","36-40",3,0.7,0
"SNR","W2X","Port","SwivelPower","32-36",1,124.2,24.1
"SNR","W2X","Port","SwivelPower","36-40",3,132.2,19.6
"SNR","W2X","Port","WorkPcQ1","32-36",1,16.5,1.7
"SNR","W2X","Port","WorkPcQ1","36-40",3,16.9,1.9
"SNR","W2X","Port","WorkPcQ2","32-36",1,42.5,1.8
"SNR","W2X","Port","WorkPcQ2","36-40",3,42.6,1.3
"SNR","W2X","Port","WorkPcQ3","32-36",1,30.3,1.5
"SNR","W2X","Port","WorkPcQ3","36-40",3,30.4,1.6
"SNR","W2X","Port","WorkPcQ4","32-36",1,10.7,1.6
"SNR","W2X","Port","WorkPcQ4","36-40",3,10.1,1
"SNR","W2X","Stbd","Angle07F","32-36",1,-50.6,4.7
"SNR","W2X","Stbd","Angle07F","36-40",3,-49.2,4.9
"SNR","W2X","Stbd","AngleMaxF","32-36",1,-32.4,5.2
"SNR","W2X","Stbd","AngleMaxF","36-40",3,-29.6,5.9
"SNR","W2X","Stbd","CatchAngle","32-36",1,-68.7,4.7
"SNR","W2X","Stbd","CatchAngle","36-40",3,-67.2,4.4
"SNR","W2X","Stbd","CatchSlip","32-36",1,12,3.2
"SNR","W2X","Stbd","CatchSlip","36-40",3,11.5,3.1
"SNR","W2X","Stbd","DriveStartT","32-36",1,50.1,3.7
"SNR","W2X","Stbd","DriveStartT","36-40",3,46.5,3.1
"SNR","W2X","Stbd","DriveTime","32-36",1,1,0.1
"SNR","W2X","Stbd","DriveTime","36-40",3,0.9,0
"SNR","W2X","Stbd","EffectiveLength","32-36",1,81.5,4.4
"SNR","W2X","Stbd","EffectiveLength","36-40",3,80.4,4.5
"SNR","W2X","Stbd","FinishAngle","32-36",1,38.5,3.2
"SNR","W2X","Stbd","FinishAngle","36-40",3,36.9,3
"SNR","W2X","Stbd","FinishSlip","32-36",1,13.7,2.5
"SNR","W2X","Stbd","FinishSlip","36-40",3,12.1,2.2
"SNR","W2X","Stbd","Length","32-36",1,107.2,3.8
"SNR","W2X","Stbd","Length","36-40",3,104.1,3
"SNR","W2X","Stbd","MaxForcePc","32-36",1,34,2.7
"SNR","W2X","Stbd","MaxForcePc","36-40",3,36.2,3.6
"SNR","W2X","Stbd","RecoveryTime","32-36",1,0.8,0.1
"SNR","W2X","Stbd","RecoveryTime","36-40",3,0.7,0
"SNR","W2X","Stbd","SwivelPower","32-36",1,123.2,23.9
"SNR","W2X","Stbd","SwivelPower","36-40",3,134.5,19.7
"SNR","W2X","Stbd","WorkPcQ1","32-36",1,16.6,1.8
"SNR","W2X","Stbd","WorkPcQ1","36-40",3,16.1,1.6
"SNR","W2X","Stbd","WorkPcQ2","32-36",1,42.9,2
"SNR","W2X","Stbd","WorkPcQ2","36-40",3,41.3,2.2
"SNR","W2X","Stbd","WorkPcQ3","32-36",1,30.3,1.8
"SNR","W2X","Stbd","WorkPcQ3","36-40",3,31.5,1.9
"SNR","W2X","Stbd","WorkPcQ4","32-36",1,10.2,1.5
"SNR","W2X","Stbd","WorkPcQ4","36-40",3,11.1,1.6
"SNR","W4-","Port","Angle07F","<20",8,-41.6,2.8
"SNR","W4-","Port","Angle07F","20",57,-42.4,2.8
"SNR","W4-","Port","Angle07F","20-24",19,-42.8,2.6
"SNR","W4-","Port","Angle07F","24-28",14,-42.4,2.8
"SNR","W4-","Port","Angle07F","28-32",23,-41.3,3.4
"SNR","W4-","Port","Angle07F","32-36",8,-41,4
"SNR","W4-","Port","Angle07F","36-40",33,-38.8,3.6
"SNR","W4-","Port","Angle07F",">40",10,-38.4,3.2
"SNR","W4-","Port","AngleMaxF","<20",8,-21.1,5.6
"SNR","W4-","Port","AngleMaxF","20",57,-20.7,5.1
"SNR","W4-","Port","AngleMaxF","20-24",19,-22.8,4.8
"SNR","W4-","Port","AngleMaxF","24-28",14,-22.2,4
"SNR","W4-","Port","AngleMaxF","28-32",23,-20.7,4
"SNR","W4-","Port","AngleMaxF","32-36",8,-20.8,5.4
"SNR","W4-","Port","AngleMaxF","36-40",33,-19.4,5.9
"SNR","W4-","Port","AngleMaxF",">40",10,-20.4,8.2
"SNR","W4-","Port","CatchAngle","<20",8,-55,1.5
"SNR","W4-","Port","CatchAngle","20",57,-56.5,1.6
"SNR","W4-","Port","CatchAngle","20-24",19,-55.4,1.7
"SNR","W4-","Port","CatchAngle","24-28",14,-55.3,1.7
"SNR","W4-","Port","CatchAngle","28-32",23,-54.7,1.5
"SNR","W4-","Port","CatchAngle","32-36",8,-54.3,1.9
"SNR","W4-","Port","CatchAngle","36-40",33,-52.4,3.2
"SNR","W4-","Port","CatchAngle",">40",10,-51,1.9
"SNR","W4-","Port","CatchSlip","<20",8,8,1.6
"SNR","W4-","Port","CatchSlip","20",57,7.9,1.4
"SNR","W4-","Port","CatchSlip","20-24",19,7.6,1.3
"SNR","W4-","Port","CatchSlip","24-28",14,7.8,1.5
"SNR","W4-","Port","CatchSlip","28-32",23,7.6,1.7
"SNR","W4-","Port","CatchSlip","32-36",8,7.5,1.9
"SNR","W4-","Port","CatchSlip","36-40",33,6.9,1.9
"SNR","W4-","Port","CatchSlip",">40",10,5.8,1.9
"SNR","W4-","Port","DriveStartT","<20",8,63.6,1.8
"SNR","W4-","Port","DriveStartT","20",57,61.7,1.1
"SNR","W4-","Port","DriveStartT","20-24",19,61,1.4
"SNR","W4-","Port","DriveStartT","24-28",14,59.1,1.6
"SNR","W4-","Port","DriveStartT","28-32",23,56.4,2.6
"SNR","W4-","Port","DriveStartT","32-36",8,52.1,2.6
"SNR","W4-","Port","DriveStartT","36-40",33,48.3,2.9
"SNR","W4-","Port","DriveStartT",">40",10,46.2,2.1
"SNR","W4-","Port","DriveTime","<20",8,1.1,0.1
"SNR","W4-","Port","DriveTime","20",57,1.1,0.1
"SNR","W4-","Port","DriveTime","20-24",19,1.1,0.1
"SNR","W4-","Port","DriveTime","24-28",14,1,0.1
"SNR","W4-","Port","DriveTime","28-32",23,1,0.1
"SNR","W4-","Port","DriveTime","32-36",8,0.9,0.1
"SNR","W4-","Port","DriveTime","36-40",33,0.8,0.1
"SNR","W4-","Port","DriveTime",">40",10,0.8,0
"SNR","W4-","Port","EffectiveLength","<20",8,68.9,3.4
"SNR","W4-","Port","EffectiveLength","20",57,69.3,2.6
"SNR","W4-","Port","EffectiveLength","20-24",19,68.4,2.4
"SNR","W4-","Port","EffectiveLength","24-28",14,67.8,2.8
"SNR","W4-","Port","EffectiveLength","28-32",23,67,2.7
"SNR","W4-","Port","EffectiveLength","32-36",8,65.7,3
"SNR","W4-","Port","EffectiveLength","36-40",33,64.8,4.3
"SNR","W4-","Port","EffectiveLength",">40",10,63.8,4.3
"SNR","W4-","Port","FinishAngle","<20",8,31.5,1.3
"SNR","W4-","Port","FinishAngle","20",57,31.7,1.7
"SNR","W4-","Port","FinishAngle","20-24",19,31.8,1.4
"SNR","W4-","Port","FinishAngle","24-28",14,31.9,1.4
"SNR","W4-","Port","FinishAngle","28-32",23,31,1.3
"SNR","W4-","Port","FinishAngle","32-36",8,28.5,1.3
"SNR","W4-","Port","FinishAngle","36-40",33,29.9,3.2
"SNR","W4-","Port","FinishAngle",">40",10,28,1.6
"SNR","W4-","Port","FinishSlip","<20",8,9.6,1.8
"SNR","W4-","Port","FinishSlip","20",57,10.9,2.4
"SNR","W4-","Port","FinishSlip","20-24",19,11.2,1.8
"SNR","W4-","Port","FinishSlip","24-28",14,11.6,1.9
"SNR","W4-","Port","FinishSlip","28-32",23,11.1,1.9
"SNR","W4-","Port","FinishSlip","32-36",8,9.6,1.9
"SNR","W4-","Port","FinishSlip","36-40",33,10.5,2.5
"SNR","W4-","Port","FinishSlip",">40",10,9.4,3.1
"SNR","W4-","Port","Length","<20",8,86.5,2.1
"SNR","W4-","Port","Length","20",57,88.2,2.2
"SNR","W4-","Port","Length","20-24",19,87.2,2.1
"SNR","W4-","Port","Length","24-28",14,87.1,2
"SNR","W4-","Port","Length","28-32",23,85.7,1.9
"SNR","W4-","Port","Length","32-36",8,82.8,2.5
"SNR","W4-","Port","Length","36-40",33,82.2,3.9
"SNR","W4-","Port","Length",">40",10,79,2.4
"SNR","W4-","Port","MaxForcePc","<20",8,38.5,6.6
"SNR","W4-","Port","MaxForcePc","20",57,40.1,5.7
"SNR","W4-","Port","MaxForcePc","20-24",19,37,5.4
"SNR","W4-","Port","MaxForcePc","24-28",14,37.7,4.6
"SNR","W4-","Port","MaxForcePc","28-32",23,39.4,4.8
"SNR","W4-","Port","MaxForcePc","32-36",8,40.1,6.5
"SNR","W4-","Port","MaxForcePc","36-40",33,39.9,7.3
"SNR","W4-","Port","MaxForcePc",">40",10,38.3,10.8
"SNR","W4-","Port","RecoveryTime","<20",8,2.1,0.2
"SNR","W4-","Port","RecoveryTime","20",57,1.9,0.1
"SNR","W4-","Port","RecoveryTime","20-24",19,1.6,0.1
"SNR","W4-","Port","RecoveryTime","24-28",14,1.4,0.1
"SNR","W4-","Port","RecoveryTime","28-32",23,1.1,0.1
"SNR","W4-","Port","RecoveryTime","32-36",8,0.9,0.1
"SNR","W4-","Port","RecoveryTime","36-40",33,0.8,0.1
"SNR","W4-","Port","RecoveryTime",">40",10,0.7,0
"SNR","W4-","Port","SwivelPower","<20",8,147,18.4
"SNR","W4-","Port","SwivelPower","20",57,164.6,19.5
"SNR","W4-","Port","SwivelPower","20-24",19,171.9,18.6
"SNR","W4-","Port","SwivelPower","24-28",14,197.6,27.2
"SNR","W4-","Port","SwivelPower","28-32",23,225.5,29.2
"SNR","W4-","Port","SwivelPower","32-36",8,249.4,47.1
"SNR","W4-","Port","SwivelPower","36-40",33,289.7,48.3
"SNR","W4-","Port","SwivelPower",">40",10,316.7,58.2
"SNR","W4-","Port","WorkPcQ1","<20",8,18.4,1.6
"SNR","W4-","Port","WorkPcQ1","20",57,18,2.3
"SNR","W4-","Port","WorkPcQ1","20-24",19,19.5,2
"SNR","W4-","Port","WorkPcQ1","24-28",14,19.1,2.4
"SNR","W4-","Port","WorkPcQ1","28-32",23,19,2.5
"SNR","W4-","Port","WorkPcQ1","32-36",8,19,3.3
"SNR","W4-","Port","WorkPcQ1","36-40",33,19.9,2.8
"SNR","W4-","Port","WorkPcQ1",">40",10,20.1,3.5
"SNR","W4-","Port","WorkPcQ2","<20",8,39.3,1.7
"SNR","W4-","Port","WorkPcQ2","20",57,39.5,1.8
"SNR","W4-","Port","WorkPcQ2","20-24",19,40.3,1.5
"SNR","W4-","Port","WorkPcQ2","24-28",14,40,1.7
"SNR","W4-","Port","WorkPcQ2","28-32",23,39.6,1.8
"SNR","W4-","Port","WorkPcQ2","32-36",8,39.1,1.8
"SNR","W4-","Port","WorkPcQ2","36-40",33,40.5,2.6
"SNR","W4-","Port","WorkPcQ2",">40",10,38.2,2.3
"SNR","W4-","Port","WorkPcQ3","<20",8,32.7,1.5
"SNR","W4-","Port","WorkPcQ3","20",57,33.5,1.6
"SNR","W4-","Port","WorkPcQ3","20-24",19,31.9,1.4
"SNR","W4-","Port","WorkPcQ3","24-28",14,32.3,1.6
"SNR","W4-","Port","WorkPcQ3","28-32",23,32.2,2.1
"SNR","W4-","Port","WorkPcQ3","32-36",8,31.4,2.8
"SNR","W4-","Port","WorkPcQ3","36-40",33,30.6,2.9
"SNR","W4-","Port","WorkPcQ3",">40",10,31.9,2.5
"SNR","W4-","Port","WorkPcQ4","<20",8,9.6,2.4
"SNR","W4-","Port","WorkPcQ4","20",57,9,2.8
"SNR","W4-","Port","WorkPcQ4","20-24",19,8.3,2.4
"SNR","W4-","Port","WorkPcQ4","24-28",14,8.6,2.7
"SNR","W4-","Port","WorkPcQ4","28-32",23,9.2,2.5
"SNR","W4-","Port","WorkPcQ4","32-36",8,10.5,2.3
"SNR","W4-","Port","WorkPcQ4","36-40",33,9,2.5
"SNR","W4-","Port","WorkPcQ4",">40",10,9.8,3.4
"SNR","W4-","Stbd","Angle07F","<20",8,-41,5.5
"SNR","W4-","Stbd","Angle07F","20",57,-39.6,6.3
"SNR","W4-","Stbd","Angle07F","20-24",19,-40.2,6.3
"SNR","W4-","Stbd","Angle07F","24-28",14,-39.1,6.8
"SNR","W4-","Stbd","Angle07F","28-32",23,-39.8,6.9
"SNR","W4-","Stbd","Angle07F","32-36",8,-38.9,6.2
"SNR","W4-","Stbd","Angle07F","36-40",33,-36.9,6.1
"SNR","W4-","Stbd","Angle07F",">40",10,-41.5,4.1
"SNR","W4-","Stbd","AngleMaxF","<20",8,-19,3.5
"SNR","W4-","Stbd","AngleMaxF","20",57,-18.9,3.9
"SNR","W4-","Stbd","AngleMaxF","20-24",19,-19.5,4
"SNR","W4-","Stbd","AngleMaxF","24-28",14,-18.9,4.8
"SNR","W4-","Stbd","AngleMaxF","28-32",23,-20.1,6
"SNR","W4-","Stbd","AngleMaxF","32-36",8,-21.2,7.8
"SNR","W4-","Stbd","AngleMaxF","36-40",33,-17.9,7.7
"SNR","W4-","Stbd","AngleMaxF",">40",10,-22.9,7.3
"SNR","W4-","Stbd","CatchAngle","<20",8,-58.6,2.3
"SNR","W4-","Stbd","CatchAngle","20",57,-58.2,2
"SNR","W4-","Stbd","CatchAngle","20-24",19,-57.6,1.8
"SNR","W4-","Stbd","CatchAngle","24-28",14,-56.6,2
"SNR","W4-","Stbd","CatchAngle","28-32",23,-55.4,2.1
"SNR","W4-","Stbd","CatchAngle","32-36",8,-54.4,2.3
"SNR","W4-","Stbd","CatchAngle","36-40",33,-50.9,3.8
"SNR","W4-","Stbd","CatchAngle",">40",10,-53.1,2.4
"SNR","W4-","Stbd","CatchSlip","<20",8,8.9,4.1
"SNR","W4-","Stbd","CatchSlip","20",57,9.3,3.3
"SNR","W4-","Stbd","CatchSlip","20-24",19,8.3,3.6
"SNR","W4-","Stbd","CatchSlip","24-28",14,8.2,3.2
"SNR","W4-","Stbd","CatchSlip","28-32",23,7.5,3
"SNR","W4-","Stbd","CatchSlip","32-36",8,7.5,2.5
"SNR","W4-","Stbd","CatchSlip","36-40",33,7.4,2.7
"SNR","W4-","Stbd","CatchSlip",">40",10,4.8,2.8
"SNR","W4-","Stbd","DriveStartT","<20",8,64.4,2.5
"SNR","W4-","Stbd","DriveStartT","20",57,62.2,2.1
"SNR","W4-","Stbd","DriveStartT","20-24",19,61.6,2.1
"SNR","W4-","Stbd","DriveStartT","24-28",14,59.6,2
"SNR","W4-","Stbd","DriveStartT","28-32",23,57.1,2.7
"SNR","W4-","Stbd","DriveStartT","32-36",8,53.6,3
"SNR","W4-","Stbd","DriveStartT","36-40",33,48.3,3.2
"SNR","W4-","Stbd","DriveStartT",">40",10,47.2,2.2
"SNR","W4-","Stbd","DriveTime","<20",8,1.1,0.1
"SNR","W4-","Stbd","DriveTime","20",57,1.1,0
"SNR","W4-","Stbd","DriveTime","20-24",19,1.1,0.1
"SNR","W4-","Stbd","DriveTime","24-28",14,1,0.1
"SNR","W4-","Stbd","DriveTime","28-32",23,1,0.1
"SNR","W4-","Stbd","DriveTime","32-36",8,0.9,0
"SNR","W4-","Stbd","DriveTime","36-40",33,0.8,0.1
"SNR","W4-","Stbd","DriveTime",">40",10,0.8,0.1
"SNR","W4-","Stbd","EffectiveLength","<20",8,74.4,7.6
"SNR","W4-","Stbd","EffectiveLength","20",57,73.5,6.6
"SNR","W4-","Stbd","EffectiveLength","20-24",19,73.4,6.6
"SNR","W4-","Stbd","EffectiveLength","24-28",14,72.2,6.6
"SNR","W4-","Stbd","EffectiveLength","28-32",23,70.4,6.4
"SNR","W4-","Stbd","EffectiveLength","32-36",8,67.6,7.1
"SNR","W4-","Stbd","EffectiveLength","36-40",33,64.2,6.7
"SNR","W4-","Stbd","EffectiveLength",">40",10,70,7
"SNR","W4-","Stbd","FinishAngle","<20",8,31.4,1.6
"SNR","W4-","Stbd","FinishAngle","20",57,30.8,1.9
"SNR","W4-","Stbd","FinishAngle","20-24",19,31.2,1.4
"SNR","W4-","Stbd","FinishAngle","24-28",14,31.7,1.4
"SNR","W4-","Stbd","FinishAngle","28-32",23,31.5,1.4
"SNR","W4-","Stbd","FinishAngle","32-36",8,30.3,2.3
"SNR","W4-","Stbd","FinishAngle","36-40",33,31.4,2.8
"SNR","W4-","Stbd","FinishAngle",">40",10,29.2,2.6
"SNR","W4-","Stbd","FinishSlip","<20",8,6.6,2.8
"SNR","W4-","Stbd","FinishSlip","20",57,6.3,2
"SNR","W4-","Stbd","FinishSlip","20-24",19,7.1,2.7
"SNR","W4-","Stbd","FinishSlip","24-28",14,7.8,2.7
"SNR","W4-","Stbd","FinishSlip","28-32",23,9,2.3
"SNR","W4-","Stbd","FinishSlip","32-36",8,9.7,2.4
"SNR","W4-","Stbd","FinishSlip","36-40",33,10.7,4
"SNR","W4-","Stbd","FinishSlip",">40",10,7.5,2.7
"SNR","W4-","Stbd","Length","<20",8,89.9,3.2
"SNR","W4-","Stbd","Length","20",57,89,3.2
"SNR","W4-","Stbd","Length","20-24",19,88.8,2.6
"SNR","W4-","Stbd","Length","24-28",14,88.3,2.7
"SNR","W4-","Stbd","Length","28-32",23,86.9,2.8
"SNR","W4-","Stbd","Length","32-36",8,84.7,4.1
"SNR","W4-","Stbd","Length","36-40",33,82.2,4
"SNR","W4-","Stbd","Length",">40",10,82.3,4
"SNR","W4-","Stbd","MaxForcePc","<20",8,43.4,4.3
"SNR","W4-","Stbd","MaxForcePc","20",57,43.6,4.4
"SNR","W4-","Stbd","MaxForcePc","20-24",19,42.5,4.4
"SNR","W4-","Stbd","MaxForcePc","24-28",14,42.7,5.1
"SNR","W4-","Stbd","MaxForcePc","28-32",23,40.8,6.5
"SNR","W4-","Stbd","MaxForcePc","32-36",8,39.5,9.2
"SNR","W4-","Stbd","MaxForcePc","36-40",33,39.9,8.1
"SNR","W4-","Stbd","MaxForcePc",">40",10,36.5,8.9
"SNR","W4-","Stbd","RecoveryTime","<20",8,2.1,0.2
"SNR","W4-","Stbd","RecoveryTime","20",57,1.9,0.1
"SNR","W4-","Stbd","RecoveryTime","20-24",19,1.6,0.1
"SNR","W4-","Stbd","RecoveryTime","24-28",14,1.4,0.1
"SNR","W4-","Stbd","RecoveryTime","28-32",23,1.1,0.1
"SNR","W4-","Stbd","RecoveryTime","32-36",8,0.9,0.1
"SNR","W4-","Stbd","RecoveryTime","36-40",33,0.7,0.1
"SNR","W4-","Stbd","RecoveryTime",">40",10,0.7,0
"SNR","W4-","Stbd","SwivelPower","<20",8,175.9,22.2
"SNR","W4-","Stbd","SwivelPower","20",57,186.6,15.9
"SNR","W4-","Stbd","SwivelPower","20-24",19,200.4,17.6
"SNR","W4-","Stbd","SwivelPower","24-28",14,223.7,23.8
"SNR","W4-","Stbd","SwivelPower","28-32",23,241.4,25.4
"SNR","W4-","Stbd","SwivelPower","32-36",8,271.5,37.7
"SNR","W4-","Stbd","SwivelPower","36-40",33,285.9,47.2
"SNR","W4-","Stbd","SwivelPower",">40",10,350.4,53.2
"SNR","W4-","Stbd","WorkPcQ1","<20",8,14.9,2.7
"SNR","W4-","Stbd","WorkPcQ1","20",57,14.2,2.9
"SNR","W4-","Stbd","WorkPcQ1","20-24",19,15.4,3
"SNR","W4-","Stbd","WorkPcQ1","24-28",14,15.6,2.8
"SNR","W4-","Stbd","WorkPcQ1","28-32",23,17.4,3
"SNR","W4-","Stbd","WorkPcQ1","32-36",8,18.1,3.2
"SNR","W4-","Stbd","WorkPcQ1","36-40",33,19.5,2.6
"SNR","W4-","Stbd","WorkPcQ1",">40",10,20.4,2.9
"SNR","W4-","Stbd","WorkPcQ2","<20",8,37.5,1.5
"SNR","W4-","Stbd","WorkPcQ2","20",57,37.8,1.2
"SNR","W4-","Stbd","WorkPcQ2","20-24",19,37.9,1.6
"SNR","W4-","Stbd","WorkPcQ2","24-28",14,38,1.4
"SNR","W4-","Stbd","WorkPcQ2","28-32",23,38.5,1.5
"SNR","W4-","Stbd","WorkPcQ2","32-36",8,38.8,1.3
"SNR","W4-","Stbd","WorkPcQ2","36-40",33,39.9,3.1
"SNR","W4-","Stbd","WorkPcQ2",">40",10,38.4,1.4
"SNR","W4-","Stbd","WorkPcQ3","<20",8,35.4,3
"SNR","W4-","Stbd","WorkPcQ3","20",57,35.8,3.2
"SNR","W4-","Stbd","WorkPcQ3","20-24",19,34.8,3.1
"SNR","W4-","Stbd","WorkPcQ3","24-28",14,34.9,3.1
"SNR","W4-","Stbd","WorkPcQ3","28-32",23,33.4,3.3
"SNR","W4-","Stbd","WorkPcQ3","32-36",8,33,3.8
"SNR","W4-","Stbd","WorkPcQ3","36-40",33,31.5,3.5
"SNR","W4-","Stbd","WorkPcQ3",">40",10,30.9,3.1
"SNR","W4-","Stbd","WorkPcQ4","<20",8,12.2,2.1
"SNR","W4-","Stbd","WorkPcQ4","20",57,12.2,1.4
"SNR","W4-","Stbd","WorkPcQ4","20-24",19,11.8,1.7
"SNR","W4-","Stbd","WorkPcQ4","24-28",14,11.5,1.6
"SNR","W4-","Stbd","WorkPcQ4","28-32",23,10.7,1.7
"SNR","W4-","Stbd","WorkPcQ4","32-36",8,10.1,1.7
"SNR","W4-","Stbd","WorkPcQ4","36-40",33,9,3.4
"SNR","W4-","Stbd","WorkPcQ4",">40",10,10.3,1.5
"SNR","W8+","Port","Angle07F","<20",13,-43.1,5.4
"SNR","W8+","Port","Angle07F","20",13,-42.9,4.9
"SNR","W8+","Port","Angle07F","20-24",8,-41.3,5.6
"SNR","W8+","Port","Angle07F","24-28",10,-39.5,9.5
"SNR","W8+","Port","Angle07F","28-32",6,-41.5,3.4
"SNR","W8+","Port","Angle07F","32-36",6,-42.9,2.9
"SNR","W8+","Port","Angle07F","36-40",20,-38.8,11.1
"SNR","W8+","Port","Angle07F",">40",7,-40.2,2.3
"SNR","W8+","Port","AngleMaxF","<20",13,-20.7,7.2
"SNR","W8+","Port","AngleMaxF","20",13,-21.5,5.8
"SNR","W8+","Port","AngleMaxF","20-24",8,-20.7,6.2
"SNR","W8+","Port","AngleMaxF","24-28",10,-20.2,6.6
"SNR","W8+","Port","AngleMaxF","28-32",6,-22.3,6.6
"SNR","W8+","Port","AngleMaxF","32-36",6,-24,7
"SNR","W8+","Port","AngleMaxF","36-40",20,-21.4,7.3
"SNR","W8+","Port","AngleMaxF",">40",7,-22.9,6.4
"SNR","W8+","Port","CatchAngle","<20",13,-57.9,2.7
"SNR","W8+","Port","CatchAngle","20",13,-58.1,2.7
"SNR","W8+","Port","CatchAngle","20-24",8,-57.1,2.8
"SNR","W8+","Port","CatchAngle","24-28",10,-56.1,3
"SNR","W8+","Port","CatchAngle","28-32",6,-56,2.9
"SNR","W8+","Port","CatchAngle","32-36",6,-56.3,2.6
"SNR","W8+","Port","CatchAngle","36-40",20,-53.6,2.9
"SNR","W8+","Port","CatchAngle",">40",7,-53.4,2.4
"SNR","W8+","Port","CatchSlip","<20",13,9.5,2.4
"SNR","W8+","Port","CatchSlip","20",13,9.5,1.9
"SNR","W8+","Port","CatchSlip","20-24",8,9.3,1.9
"SNR","W8+","Port","CatchSlip","24-28",10,9.3,1.9
"SNR","W8+","Port","CatchSlip","28-32",6,9.4,2.1
"SNR","W8+","Port","CatchSlip","32-36",6,8.9,2.3
"SNR","W8+","Port","CatchSlip","36-40",20,8.6,2.3
"SNR","W8+","Port","CatchSlip",">40",7,7.6,2.8
"SNR","W8+","Port","DriveStartT","<20",13,63.5,2.4
"SNR","W8+","Port","DriveStartT","20",13,61.3,1.7
"SNR","W8+","Port","DriveStartT","20-24",8,59.4,3.1
"SNR","W8+","Port","DriveStartT","24-28",10,57.8,4.3
"SNR","W8+","Port","DriveStartT","28-32",6,54.4,2.7
"SNR","W8+","Port","DriveStartT","32-36",6,50.3,3.4
"SNR","W8+","Port","DriveStartT","36-40",20,46.7,2.9
"SNR","W8+","Port","DriveStartT",">40",7,44.6,2.2
"SNR","W8+","Port","DriveTime","<20",13,1.1,0.1
"SNR","W8+","Port","DriveTime","20",13,1,0.1
"SNR","W8+","Port","DriveTime","20-24",8,1,0.1
"SNR","W8+","Port","DriveTime","24-28",10,0.9,0.1
"SNR","W8+","Port","DriveTime","28-32",6,0.9,0
"SNR","W8+","Port","DriveTime","32-36",6,0.9,0
"SNR","W8+","Port","DriveTime","36-40",20,0.8,0.1
"SNR","W8+","Port","DriveTime",">40",7,0.8,0
"SNR","W8+","Port","EffectiveLength","<20",13,71,4
"SNR","W8+","Port","EffectiveLength","20",13,72.3,4.3
"SNR","W8+","Port","EffectiveLength","20-24",8,70.8,4.1
"SNR","W8+","Port","EffectiveLength","24-28",10,70.9,5
"SNR","W8+","Port","EffectiveLength","28-32",6,70.4,4.9
"SNR","W8+","Port","EffectiveLength","32-36",6,70.4,4
"SNR","W8+","Port","EffectiveLength","36-40",20,65.4,4.7
"SNR","W8+","Port","EffectiveLength",">40",7,67.8,3.9
"SNR","W8+","Port","FinishAngle","<20",13,30.8,1.8
"SNR","W8+","Port","FinishAngle","20",13,31.3,1.9
"SNR","W8+","Port","FinishAngle","20-24",8,31,2
"SNR","W8+","Port","FinishAngle","24-28",10,32,2
"SNR","W8+","Port","FinishAngle","28-32",6,32,2
"SNR","W8+","Port","FinishAngle","32-36",6,31.5,1.8
"SNR","W8+","Port","FinishAngle","36-40",20,30.6,2.4
"SNR","W8+","Port","FinishAngle",">40",7,31.5,2.4
"SNR","W8+","Port","FinishSlip","<20",13,8.3,3.1
"SNR","W8+","Port","FinishSlip","20",13,7.6,3.1
"SNR","W8+","Port","FinishSlip","20-24",8,8,2.7
"SNR","W8+","Port","FinishSlip","24-28",10,7.8,2.4
"SNR","W8+","Port","FinishSlip","28-32",6,8.2,2.9
"SNR","W8+","Port","FinishSlip","32-36",6,8.5,2.5
"SNR","W8+","Port","FinishSlip","36-40",20,10.2,2.7
"SNR","W8+","Port","FinishSlip",">40",7,9.5,2.4
"SNR","W8+","Port","Length","<20",13,88.7,2.6
"SNR","W8+","Port","Length","20",13,89.4,3.2
"SNR","W8+","Port","Length","20-24",8,88.1,3.1
"SNR","W8+","Port","Length","24-28",10,88.1,3.6
"SNR","W8+","Port","Length","28-32",6,88,3.4
"SNR","W8+","Port","Length","32-36",6,87.8,3.5
"SNR","W8+","Port","Length","36-40",20,84.2,3.5
"SNR","W8+","Port","Length",">40",7,84.9,3.1
"SNR","W8+","Port","MaxForcePc","<20",13,41.3,7.9
"SNR","W8+","Port","MaxForcePc","20",13,40.4,6.4
"SNR","W8+","Port","MaxForcePc","20-24",8,40.7,7
"SNR","W8+","Port","MaxForcePc","24-28",10,40.3,7.9
"SNR","W8+","Port","MaxForcePc","28-32",6,37.8,7.8
"SNR","W8+","Port","MaxForcePc","32-36",6,36.4,8.6
"SNR","W8+","Port","MaxForcePc","36-40",20,37.8,12.9
"SNR","W8+","Port","MaxForcePc",">40",7,35.7,7.9
"SNR","W8+","Port","RecoveryTime","<20",13,2.2,0.3
"SNR","W8+","Port","RecoveryTime","20",13,2,0.1
"SNR","W8+","Port","RecoveryTime","20-24",8,1.7,0.2
"SNR","W8+","Port","RecoveryTime","24-28",10,1.4,0.1
"SNR","W8+","Port","RecoveryTime","28-32",6,1.1,0.1
"SNR","W8+","Port","RecoveryTime","32-36",6,0.9,0.1
"SNR","W8+","Port","RecoveryTime","36-40",20,0.8,0.1
"SNR","W8+","Port","RecoveryTime",">40",7,0.7,0
"SNR","W8+","Port","SwivelPower","<20",13,137.8,25.1
"SNR","W8+","Port","SwivelPower","20",13,161.6,25.7
"SNR","W8+","Port","SwivelPower","20-24",8,183.1,42.3
"SNR","W8+","Port","SwivelPower","24-28",10,218,30
"SNR","W8+","Port","SwivelPower","28-32",6,228.1,36
"SNR","W8+","Port","SwivelPower","32-36",6,253.1,51.7
"SNR","W8+","Port","SwivelPower","36-40",20,272,47
"SNR","W8+","Port","SwivelPower",">40",7,312.7,56.8
"SNR","W8+","Port","WorkPcQ1","<20",13,16.6,2.6
"SNR","W8+","Port","WorkPcQ1","20",13,16.6,2.4
"SNR","W8+","Port","WorkPcQ1","20-24",8,16.8,2.9
"SNR","W8+","Port","WorkPcQ1","24-28",10,16.8,3.3
"SNR","W8+","Port","WorkPcQ1","28-32",6,18.1,3.4
"SNR","W8+","Port","WorkPcQ1","32-36",6,19.5,3.9
"SNR","W8+","Port","WorkPcQ1","36-40",20,19.3,3.5
"SNR","W8+","Port","WorkPcQ1",">40",7,20,3.5
"SNR","W8+","Port","WorkPcQ2","<20",13,37.3,2.7
"SNR","W8+","Port","WorkPcQ2","20",13,37.6,2.2
"SNR","W8+","Port","WorkPcQ2","20-24",8,38.1,2.2
"SNR","W8+","Port","WorkPcQ2","24-28",10,39,1.7
"SNR","W8+","Port","WorkPcQ2","28-32",6,38.8,2
"SNR","W8+","Port","WorkPcQ2","32-36",6,39,1.9
"SNR","W8+","Port","WorkPcQ2","36-40",20,39.5,3.8
"SNR","W8+","Port","WorkPcQ2",">40",7,39.6,2
"SNR","W8+","Port","WorkPcQ3","<20",13,32.9,3.3
"SNR","W8+","Port","WorkPcQ3","20",13,32.2,3.1
"SNR","W8+","Port","WorkPcQ3","20-24",8,32.5,3.9
"SNR","W8+","Port","WorkPcQ3","24-28",10,32.1,4.1
"SNR","W8+","Port","WorkPcQ3","28-32",6,30.4,3
"SNR","W8+","Port","WorkPcQ3","32-36",6,28.7,2.7
"SNR","W8+","Port","WorkPcQ3","36-40",20,30.2,4.3
"SNR","W8+","Port","WorkPcQ3",">40",7,29.1,3
"SNR","W8+","Port","WorkPcQ4","<20",13,13.2,4.5
"SNR","W8+","Port","WorkPcQ4","20",13,13.6,3.8
"SNR","W8+","Port","WorkPcQ4","20-24",8,12.6,3.7
"SNR","W8+","Port","WorkPcQ4","24-28",10,12.1,2.8
"SNR","W8+","Port","WorkPcQ4","28-32",6,12.7,3.3
"SNR","W8+","Port","WorkPcQ4","32-36",6,12.8,3.3
"SNR","W8+","Port","WorkPcQ4","36-40",20,11,4.9
"SNR","W8+","Port","WorkPcQ4",">40",7,11.3,2.4
"SNR","W8+","Stbd","Angle07F","<20",13,-41.4,5.1
"SNR","W8+","Stbd","Angle07F","20",13,-39.6,6
"SNR","W8+","Stbd","Angle07F","20-24",8,-40.2,5
"SNR","W8+","Stbd","Angle07F","24-28",10,-39.1,4.5
"SNR","W8+","Stbd","Angle07F","28-32",6,-39.7,4.1
"SNR","W8+","Stbd","Angle07F","32-36",6,-39.4,4.4
"SNR","W8+","Stbd","Angle07F","36-40",20,-39,25.4
"SNR","W8+","Stbd","Angle07F",">40",7,-40.3,2.1
"SNR","W8+","Stbd","AngleMaxF","<20",13,-21.8,8.1
"SNR","W8+","Stbd","AngleMaxF","20",13,-19.6,6.3
"SNR","W8+","Stbd","AngleMaxF","20-24",8,-21.3,7
"SNR","W8+","Stbd","AngleMaxF","24-28",10,-19.6,5.9
"SNR","W8+","Stbd","AngleMaxF","28-32",6,-19.4,6.4
"SNR","W8+","Stbd","AngleMaxF","32-36",6,-18.6,6.4
"SNR","W8+","Stbd","AngleMaxF","36-40",20,-21.8,7.3
"SNR","W8+","Stbd","AngleMaxF",">40",7,-24.2,6.8
"SNR","W8+","Stbd","CatchAngle","<20",13,-59.7,2.1
"SNR","W8+","Stbd","CatchAngle","20",13,-59.3,3
"SNR","W8+","Stbd","CatchAngle","20-24",8,-58.7,2.7
"SNR","W8+","Stbd","CatchAngle","24-28",10,-57.4,2.7
"SNR","W8+","Stbd","CatchAngle","28-32",6,-56.6,2.4
"SNR","W8+","Stbd","CatchAngle","32-36",6,-56,2.1
"SNR","W8+","Stbd","CatchAngle","36-40",20,-52.7,2.8
"SNR","W8+","Stbd","CatchAngle",">40",7,-53.2,2.5
"SNR","W8+","Stbd","CatchSlip","<20",13,11.1,2.9
"SNR","W8+","Stbd","CatchSlip","20",13,10.7,1.9
"SNR","W8+","Stbd","CatchSlip","20-24",8,10,2.2
"SNR","W8+","Stbd","CatchSlip","24-28",10,9,2.7
"SNR","W8+","Stbd","CatchSlip","28-32",6,9.3,2.2
"SNR","W8+","Stbd","CatchSlip","32-36",6,9,2.8
"SNR","W8+","Stbd","CatchSlip","36-40",20,8.1,2.7
"SNR","W8+","Stbd","CatchSlip",">40",7,6.3,2.4
"SNR","W8+","Stbd","DriveStartT","<20",13,63.7,3
"SNR","W8+","Stbd","DriveStartT","20",13,61.5,1.7
"SNR","W8+","Stbd","DriveStartT","20-24",8,59.7,3.3
"SNR","W8+","Stbd","DriveStartT","24-28",10,58.1,3.9
"SNR","W8+","Stbd","DriveStartT","28-32",6,54.7,2.6
"SNR","W8+","Stbd","DriveStartT","32-36",6,50.2,3.1
"SNR","W8+","Stbd","DriveStartT","36-40",20,47,2.7
"SNR","W8+","Stbd","DriveStartT",">40",7,45.3,1.7
"SNR","W8+","Stbd","DriveTime","<20",13,1.2,0.1
"SNR","W8+","Stbd","DriveTime","20",13,1.1,0.1
"SNR","W8+","Stbd","DriveTime","20-24",8,1,0.1
"SNR","W8+","Stbd","DriveTime","24-28",10,1,0.1
"SNR","W8+","Stbd","DriveTime","28-32",6,0.9,0.1
"SNR","W8+","Stbd","DriveTime","32-36",6,0.9,0.1
"SNR","W8+","Stbd","DriveTime","36-40",20,0.8,0.1
"SNR","W8+","Stbd","DriveTime",">40",7,0.8,0
"SNR","W8+","Stbd","EffectiveLength","<20",13,71.1,5.7
"SNR","W8+","Stbd","EffectiveLength","20",13,70.5,4.7
"SNR","W8+","Stbd","EffectiveLength","20-24",8,70,4.5
"SNR","W8+","Stbd","EffectiveLength","24-28",10,68.9,4.4
"SNR","W8+","Stbd","EffectiveLength","28-32",6,67.6,3.8
"SNR","W8+","Stbd","EffectiveLength","32-36",6,65.6,4
"SNR","W8+","Stbd","EffectiveLength","36-40",20,63.8,4.7
"SNR","W8+","Stbd","EffectiveLength",">40",7,65.9,4.3
"SNR","W8+","Stbd","FinishAngle","<20",13,31.1,2.5
"SNR","W8+","Stbd","FinishAngle","20",13,31.2,2
"SNR","W8+","Stbd","FinishAngle","20-24",8,31.2,2
"SNR","W8+","Stbd","FinishAngle","24-28",10,31.2,2.7
"SNR","W8+","Stbd","FinishAngle","28-32",6,31.7,1.8
"SNR","W8+","Stbd","FinishAngle","32-36",6,30.8,2.2
"SNR","W8+","Stbd","FinishAngle","36-40",20,30.1,3
"SNR","W8+","Stbd","FinishAngle",">40",7,29.8,3.3
"SNR","W8+","Stbd","FinishSlip","<20",13,8.6,3.8
"SNR","W8+","Stbd","FinishSlip","20",13,9.3,3.1
"SNR","W8+","Stbd","FinishSlip","20-24",8,9.8,3.5
"SNR","W8+","Stbd","FinishSlip","24-28",10,10.6,4
"SNR","W8+","Stbd","FinishSlip","28-32",6,11.3,4
"SNR","W8+","Stbd","FinishSlip","32-36",6,12.2,4.2
"SNR","W8+","Stbd","FinishSlip","36-40",20,10.9,4.2
"SNR","W8+","Stbd","FinishSlip",">40",7,10.9,3.6
"SNR","W8+","Stbd","Length","<20",13,90.8,3.8
"SNR","W8+","Stbd","Length","20",13,90.4,3.4
"SNR","W8+","Stbd","Length","20-24",8,89.9,3.5
"SNR","W8+","Stbd","Length","24-28",10,88.5,3.8
"SNR","W8+","Stbd","Length","28-32",6,88.3,2.7
"SNR","W8+","Stbd","Length","32-36",6,86.7,3.1
"SNR","W8+","Stbd","Length","36-40",20,82.8,4
"SNR","W8+","Stbd","Length",">40",7,83.1,4.3
"SNR","W8+","Stbd","MaxForcePc","<20",13,41.2,9.2
"SNR","W8+","Stbd","MaxForcePc","20",13,43.5,7.2
"SNR","W8+","Stbd","MaxForcePc","20-24",8,41.4,8.6
"SNR","W8+","Stbd","MaxForcePc","24-28",10,42.6,7.7
"SNR","W8+","Stbd","MaxForcePc","28-32",6,42,8.1
"SNR","W8+","Stbd","MaxForcePc","32-36",6,42.8,8.2
"SNR","W8+","Stbd","MaxForcePc","36-40",20,37,8.8
"SNR","W8+","Stbd","MaxForcePc",">40",7,34.9,9.1
"SNR","W8+","Stbd","RecoveryTime","<20",13,2.2,0.3
"SNR","W8+","Stbd","RecoveryTime","20",13,1.9,0.1
"SNR","W8+","Stbd","RecoveryTime","20-24",8,1.6,0.2
"SNR","W8+","Stbd","RecoveryTime","24-28",10,1.3,0.1
"SNR","W8+","Stbd","RecoveryTime","28-32",6,1.1,0.1
"SNR","W8+","Stbd","RecoveryTime","32-36",6,0.9,0.1
"SNR","W8+","Stbd","RecoveryTime","36-40",20,0.8,0.1
"SNR","W8+","Stbd","RecoveryTime",">40",7,0.7,0
"SNR","W8+","Stbd","SwivelPower","<20",13,149,22.5
"SNR","W8+","Stbd","SwivelPower","20",13,172.7,23
"SNR","W8+","Stbd","SwivelPower","20-24",8,192.1,39.9
"SNR","W8+","Stbd","SwivelPower","24-28",10,222.6,35.9
"SNR","W8+","Stbd","SwivelPower","28-32",6,235.5,35.1
"SNR","W8+","Stbd","SwivelPower","32-36",6,268.5,40.8
"SNR","W8+","Stbd","SwivelPower","36-40",20,275.4,40.3
"SNR","W8+","Stbd","SwivelPower",">40",7,327.1,44.1
"SNR","W8+","Stbd","WorkPcQ1","<20",13,14.8,3.3
"SNR","W8+","Stbd","WorkPcQ1","20",13,14.6,2.8
"SNR","W8+","Stbd","WorkPcQ1","20-24",8,15.5,2.9
"SNR","W8+","Stbd","WorkPcQ1","24-28",10,16.1,2.3
"SNR","W8+","Stbd","WorkPcQ1","28-32",6,16.9,2.4
"SNR","W8+","Stbd","WorkPcQ1","32-36",6,17.5,2.9
"SNR","W8+","Stbd","WorkPcQ1","36-40",20,19.4,2.9
"SNR","W8+","Stbd","WorkPcQ1",">40",7,20.3,2.3
"SNR","W8+","Stbd","WorkPcQ2","<20",13,38.1,2.9
"SNR","W8+","Stbd","WorkPcQ2","20",13,38.4,2.1
"SNR","W8+","Stbd","WorkPcQ2","20-24",8,38.8,2.3
"SNR","W8+","Stbd","WorkPcQ2","24-28",10,39.4,2.3
"SNR","W8+","Stbd","WorkPcQ2","28-32",6,39.4,2.6
"SNR","W8+","Stbd","WorkPcQ2","32-36",6,40.1,3.3
"SNR","W8+","Stbd","WorkPcQ2","36-40",20,40.3,3.1
"SNR","W8+","Stbd","WorkPcQ2",">40",7,40.4,2.8
"SNR","W8+","Stbd","WorkPcQ3","<20",13,35.4,3.1
"SNR","W8+","Stbd","WorkPcQ3","20",13,35.9,3.4
"SNR","W8+","Stbd","WorkPcQ3","20-24",8,34.8,3.8
"SNR","W8+","Stbd","WorkPcQ3","24-28",10,34.4,4
"SNR","W8+","Stbd","WorkPcQ3","28-32",6,34.1,3
"SNR","W8+","Stbd","WorkPcQ3","32-36",6,33.8,4.3
"SNR","W8+","Stbd","WorkPcQ3","36-40",20,31,3.2
"SNR","W8+","Stbd","WorkPcQ3",">40",7,30.3,2
"SNR","W8+","Stbd","WorkPcQ4","<20",13,11.7,3.3
"SNR","W8+","Stbd","WorkPcQ4","20",13,11.1,2.9
"SNR","W8+","Stbd","WorkPcQ4","20-24",8,10.9,3.3
"SNR","W8+","Stbd","WorkPcQ4","24-28",10,10.2,3.8
"SNR","W8+","Stbd","WorkPcQ4","28-32",6,9.6,3.9
"SNR","W8+","Stbd","WorkPcQ4","32-36",6,8.6,4.2
"SNR","W8+","Stbd","WorkPcQ4","36-40",20,9.3,4
"SNR","W8+","Stbd","WorkPcQ4",">40",7,8.9,3.6
"U23","LM1X","Port","Angle07F","20",1,-44.2,3.7
"U23","LM1X","Port","Angle07F","20-24",1,-35.5,2.9
"U23","LM1X","Port","Angle07F","24-28",1,-37.1,2.4
"U23","LM1X","Port","Angle07F","28-32",3,-40.8,3.3
"U23","LM1X","Port","AngleMaxF","20",1,-12,6.4
"U23","LM1X","Port","AngleMaxF","20-24",1,-9,2.6
"U23","LM1X","Port","AngleMaxF","24-28",1,-7.6,3
"U23","LM1X","Port","AngleMaxF","28-32",3,-12.4,5.2
"U23","LM1X","Port","CatchAngle","20",1,-62.9,1.9
"U23","LM1X","Port","CatchAngle","20-24",1,-60.6,1.1
"U23","LM1X","Port","CatchAngle","24-28",1,-61,1.1
"U23","LM1X","Port","CatchAngle","28-32",3,-60,1.5
"U23","LM1X","Port","CatchSlip","20",1,9.2,1.8
"U23","LM1X","Port","CatchSlip","20-24",1,12.8,3.2
"U23","LM1X","Port","CatchSlip","24-28",1,11.1,2.6
"U23","LM1X","Port","CatchSlip","28-32",3,9.6,1.6
"U23","LM1X","Port","DriveStartT","20",1,59.9,1.6
"U23","LM1X","Port","DriveStartT","20-24",1,61.1,1.9
"U23","LM1X","Port","DriveStartT","24-28",1,60,1.6
"U23","LM1X","Port","DriveStartT","28-32",3,56.5,1.9
"U23","LM1X","Port","DriveTime","20",1,1.2,0.1
"U23","LM1X","Port","DriveTime","20-24",1,1.2,0
"U23","LM1X","Port","DriveTime","24-28",1,1.1,0
"U23","LM1X","Port","DriveTime","28-32",3,1,0
"U23","LM1X","Port","EffectiveLength","20",1,87.9,3.8
"U23","LM1X","Port","EffectiveLength","20-24",1,86.8,3.6
"U23","LM1X","Port","EffectiveLength","24-28",1,86.4,3.3
"U23","LM1X","Port","EffectiveLength","28-32",3,83.5,3.7
"U23","LM1X","Port","FinishAngle","20",1,46.5,1.4
"U23","LM1X","Port","FinishAngle","20-24",1,48.7,1
"U23","LM1X","Port","FinishAngle","24-28",1,48,0.7
"U23","LM1X","Port","FinishAngle","28-32",3,46.4,1.3
"U23","LM1X","Port","FinishSlip","20",1,12.3,1.6
"U23","LM1X","Port","FinishSlip","20-24",1,9.8,0.9
"U23","LM1X","Port","FinishSlip","24-28",1,11.5,1
"U23","LM1X","Port","FinishSlip","28-32",3,13.4,2.3
"U23","LM1X","Port","Length","20",1,109.4,2.7
"U23","LM1X","Port","Length","20-24",1,109.4,1.7
"U23","LM1X","Port","Length","24-28",1,109,1.3
"U23","LM1X","Port","Length","28-32",3,106.5,2
"U23","LM1X","Port","MaxForcePc","20",1,46.3,5.8
"U23","LM1X","Port","MaxForcePc","20-24",1,47.2,2.4
"U23","LM1X","Port","MaxForcePc","24-28",1,49,2.5
"U23","LM1X","Port","MaxForcePc","28-32",3,44.7,4.8
"U23","LM1X","Port","RecoveryTime","20",1,1.7,0.1
"U23","LM1X","Port","RecoveryTime","20-24",1,1.6,0.1
"U23","LM1X","Port","RecoveryTime","24-28",1,1.2,0
"U23","LM1X","Port","RecoveryTime","28-32",3,1,0.2
"U23","LM1X","Port","SwivelPower","20",1,118.8,9.8
"U23","LM1X","Port","SwivelPower","20-24",1,110.8,5.3
"U23","LM1X","Port","SwivelPower","24-28",1,124.4,7.1
"U23","LM1X","Port","SwivelPower","28-32",3,149,10.6
"U23","LM1X","Port","WorkPcQ1","20",1,15.3,1.1
"U23","LM1X","Port","WorkPcQ1","20-24",1,13.1,1.4
"U23","LM1X","Port","WorkPcQ1","24-28",1,14,0.9
"U23","LM1X","Port","WorkPcQ1","28-32",3,15.9,1.2
"U23","LM1X","Port","WorkPcQ2","20",1,37.6,1.1
"U23","LM1X","Port","WorkPcQ2","20-24",1,38.4,0.8
"U23","LM1X","Port","WorkPcQ2","24-28",1,38.3,0.8
"U23","LM1X","Port","WorkPcQ2","28-32",3,39.2,1.1
"U23","LM1X","Port","WorkPcQ3","20",1,37.1,1.3
"U23","LM1X","Port","WorkPcQ3","20-24",1,37.1,1.1
"U23","LM1X","Port","WorkPcQ3","24-28",1,37.3,1
"U23","LM1X","Port","WorkPcQ3","28-32",3,36.2,1.2
"U23","LM1X","Port","WorkPcQ4","20",1,10.1,1.1
"U23","LM1X","Port","WorkPcQ4","20-24",1,11.5,0.7
"U23","LM1X","Port","WorkPcQ4","24-28",1,10.4,0.6
"U23","LM1X","Port","WorkPcQ4","28-32",3,8.7,1.6
"U23","LM1X","Stbd","Angle07F","20",1,-36.9,4.1
"U23","LM1X","Stbd","Angle07F","20-24",1,-40.4,3.3
"U23","LM1X","Stbd","Angle07F","24-28",1,-40.2,2.1
"U23","LM1X","Stbd","Angle07F","28-32",3,-39.9,2.7
"U23","LM1X","Stbd","AngleMaxF","20",1,-5.9,2.6
"U23","LM1X","Stbd","AngleMaxF","20-24",1,-7.4,2.3
"U23","LM1X","Stbd","AngleMaxF","24-28",1,-5.7,2.2
"U23","LM1X","Stbd","AngleMaxF","28-32",3,-6.9,2.8
"U23","LM1X","Stbd","CatchAngle","20",1,-66,1.9
"U23","LM1X","Stbd","CatchAngle","20-24",1,-65.9,1.5
"U23","LM1X","Stbd","CatchAngle","24-28",1,-65.6,1.2
"U23","LM1X","Stbd","CatchAngle","28-32",3,-63.6,1.2
"U23","LM1X","Stbd","CatchSlip","20",1,12.7,3.9
"U23","LM1X","Stbd","CatchSlip","20-24",1,9.1,2.7
"U23","LM1X","Stbd","CatchSlip","24-28",1,8.6,2.1
"U23","LM1X","Stbd","CatchSlip","28-32",3,9.7,2.7
"U23","LM1X","Stbd","DriveStartT","20",1,57.6,2.7
"U23","LM1X","Stbd","DriveStartT","20-24",1,63.3,1.8
"U23","LM1X","Stbd","DriveStartT","24-28",1,61.3,1.2
"U23","LM1X","Stbd","DriveStartT","28-32",3,56.5,2.2
"U23","LM1X","Stbd","DriveTime","20",1,1.2,0.1
"U23","LM1X","Stbd","DriveTime","20-24",1,1.2,0
"U23","LM1X","Stbd","DriveTime","24-28",1,1.1,0
"U23","LM1X","Stbd","DriveTime","28-32",3,1,0
"U23","LM1X","Stbd","EffectiveLength","20",1,85.8,5.9
"U23","LM1X","Stbd","EffectiveLength","20-24",1,95.5,3.8
"U23","LM1X","Stbd","EffectiveLength","24-28",1,94.1,2.1
"U23","LM1X","Stbd","EffectiveLength","28-32",3,86.7,5.2
"U23","LM1X","Stbd","FinishAngle","20",1,45.9,1.3
"U23","LM1X","Stbd","FinishAngle","20-24",1,48.3,1
"U23","LM1X","Stbd","FinishAngle","24-28",1,47.8,0.6
"U23","LM1X","Stbd","FinishAngle","28-32",3,45.4,1.2
"U23","LM1X","Stbd","FinishSlip","20",1,13.5,1.5
"U23","LM1X","Stbd","FinishSlip","20-24",1,9.6,1.2
"U23","LM1X","Stbd","FinishSlip","24-28",1,10.7,0.9
"U23","LM1X","Stbd","FinishSlip","28-32",3,12.6,2.4
"U23","LM1X","Stbd","Length","20",1,111.9,2.6
"U23","LM1X","Stbd","Length","20-24",1,114.2,2.1
"U23","LM1X","Stbd","Length","24-28",1,113.4,1.5
"U23","LM1X","Stbd","Length","28-32",3,109,1.8
"U23","LM1X","Stbd","MaxForcePc","20",1,53.6,2.4
"U23","LM1X","Stbd","MaxForcePc","20-24",1,51.2,2.1
"U23","LM1X","Stbd","MaxForcePc","24-28",1,52.8,2
"U23","LM1X","Stbd","MaxForcePc","28-32",3,52.1,2.6
"U23","LM1X","Stbd","RecoveryTime","20",1,1.7,0.1
"U23","LM1X","Stbd","RecoveryTime","20-24",1,1.6,0.1
"U23","LM1X","Stbd","RecoveryTime","24-28",1,1.2,0.1
"U23","LM1X","Stbd","RecoveryTime","28-32",3,1.1,0.2
"U23","LM1X","Stbd","SwivelPower","20",1,112.8,9.9
"U23","LM1X","Stbd","SwivelPower","20-24",1,131.4,7.2
"U23","LM1X","Stbd","SwivelPower","24-28",1,147.9,6.3
"U23","LM1X","Stbd","SwivelPower","28-32",3,156,13.3
"U23","LM1X","Stbd","WorkPcQ1","20",1,12.1,1.4
"U23","LM1X","Stbd","WorkPcQ1","20-24",1,12.8,1.2
"U23","LM1X","Stbd","WorkPcQ1","24-28",1,13.2,1
"U23","LM1X","Stbd","WorkPcQ1","28-32",3,14,1.3
"U23","LM1X","Stbd","WorkPcQ2","20",1,37.1,1.3
"U23","LM1X","Stbd","WorkPcQ2","20-24",1,37.7,1.2
"U23","LM1X","Stbd","WorkPcQ2","24-28",1,37.8,1
"U23","LM1X","Stbd","WorkPcQ2","28-32",3,38.4,1.2
"U23","LM1X","Stbd","WorkPcQ3","20",1,41.5,1.6
"U23","LM1X","Stbd","WorkPcQ3","20-24",1,38.7,1.3
"U23","LM1X","Stbd","WorkPcQ3","24-28",1,38.9,1
"U23","LM1X","Stbd","WorkPcQ3","28-32",3,38.5,1.3
"U23","LM1X","Stbd","WorkPcQ4","20",1,9.3,1.2
"U23","LM1X","Stbd","WorkPcQ4","20-24",1,10.7,0.9
"U23","LM1X","Stbd","WorkPcQ4","24-28",1,10.1,0.7
"U23","LM1X","Stbd","WorkPcQ4","28-32",3,9.1,1.3
"U23","LW1X","Port","Angle07F","20",2,-47.1,2.9
"U23","LW1X","Port","Angle07F","20-24",2,-49.4,1.9
"U23","LW1X","Port","Angle07F","24-28",8,-50.5,3.1
"U23","LW1X","Port","Angle07F","28-32",9,-48.7,3.3
"U23","LW1X","Port","Angle07F","32-36",9,-46.4,4.4
"U23","LW1X","Port","Angle07F","36-40",4,-51,3.1
"U23","LW1X","Port","AngleMaxF","20",2,-18.3,4.4
"U23","LW1X","Port","AngleMaxF","20-24",2,-20.2,6
"U23","LW1X","Port","AngleMaxF","24-28",8,-23.6,6.8
"U23","LW1X","Port","AngleMaxF","28-32",9,-24.6,8.4
"U23","LW1X","Port","AngleMaxF","32-36",9,-21.8,6.2
"U23","LW1X","Port","AngleMaxF","36-40",4,-24.5,5.3
"U23","LW1X","Port","CatchAngle","20",2,-62,3.5
"U23","LW1X","Port","CatchAngle","20-24",2,-62,1.2
"U23","LW1X","Port","CatchAngle","24-28",8,-62.6,1.8
"U23","LW1X","Port","CatchAngle","28-32",9,-63,2.3
"U23","LW1X","Port","CatchAngle","32-36",9,-58.1,1.9
"U23","LW1X","Port","CatchAngle","36-40",4,-58.9,3.4
"U23","LW1X","Port","CatchSlip","20",2,10.8,2.4
"U23","LW1X","Port","CatchSlip","20-24",2,9.1,1.5
"U23","LW1X","Port","CatchSlip","24-28",8,8.9,2
"U23","LW1X","Port","CatchSlip","28-32",9,10.3,1.7
"U23","LW1X","Port","CatchSlip","32-36",9,8.2,1.8
"U23","LW1X","Port","CatchSlip","36-40",4,6.9,2
"U23","LW1X","Port","DriveStartT","20",2,59.7,2.6
"U23","LW1X","Port","DriveStartT","20-24",2,59.2,1.9
"U23","LW1X","Port","DriveStartT","24-28",8,57.1,1.6
"U23","LW1X","Port","DriveStartT","28-32",9,55.5,2.1
"U23","LW1X","Port","DriveStartT","32-36",9,51.9,2.2
"U23","LW1X","Port","DriveStartT","36-40",4,49.7,2.7
"U23","LW1X","Port","DriveTime","20",2,1.2,0
"U23","LW1X","Port","DriveTime","20-24",2,1.1,0
"U23","LW1X","Port","DriveTime","24-28",8,1.1,0
"U23","LW1X","Port","DriveTime","28-32",9,1,0
"U23","LW1X","Port","DriveTime","32-36",9,0.9,0
"U23","LW1X","Port","DriveTime","36-40",4,0.9,0
"U23","LW1X","Port","EffectiveLength","20",2,76.3,7.1
"U23","LW1X","Port","EffectiveLength","20-24",2,75.7,3.1
"U23","LW1X","Port","EffectiveLength","24-28",8,73.4,3
"U23","LW1X","Port","EffectiveLength","28-32",9,71.8,2.8
"U23","LW1X","Port","EffectiveLength","32-36",9,69.2,2.9
"U23","LW1X","Port","EffectiveLength","36-40",4,70.8,3
"U23","LW1X","Port","FinishAngle","20",2,38.3,0.7
"U23","LW1X","Port","FinishAngle","20-24",2,37.9,0.8
"U23","LW1X","Port","FinishAngle","24-28",8,36.7,1.1
"U23","LW1X","Port","FinishAngle","28-32",9,35.5,1.6
"U23","LW1X","Port","FinishAngle","32-36",9,35.4,0.8
"U23","LW1X","Port","FinishAngle","36-40",4,34.8,0.8
"U23","LW1X","Port","FinishSlip","20",2,13.1,2.2
"U23","LW1X","Port","FinishSlip","20-24",2,15,1.3
"U23","LW1X","Port","FinishSlip","24-28",8,17,1.3
"U23","LW1X","Port","FinishSlip","28-32",9,16.2,1.3
"U23","LW1X","Port","FinishSlip","32-36",9,16.2,1
"U23","LW1X","Port","FinishSlip","36-40",4,16.1,1.2
"U23","LW1X","Port","Length","20",2,100.3,3.9
"U23","LW1X","Port","Length","20-24",2,99.9,1.6
"U23","LW1X","Port","Length","24-28",8,99.3,1.6
"U23","LW1X","Port","Length","28-32",9,98.4,1.9
"U23","LW1X","Port","Length","32-36",9,93.5,2
"U23","LW1X","Port","Length","36-40",4,93.7,3.6
"U23","LW1X","Port","MaxForcePc","20",2,43.5,4.9
"U23","LW1X","Port","MaxForcePc","20-24",2,41.6,6
"U23","LW1X","Port","MaxForcePc","24-28",8,39.2,6.1
"U23","LW1X","Port","MaxForcePc","28-32",9,39,7.2
"U23","LW1X","Port","MaxForcePc","32-36",9,38.9,6.2
"U23","LW1X","Port","MaxForcePc","36-40",4,36.8,4.9
"U23","LW1X","Port","RecoveryTime","20",2,1.7,0.1
"U23","LW1X","Port","RecoveryTime","20-24",2,1.6,0.2
"U23","LW1X","Port","RecoveryTime","24-28",8,1.3,0.1
"U23","LW1X","Port","RecoveryTime","28-32",9,1,0.1
"U23","LW1X","Port","RecoveryTime","32-36",9,0.8,0
"U23","LW1X","Port","RecoveryTime","36-40",4,0.8,0
"U23","LW1X","Port","SwivelPower","20",2,71.5,9.6
"U23","LW1X","Port","SwivelPower","20-24",2,72.7,4.8
"U23","LW1X","Port","SwivelPower","24-28",8,80.9,5.8
"U23","LW1X","Port","SwivelPower","28-32",9,90,5.1
"U23","LW1X","Port","SwivelPower","32-36",9,101.8,8.5
"U23","LW1X","Port","SwivelPower","36-40",4,108.3,11.5
"U23","LW1X","Port","WorkPcQ1","20",2,17.5,1.3
"U23","LW1X","Port","WorkPcQ1","20-24",2,19.3,0.7
"U23","LW1X","Port","WorkPcQ1","24-28",8,19.6,1.2
"U23","LW1X","Port","WorkPcQ1","28-32",9,18.4,1
"U23","LW1X","Port","WorkPcQ1","32-36",9,20.1,1.3
"U23","LW1X","Port","WorkPcQ1","36-40",4,20.9,1.5
"U23","LW1X","Port","WorkPcQ2","20",2,38.5,1.1
"U23","LW1X","Port","WorkPcQ2","20-24",2,38.8,0.7
"U23","LW1X","Port","WorkPcQ2","24-28",8,39.5,0.8
"U23","LW1X","Port","WorkPcQ2","28-32",9,39.6,0.8
"U23","LW1X","Port","WorkPcQ2","32-36",9,39.1,1.1
"U23","LW1X","Port","WorkPcQ2","36-40",4,38.1,0.7
"U23","LW1X","Port","WorkPcQ3","20",2,34.1,1.1
"U23","LW1X","Port","WorkPcQ3","20-24",2,33,0.7
"U23","LW1X","Port","WorkPcQ3","24-28",8,33,0.8
"U23","LW1X","Port","WorkPcQ3","28-32",9,33.1,1.1
"U23","LW1X","Port","WorkPcQ3","32-36",9,32.4,0.8
"U23","LW1X","Port","WorkPcQ3","36-40",4,32.8,1.1
"U23","LW1X","Port","WorkPcQ4","20",2,10,1.1
"U23","LW1X","Port","WorkPcQ4","20-24",2,8.9,0.6
"U23","LW1X","Port","WorkPcQ4","24-28",8,7.8,0.9
"U23","LW1X","Port","WorkPcQ4","28-32",9,8.9,0.7
"U23","LW1X","Port","WorkPcQ4","32-36",9,8.4,0.7
"U23","LW1X","Port","WorkPcQ4","36-40",4,8.1,0.7
"U23","LW1X","Stbd","Angle07F","20",2,-46.2,2.9
"U23","LW1X","Stbd","Angle07F","20-24",2,-47.7,2.2
"U23","LW1X","Stbd","Angle07F","24-28",8,-47,3.3
"U23","LW1X","Stbd","Angle07F","28-32",9,-46.3,4.2
"U23","LW1X","Stbd","Angle07F","32-36",9,-46,4.8
"U23","LW1X","Stbd","Angle07F","36-40",4,-50.1,2.7
"U23","LW1X","Stbd","AngleMaxF","20",2,-18.7,2.9
"U23","LW1X","Stbd","AngleMaxF","20-24",2,-19.2,3.4
"U23","LW1X","Stbd","AngleMaxF","24-28",8,-21.3,4.4
"U23","LW1X","Stbd","AngleMaxF","28-32",9,-20.5,4.1
"U23","LW1X","Stbd","AngleMaxF","32-36",9,-20.1,4.6
"U23","LW1X","Stbd","AngleMaxF","36-40",4,-23.5,4.4
"U23","LW1X","Stbd","CatchAngle","20",2,-61.4,2.8
"U23","LW1X","Stbd","CatchAngle","20-24",2,-64.1,1.3
"U23","LW1X","Stbd","CatchAngle","24-28",8,-62.6,1.5
"U23","LW1X","Stbd","CatchAngle","28-32",9,-61.3,2.5
"U23","LW1X","Stbd","CatchAngle","32-36",9,-57.8,2
"U23","LW1X","Stbd","CatchAngle","36-40",4,-58.5,3.1
"U23","LW1X","Stbd","CatchSlip","20",2,9.7,3.4
"U23","LW1X","Stbd","CatchSlip","20-24",2,11.7,2.6
"U23","LW1X","Stbd","CatchSlip","24-28",8,10.6,2.8
"U23","LW1X","Stbd","CatchSlip","28-32",9,10,2.7
"U23","LW1X","Stbd","CatchSlip","32-36",9,8.5,2.8
"U23","LW1X","Stbd","CatchSlip","36-40",4,7.3,1.5
"U23","LW1X","Stbd","DriveStartT","20",2,60.4,2.5
"U23","LW1X","Stbd","DriveStartT","20-24",2,59.7,2.5
"U23","LW1X","Stbd","DriveStartT","24-28",8,57.7,2.1
"U23","LW1X","Stbd","DriveStartT","28-32",9,55.7,2.3
"U23","LW1X","Stbd","DriveStartT","32-36",9,52,2.1
"U23","LW1X","Stbd","DriveStartT","36-40",4,50.4,2.7
"U23","LW1X","Stbd","DriveTime","20",2,1.2,0
"U23","LW1X","Stbd","DriveTime","20-24",2,1.1,0
"U23","LW1X","Stbd","DriveTime","24-28",8,1.1,0
"U23","LW1X","Stbd","DriveTime","28-32",9,1.1,0
"U23","LW1X","Stbd","DriveTime","32-36",9,1,0
"U23","LW1X","Stbd","DriveTime","36-40",4,0.9,0
"U23","LW1X","Stbd","EffectiveLength","20",2,77.8,6.2
"U23","LW1X","Stbd","EffectiveLength","20-24",2,76.5,4.3
"U23","LW1X","Stbd","EffectiveLength","24-28",8,74.3,4.1
"U23","LW1X","Stbd","EffectiveLength","28-32",9,72.9,3.8
"U23","LW1X","Stbd","EffectiveLength","32-36",9,70.3,3.7
"U23","LW1X","Stbd","EffectiveLength","36-40",4,72.3,2.9
"U23","LW1X","Stbd","FinishAngle","20",2,39.3,0.6
"U23","LW1X","Stbd","FinishAngle","20-24",2,38.8,0.6
"U23","LW1X","Stbd","FinishAngle","24-28",8,39,0.6
"U23","LW1X","Stbd","FinishAngle","28-32",9,38,0.6
"U23","LW1X","Stbd","FinishAngle","32-36",9,37.2,0.7
"U23","LW1X","Stbd","FinishAngle","36-40",4,37,1
"U23","LW1X","Stbd","FinishSlip","20",2,13.2,1.5
"U23","LW1X","Stbd","FinishSlip","20-24",2,14.8,1.3
"U23","LW1X","Stbd","FinishSlip","24-28",8,16.6,1
"U23","LW1X","Stbd","FinishSlip","28-32",9,16.5,1.9
"U23","LW1X","Stbd","FinishSlip","32-36",9,16.2,1
"U23","LW1X","Stbd","FinishSlip","36-40",4,15.9,1.4
"U23","LW1X","Stbd","Length","20",2,100.8,3.1
"U23","LW1X","Stbd","Length","20-24",2,102.9,1.7
"U23","LW1X","Stbd","Length","24-28",8,101.5,1.8
"U23","LW1X","Stbd","Length","28-32",9,99.3,2.5
"U23","LW1X","Stbd","Length","32-36",9,95,2.2
"U23","LW1X","Stbd","Length","36-40",4,95.4,3.4
"U23","LW1X","Stbd","MaxForcePc","20",2,42.4,2.7
"U23","LW1X","Stbd","MaxForcePc","20-24",2,43.5,3.3
"U23","LW1X","Stbd","MaxForcePc","24-28",8,40.6,4.3
"U23","LW1X","Stbd","MaxForcePc","28-32",9,41.2,3.4
"U23","LW1X","Stbd","MaxForcePc","32-36",9,39.7,4.6
"U23","LW1X","Stbd","MaxForcePc","36-40",4,36.7,4.8
"U23","LW1X","Stbd","RecoveryTime","20",2,1.7,0.1
"U23","LW1X","Stbd","RecoveryTime","20-24",2,1.5,0.2
"U23","LW1X","Stbd","RecoveryTime","24-28",8,1.3,0.1
"U23","LW1X","Stbd","RecoveryTime","28-32",9,1,0.1
"U23","LW1X","Stbd","RecoveryTime","32-36",9,0.8,0
"U23","LW1X","Stbd","RecoveryTime","36-40",4,0.7,0
"U23","LW1X","Stbd","SwivelPower","20",2,73.2,7.7
"U23","LW1X","Stbd","SwivelPower","20-24",2,73.9,5.9
"U23","LW1X","Stbd","SwivelPower","24-28",8,82.2,6.7
"U23","LW1X","Stbd","SwivelPower","28-32",9,90.7,5.9
"U23","LW1X","Stbd","SwivelPower","32-36",9,102.2,9.6
"U23","LW1X","Stbd","SwivelPower","36-40",4,110.5,12.1
"U23","LW1X","Stbd","WorkPcQ1","20",2,18.1,0.9
"U23","LW1X","Stbd","WorkPcQ1","20-24",2,17.4,0.7
"U23","LW1X","Stbd","WorkPcQ1","24-28",8,18.6,1.1
"U23","LW1X","Stbd","WorkPcQ1","28-32",9,19.2,1.2
"U23","LW1X","Stbd","WorkPcQ1","32-36",9,20.3,1.4
"U23","LW1X","Stbd","WorkPcQ1","36-40",4,21.4,1.3
"U23","LW1X","Stbd","WorkPcQ2","20",2,38.8,0.9
"U23","LW1X","Stbd","WorkPcQ2","20-24",2,39,0.8
"U23","LW1X","Stbd","WorkPcQ2","24-28",8,40.4,0.9
"U23","LW1X","Stbd","WorkPcQ2","28-32",9,40.3,1
"U23","LW1X","Stbd","WorkPcQ2","32-36",9,39.6,0.8
"U23","LW1X","Stbd","WorkPcQ2","36-40",4,38.3,1.1
"U23","LW1X","Stbd","WorkPcQ3","20",2,33.5,0.8
"U23","LW1X","Stbd","WorkPcQ3","20-24",2,34,0.8
"U23","LW1X","Stbd","WorkPcQ3","24-28",8,32.8,1
"U23","LW1X","Stbd","WorkPcQ3","28-32",9,32.4,0.9
"U23","LW1X","Stbd","WorkPcQ3","32-36",9,32.1,0.9
"U23","LW1X","Stbd","WorkPcQ3","36-40",4,32.4,1.1
"U23","LW1X","Stbd","WorkPcQ4","20",2,9.5,0.6
"U23","LW1X","Stbd","WorkPcQ4","20-24",2,9.6,0.5
"U23","LW1X","Stbd","WorkPcQ4","24-28",8,8.1,0.8
"U23","LW1X","Stbd","WorkPcQ4","28-32",9,8.1,0.9
"U23","LW1X","Stbd","WorkPcQ4","32-36",9,8,0.5
"U23","LW1X","Stbd","WorkPcQ4","36-40",4,8,0.9
"U23","M1X","Port","Angle07F","20-24",4,-54.7,2.4
"U23","M1X","Port","Angle07F","28-32",4,-49.5,2.4
"U23","M1X","Port","Angle07F","32-36",2,-51.4,2.1
"U23","M1X","Port","Angle07F",">40",3,-15.5,2.8
"U23","M1X","Port","Angle07F",NA,3,-51.8,4.8
"U23","M1X","Port","AngleMaxF","20-24",4,-22.6,5
"U23","M1X","Port","AngleMaxF","28-32",4,-28.5,1.9
"U23","M1X","Port","AngleMaxF","32-36",2,-28.8,1.4
"U23","M1X","Port","AngleMaxF",">40",3,18.1,8.8
"U23","M1X","Port","AngleMaxF",NA,3,-24.8,15.4
"U23","M1X","Port","CatchAngle","20-24",4,-71.7,1.2
"U23","M1X","Port","CatchAngle","28-32",4,-68.3,0.9
"U23","M1X","Port","CatchAngle","32-36",2,-67.9,1
"U23","M1X","Port","CatchAngle",">40",3,-21.3,6.7
"U23","M1X","Port","CatchAngle",NA,3,-55.9,6
"U23","M1X","Port","CatchSlip","20-24",4,7.9,1.1
"U23","M1X","Port","CatchSlip","28-32",4,6.8,1.3
"U23","M1X","Port","CatchSlip","32-36",2,6.1,1
"U23","M1X","Port","CatchSlip",">40",3,4.8,0.9
"U23","M1X","Port","CatchSlip",NA,3,2.7,1
"U23","M1X","Port","DriveStartT","20-24",4,65.5,1.3
"U23","M1X","Port","DriveStartT","28-32",4,58.6,1.3
"U23","M1X","Port","DriveStartT","32-36",2,53.5,1.4
"U23","M1X","Port","DriveStartT",">40",3,44.5,8.1
"U23","M1X","Port","DriveStartT",NA,3,41,7.3
"U23","M1X","Port","DriveTime","20-24",4,1.3,0
"U23","M1X","Port","DriveTime","28-32",4,1,0
"U23","M1X","Port","DriveTime","32-36",2,1,0
"U23","M1X","Port","DriveTime",">40",3,0.7,0
"U23","M1X","Port","DriveTime",NA,3,0.7,0.1
"U23","M1X","Port","EffectiveLength","20-24",4,92.9,2.6
"U23","M1X","Port","EffectiveLength","28-32",4,90.4,2.8
"U23","M1X","Port","EffectiveLength","32-36",2,88.3,1.7
"U23","M1X","Port","EffectiveLength",">40",3,84.3,6
"U23","M1X","Port","EffectiveLength",NA,3,78.1,5.5
"U23","M1X","Port","FinishAngle","20-24",4,44.9,1.1
"U23","M1X","Port","FinishAngle","28-32",4,41.9,1.1
"U23","M1X","Port","FinishAngle","32-36",2,40.1,0.8
"U23","M1X","Port","FinishAngle",">40",3,71.7,0.8
"U23","M1X","Port","FinishAngle",NA,3,31.3,1.8
"U23","M1X","Port","FinishSlip","20-24",4,15.7,1.4
"U23","M1X","Port","FinishSlip","28-32",4,13,2.5
"U23","M1X","Port","FinishSlip","32-36",2,13.7,1.2
"U23","M1X","Port","FinishSlip",">40",3,4.1,1
"U23","M1X","Port","FinishSlip",NA,3,7.2,4
"U23","M1X","Port","Length","20-24",4,116.5,1.8
"U23","M1X","Port","Length","28-32",4,110.2,1.6
"U23","M1X","Port","Length","32-36",2,108,1.1
"U23","M1X","Port","Length",">40",3,93,6.9
"U23","M1X","Port","Length",NA,3,87.3,7
"U23","M1X","Port","MaxForcePc","20-24",4,42.1,4.3
"U23","M1X","Port","MaxForcePc","28-32",4,36.1,1.7
"U23","M1X","Port","MaxForcePc","32-36",2,36.3,1.1
"U23","M1X","Port","MaxForcePc",">40",3,44.7,8.9
"U23","M1X","Port","MaxForcePc",NA,3,38.1,15.9
"U23","M1X","Port","RecoveryTime","20-24",4,1.4,0.1
"U23","M1X","Port","RecoveryTime","28-32",4,1,0
"U23","M1X","Port","RecoveryTime","32-36",2,0.8,0.1
"U23","M1X","Port","RecoveryTime",">40",3,0.5,0
"U23","M1X","Port","RecoveryTime",NA,3,0.5,0
"U23","M1X","Port","SwivelPower","20-24",4,127.3,7.9
"U23","M1X","Port","SwivelPower","28-32",4,220.6,15.2
"U23","M1X","Port","SwivelPower","32-36",2,240.1,14
"U23","M1X","Port","SwivelPower",">40",3,285.5,23.6
"U23","M1X","Port","SwivelPower",NA,3,315.6,37.8
"U23","M1X","Port","WorkPcQ1","20-24",4,15.3,0.8
"U23","M1X","Port","WorkPcQ1","28-32",4,15.9,0.9
"U23","M1X","Port","WorkPcQ1","32-36",2,16.9,0.9
"U23","M1X","Port","WorkPcQ1",">40",3,25.9,1
"U23","M1X","Port","WorkPcQ1",NA,3,22,3.2
"U23","M1X","Port","WorkPcQ2","20-24",4,37.8,1
"U23","M1X","Port","WorkPcQ2","28-32",4,41.9,0.8
"U23","M1X","Port","WorkPcQ2","32-36",2,41.9,0.8
"U23","M1X","Port","WorkPcQ2",">40",3,35.7,1.2
"U23","M1X","Port","WorkPcQ2",NA,3,34.1,3.5
"U23","M1X","Port","WorkPcQ3","20-24",4,37.2,0.8
"U23","M1X","Port","WorkPcQ3","28-32",4,34.2,1.1
"U23","M1X","Port","WorkPcQ3","32-36",2,33.6,0.9
"U23","M1X","Port","WorkPcQ3",">40",3,28.9,1.1
"U23","M1X","Port","WorkPcQ3",NA,3,33.7,3.3
"U23","M1X","Port","WorkPcQ4","20-24",4,9.7,1.1
"U23","M1X","Port","WorkPcQ4","28-32",4,8,1.1
"U23","M1X","Port","WorkPcQ4","32-36",2,7.6,0.8
"U23","M1X","Port","WorkPcQ4",">40",3,9.5,0.8
"U23","M1X","Port","WorkPcQ4",NA,3,10.2,3.9
"U23","M1X","Stbd","Angle07F","20-24",4,-58.2,3.1
"U23","M1X","Stbd","Angle07F","28-32",2,-3.4,3.8
"U23","M1X","Stbd","Angle07F",">40",3,-75,7.6
"U23","M1X","Stbd","Angle07F",NA,3,-50,4.4
"U23","M1X","Stbd","AngleMaxF","20-24",4,-24.7,8.6
"U23","M1X","Stbd","AngleMaxF","28-32",2,18.5,4.1
"U23","M1X","Stbd","AngleMaxF",">40",3,-37.7,3.9
"U23","M1X","Stbd","AngleMaxF",NA,3,-16,9.4
"U23","M1X","Stbd","CatchAngle","20-24",4,-73.8,1
"U23","M1X","Stbd","CatchAngle","28-32",2,-45.3,1.2
"U23","M1X","Stbd","CatchAngle",">40",3,-87.3,5.2
"U23","M1X","Stbd","CatchAngle",NA,3,-57.9,4.6
"U23","M1X","Stbd","CatchSlip","20-24",4,7.3,1.3
"U23","M1X","Stbd","CatchSlip","28-32",2,51.9,5.9
"U23","M1X","Stbd","CatchSlip",">40",3,4.9,0.9
"U23","M1X","Stbd","CatchSlip",NA,3,3.9,1
"U23","M1X","Stbd","DriveStartT","20-24",4,65.9,1.4
"U23","M1X","Stbd","DriveStartT","28-32",2,37.7,2.6
"U23","M1X","Stbd","DriveStartT",">40",3,44.7,7.9
"U23","M1X","Stbd","DriveStartT",NA,3,40.1,7.4
"U23","M1X","Stbd","DriveTime","20-24",4,1.3,0
"U23","M1X","Stbd","DriveTime","28-32",2,1,0
"U23","M1X","Stbd","DriveTime",">40",3,0.8,0
"U23","M1X","Stbd","DriveTime",NA,3,0.7,0.1
"U23","M1X","Stbd","EffectiveLength","20-24",4,95.8,2.5
"U23","M1X","Stbd","EffectiveLength","28-32",2,39.7,7
"U23","M1X","Stbd","EffectiveLength",">40",3,87.6,4.6
"U23","M1X","Stbd","EffectiveLength",NA,3,81.4,4.3
"U23","M1X","Stbd","FinishAngle","20-24",4,44.5,1.2
"U23","M1X","Stbd","FinishAngle","28-32",2,66.3,2.2
"U23","M1X","Stbd","FinishAngle",">40",3,9.9,0.9
"U23","M1X","Stbd","FinishAngle",NA,3,34.1,1.6
"U23","M1X","Stbd","FinishSlip","20-24",4,15.2,1
"U23","M1X","Stbd","FinishSlip","28-32",2,20,1.5
"U23","M1X","Stbd","FinishSlip",">40",3,4.7,1.1
"U23","M1X","Stbd","FinishSlip",NA,3,6.7,2.9
"U23","M1X","Stbd","Length","20-24",4,118.3,1.8
"U23","M1X","Stbd","Length","28-32",2,111.5,2.2
"U23","M1X","Stbd","Length",">40",3,97.2,5.2
"U23","M1X","Stbd","Length",NA,3,92,5.1
"U23","M1X","Stbd","MaxForcePc","20-24",4,41.5,7.3
"U23","M1X","Stbd","MaxForcePc","28-32",2,57.2,3.8
"U23","M1X","Stbd","MaxForcePc",">40",3,51.3,3.1
"U23","M1X","Stbd","MaxForcePc",NA,3,46.4,9
"U23","M1X","Stbd","RecoveryTime","20-24",4,1.4,0.1
"U23","M1X","Stbd","RecoveryTime","28-32",2,1,0.1
"U23","M1X","Stbd","RecoveryTime",">40",3,0.5,0
"U23","M1X","Stbd","RecoveryTime",NA,3,0.5,0
"U23","M1X","Stbd","SwivelPower","20-24",4,135.2,8.5
"U23","M1X","Stbd","SwivelPower","28-32",2,55.5,5.9
"U23","M1X","Stbd","SwivelPower",">40",3,241.6,16.4
"U23","M1X","Stbd","SwivelPower",NA,3,350.7,43.1
"U23","M1X","Stbd","WorkPcQ1","20-24",4,15,1
"U23","M1X","Stbd","WorkPcQ1","28-32",2,2.1,2.5
"U23","M1X","Stbd","WorkPcQ1",">40",3,8.8,1.5
"U23","M1X","Stbd","WorkPcQ1",NA,3,18.8,2.6
"U23","M1X","Stbd","WorkPcQ2","20-24",4,37.1,0.9
"U23","M1X","Stbd","WorkPcQ2","28-32",2,40.8,2.3
"U23","M1X","Stbd","WorkPcQ2",">40",3,28.2,1.4
"U23","M1X","Stbd","WorkPcQ2",NA,3,34.3,3.3
"U23","M1X","Stbd","WorkPcQ3","20-24",4,37.7,1.1
"U23","M1X","Stbd","WorkPcQ3","28-32",2,47.9,2.5
"U23","M1X","Stbd","WorkPcQ3",">40",3,41.4,1.4
"U23","M1X","Stbd","WorkPcQ3",NA,3,35,2.4
"U23","M1X","Stbd","WorkPcQ4","20-24",4,10.2,0.8
"U23","M1X","Stbd","WorkPcQ4","28-32",2,9.2,1.3
"U23","M1X","Stbd","WorkPcQ4",">40",3,21.7,2
"U23","M1X","Stbd","WorkPcQ4",NA,3,12,3.8
"U23","M2-","Port","Angle07F","<20",8,-35.7,3.7
"U23","M2-","Port","Angle07F","20",6,-34.7,3.2
"U23","M2-","Port","Angle07F","20-24",5,-29.3,2.1
"U23","M2-","Port","Angle07F","24-28",26,-35.6,4.3
"U23","M2-","Port","Angle07F","28-32",16,-36.6,3.2
"U23","M2-","Port","Angle07F","32-36",17,-38.9,3.7
"U23","M2-","Port","Angle07F","36-40",5,-39.6,2.8
"U23","M2-","Port","Angle07F",">40",1,-35.3,1.5
"U23","M2-","Port","AngleMaxF","<20",8,-11.7,2.5
"U23","M2-","Port","AngleMaxF","20",6,-10.9,3.7
"U23","M2-","Port","AngleMaxF","20-24",5,-10.2,3.4
"U23","M2-","Port","AngleMaxF","24-28",26,-13.8,4.2
"U23","M2-","Port","AngleMaxF","28-32",16,-15.6,3.7
"U23","M2-","Port","AngleMaxF","32-36",17,-17.5,3.7
"U23","M2-","Port","AngleMaxF","36-40",5,-14,3.3
"U23","M2-","Port","AngleMaxF",">40",1,-8.2,3.8
"U23","M2-","Port","CatchAngle","<20",8,-60.8,4.4
"U23","M2-","Port","CatchAngle","20",6,-59.3,4
"U23","M2-","Port","CatchAngle","20-24",5,-54.9,2.8
"U23","M2-","Port","CatchAngle","24-28",26,-57.2,3.1
"U23","M2-","Port","CatchAngle","28-32",16,-54,3.1
"U23","M2-","Port","CatchAngle","32-36",17,-55.3,3.8
"U23","M2-","Port","CatchAngle","36-40",5,-56.5,2
"U23","M2-","Port","CatchAngle",">40",1,-48.6,3.4
"U23","M2-","Port","CatchSlip","<20",8,9.6,1.5
"U23","M2-","Port","CatchSlip","20",6,9.3,1.3
"U23","M2-","Port","CatchSlip","20-24",5,8.5,1.8
"U23","M2-","Port","CatchSlip","24-28",26,7.5,2.3
"U23","M2-","Port","CatchSlip","28-32",16,7.5,1.8
"U23","M2-","Port","CatchSlip","32-36",17,6.5,1.4
"U23","M2-","Port","CatchSlip","36-40",5,5.7,1.5
"U23","M2-","Port","CatchSlip",">40",1,0.9,1.6
"U23","M2-","Port","DriveStartT","<20",8,62.9,2.3
"U23","M2-","Port","DriveStartT","20",6,61.7,1.8
"U23","M2-","Port","DriveStartT","20-24",5,58.9,3.3
"U23","M2-","Port","DriveStartT","24-28",26,58.4,3.4
"U23","M2-","Port","DriveStartT","28-32",16,55.7,2.9
"U23","M2-","Port","DriveStartT","32-36",17,54.6,2.3
"U23","M2-","Port","DriveStartT","36-40",5,51.7,4
"U23","M2-","Port","DriveStartT",">40",1,50.2,2.2
"U23","M2-","Port","DriveTime","<20",8,1.3,0.1
"U23","M2-","Port","DriveTime","20",6,1.2,0.1
"U23","M2-","Port","DriveTime","20-24",5,1.1,0.1
"U23","M2-","Port","DriveTime","24-28",26,1.1,0.1
"U23","M2-","Port","DriveTime","28-32",16,1,0.1
"U23","M2-","Port","DriveTime","32-36",17,0.9,0.1
"U23","M2-","Port","DriveTime","36-40",5,0.8,0
"U23","M2-","Port","DriveTime",">40",1,0.8,0
"U23","M2-","Port","EffectiveLength","<20",8,74.2,6.2
"U23","M2-","Port","EffectiveLength","20",6,71.9,4.3
"U23","M2-","Port","EffectiveLength","20-24",5,68.8,2.6
"U23","M2-","Port","EffectiveLength","24-28",26,71.4,4.7
"U23","M2-","Port","EffectiveLength","28-32",16,66.2,6.8
"U23","M2-","Port","EffectiveLength","32-36",17,70.3,5.5
"U23","M2-","Port","EffectiveLength","36-40",5,71.9,4.1
"U23","M2-","Port","EffectiveLength",">40",1,76.2,3.3
"U23","M2-","Port","FinishAngle","<20",8,31.6,0.9
"U23","M2-","Port","FinishAngle","20",6,31.4,1.1
"U23","M2-","Port","FinishAngle","20-24",5,32.7,2.8
"U23","M2-","Port","FinishAngle","24-28",26,30.8,2.2
"U23","M2-","Port","FinishAngle","28-32",16,30.8,1.9
"U23","M2-","Port","FinishAngle","32-36",17,30,1.7
"U23","M2-","Port","FinishAngle","36-40",5,29.2,2.2
"U23","M2-","Port","FinishAngle",">40",1,34.4,0.4
"U23","M2-","Port","FinishSlip","<20",8,8.6,1.3
"U23","M2-","Port","FinishSlip","20",6,9.4,1.2
"U23","M2-","Port","FinishSlip","20-24",5,10.3,1.7
"U23","M2-","Port","FinishSlip","24-28",26,9,2.1
"U23","M2-","Port","FinishSlip","28-32",16,11.1,2.8
"U23","M2-","Port","FinishSlip","32-36",17,8.5,2.2
"U23","M2-","Port","FinishSlip","36-40",5,8,2.6
"U23","M2-","Port","FinishSlip",">40",1,5.9,0.6
"U23","M2-","Port","Length","<20",8,92.4,4.9
"U23","M2-","Port","Length","20",6,90.7,4.2
"U23","M2-","Port","Length","20-24",5,87.6,2.2
"U23","M2-","Port","Length","24-28",26,87.9,3.7
"U23","M2-","Port","Length","28-32",16,84.8,4
"U23","M2-","Port","Length","32-36",17,85.4,4
"U23","M2-","Port","Length","36-40",5,85.6,2.4
"U23","M2-","Port","Length",">40",1,83,3.3
"U23","M2-","Port","MaxForcePc","<20",8,52.9,3.1
"U23","M2-","Port","MaxForcePc","20",6,53.1,4.3
"U23","M2-","Port","MaxForcePc","20-24",5,50.8,4.1
"U23","M2-","Port","MaxForcePc","24-28",26,49,5.4
"U23","M2-","Port","MaxForcePc","28-32",16,45.1,4
"U23","M2-","Port","MaxForcePc","32-36",17,44.1,4.7
"U23","M2-","Port","MaxForcePc","36-40",5,49.2,4.7
"U23","M2-","Port","MaxForcePc",">40",1,49.4,3.7
"U23","M2-","Port","RecoveryTime","<20",8,1.9,0.1
"U23","M2-","Port","RecoveryTime","20",6,1.8,0.2
"U23","M2-","Port","RecoveryTime","20-24",5,1.5,0.2
"U23","M2-","Port","RecoveryTime","24-28",26,1.3,0.3
"U23","M2-","Port","RecoveryTime","28-32",16,1,0.1
"U23","M2-","Port","RecoveryTime","32-36",17,0.9,0.1
"U23","M2-","Port","RecoveryTime","36-40",5,0.8,0.1
"U23","M2-","Port","RecoveryTime",">40",1,0.7,0
"U23","M2-","Port","SwivelPower","<20",8,220.5,35.9
"U23","M2-","Port","SwivelPower","20",6,224.7,31.3
"U23","M2-","Port","SwivelPower","20-24",5,249.4,35.8
"U23","M2-","Port","SwivelPower","24-28",26,298.7,56.1
"U23","M2-","Port","SwivelPower","28-32",16,315.5,31
"U23","M2-","Port","SwivelPower","32-36",17,350,74.3
"U23","M2-","Port","SwivelPower","36-40",5,444.4,55.3
"U23","M2-","Port","SwivelPower",">40",1,561,29.3
"U23","M2-","Port","WorkPcQ1","<20",8,12.2,1
"U23","M2-","Port","WorkPcQ1","20",6,12.6,1.3
"U23","M2-","Port","WorkPcQ1","20-24",5,13.1,1.7
"U23","M2-","Port","WorkPcQ1","24-28",26,14.1,2
"U23","M2-","Port","WorkPcQ1","28-32",16,16,1.6
"U23","M2-","Port","WorkPcQ1","32-36",17,16.9,1.7
"U23","M2-","Port","WorkPcQ1","36-40",5,16.3,1.1
"U23","M2-","Port","WorkPcQ1",">40",1,16.6,0.7
"U23","M2-","Port","WorkPcQ2","<20",8,37.5,1.1
"U23","M2-","Port","WorkPcQ2","20",6,36.9,1.5
"U23","M2-","Port","WorkPcQ2","20-24",5,37.2,1.6
"U23","M2-","Port","WorkPcQ2","24-28",26,38.1,2.4
"U23","M2-","Port","WorkPcQ2","28-32",16,39.3,2.2
"U23","M2-","Port","WorkPcQ2","32-36",17,39.6,2.1
"U23","M2-","Port","WorkPcQ2","36-40",5,38.7,0.9
"U23","M2-","Port","WorkPcQ2",">40",1,34.5,0.8
"U23","M2-","Port","WorkPcQ3","<20",8,39.6,1.3
"U23","M2-","Port","WorkPcQ3","20",6,40,1.4
"U23","M2-","Port","WorkPcQ3","20-24",5,40.4,2.5
"U23","M2-","Port","WorkPcQ3","24-28",26,38,3
"U23","M2-","Port","WorkPcQ3","28-32",16,36.6,2
"U23","M2-","Port","WorkPcQ3","32-36",17,33.4,2.9
"U23","M2-","Port","WorkPcQ3","36-40",5,35.9,1.7
"U23","M2-","Port","WorkPcQ3",">40",1,36.1,0.4
"U23","M2-","Port","WorkPcQ4","<20",8,10.8,1.1
"U23","M2-","Port","WorkPcQ4","20",6,10.5,1.6
"U23","M2-","Port","WorkPcQ4","20-24",5,9.3,1.9
"U23","M2-","Port","WorkPcQ4","24-28",26,9.9,2.2
"U23","M2-","Port","WorkPcQ4","28-32",16,8.1,2.9
"U23","M2-","Port","WorkPcQ4","32-36",17,10.1,2.2
"U23","M2-","Port","WorkPcQ4","36-40",5,9.2,1.4
"U23","M2-","Port","WorkPcQ4",">40",1,12.8,1.1
"U23","M2-","Stbd","Angle07F","<20",8,-30.9,3.1
"U23","M2-","Stbd","Angle07F","20",6,-32.5,3.5
"U23","M2-","Stbd","Angle07F","20-24",5,-34,2.4
"U23","M2-","Stbd","Angle07F","24-28",26,-29.1,251.1
"U23","M2-","Stbd","Angle07F","28-32",16,-35.9,4.9
"U23","M2-","Stbd","Angle07F","32-36",17,-35.4,3.4
"U23","M2-","Stbd","Angle07F","36-40",5,-33,4.9
"U23","M2-","Stbd","Angle07F",">40",1,-43.6,0.7
"U23","M2-","Stbd","AngleMaxF","<20",8,-13.2,2.2
"U23","M2-","Stbd","AngleMaxF","20",6,-12.8,3.6
"U23","M2-","Stbd","AngleMaxF","20-24",5,-9.8,4.8
"U23","M2-","Stbd","AngleMaxF","24-28",26,-12.6,5.5
"U23","M2-","Stbd","AngleMaxF","28-32",16,-16.2,2.3
"U23","M2-","Stbd","AngleMaxF","32-36",17,-15.3,2.5
"U23","M2-","Stbd","AngleMaxF","36-40",5,-15,1.8
"U23","M2-","Stbd","AngleMaxF",">40",1,-13.4,1.3
"U23","M2-","Stbd","CatchAngle","<20",8,-60.5,4.3
"U23","M2-","Stbd","CatchAngle","20",6,-61.2,4
"U23","M2-","Stbd","CatchAngle","20-24",5,-58.8,3
"U23","M2-","Stbd","CatchAngle","24-28",26,-58.3,5.2
"U23","M2-","Stbd","CatchAngle","28-32",16,-57.2,2.9
"U23","M2-","Stbd","CatchAngle","32-36",17,-54.7,3.5
"U23","M2-","Stbd","CatchAngle","36-40",5,-54.8,2.7
"U23","M2-","Stbd","CatchAngle",">40",1,-56.7,2.8
"U23","M2-","Stbd","CatchSlip","<20",8,13.6,2.6
"U23","M2-","Stbd","CatchSlip","20",6,13.5,3.1
"U23","M2-","Stbd","CatchSlip","20-24",5,8.6,2.8
"U23","M2-","Stbd","CatchSlip","24-28",26,9,2.6
"U23","M2-","Stbd","CatchSlip","28-32",16,8.3,2.3
"U23","M2-","Stbd","CatchSlip","32-36",17,8.1,2
"U23","M2-","Stbd","CatchSlip","36-40",5,7.4,2.6
"U23","M2-","Stbd","CatchSlip",">40",1,0.8,1.3
"U23","M2-","Stbd","DriveStartT","<20",8,60.6,2.2
"U23","M2-","Stbd","DriveStartT","20",6,60.2,1.9
"U23","M2-","Stbd","DriveStartT","20-24",5,59.8,3.8
"U23","M2-","Stbd","DriveStartT","24-28",26,58.3,3.3
"U23","M2-","Stbd","DriveStartT","28-32",16,56.4,2.9
"U23","M2-","Stbd","DriveStartT","32-36",17,54.4,2.2
"U23","M2-","Stbd","DriveStartT","36-40",5,51.1,3
"U23","M2-","Stbd","DriveStartT",">40",1,50.5,2.3
"U23","M2-","Stbd","DriveTime","<20",8,1.3,0.1
"U23","M2-","Stbd","DriveTime","20",6,1.2,0.1
"U23","M2-","Stbd","DriveTime","20-24",5,1.1,0.1
"U23","M2-","Stbd","DriveTime","24-28",26,1.1,0.1
"U23","M2-","Stbd","DriveTime","28-32",16,1,0
"U23","M2-","Stbd","DriveTime","32-36",17,0.9,0
"U23","M2-","Stbd","DriveTime","36-40",5,0.9,0.1
"U23","M2-","Stbd","DriveTime",">40",1,0.8,0
"U23","M2-","Stbd","EffectiveLength","<20",8,63.6,4.6
"U23","M2-","Stbd","EffectiveLength","20",6,67.5,4
"U23","M2-","Stbd","EffectiveLength","20-24",5,74.4,7.7
"U23","M2-","Stbd","EffectiveLength","24-28",26,70,7.4
"U23","M2-","Stbd","EffectiveLength","28-32",16,70,6.4
"U23","M2-","Stbd","EffectiveLength","32-36",17,66.7,3.8
"U23","M2-","Stbd","EffectiveLength","36-40",5,65.8,5
"U23","M2-","Stbd","EffectiveLength",">40",1,81.6,2.4
"U23","M2-","Stbd","FinishAngle","<20",8,32.7,2.1
"U23","M2-","Stbd","FinishAngle","20",6,33.1,2.6
"U23","M2-","Stbd","FinishAngle","20-24",5,34.4,2.3
"U23","M2-","Stbd","FinishAngle","24-28",26,32.8,3.3
"U23","M2-","Stbd","FinishAngle","28-32",16,31.3,1.6
"U23","M2-","Stbd","FinishAngle","32-36",17,31.9,3.4
"U23","M2-","Stbd","FinishAngle","36-40",5,28.9,2.2
"U23","M2-","Stbd","FinishAngle",">40",1,30,1.1
"U23","M2-","Stbd","FinishSlip","<20",8,16,3.1
"U23","M2-","Stbd","FinishSlip","20",6,13.3,3.4
"U23","M2-","Stbd","FinishSlip","20-24",5,10.2,2.6
"U23","M2-","Stbd","FinishSlip","24-28",26,12.1,2.7
"U23","M2-","Stbd","FinishSlip","28-32",16,10.1,2.6
"U23","M2-","Stbd","FinishSlip","32-36",17,11.9,2.6
"U23","M2-","Stbd","FinishSlip","36-40",5,10.6,2
"U23","M2-","Stbd","FinishSlip",">40",1,4.4,1.4
"U23","M2-","Stbd","Length","<20",8,93.2,3.8
"U23","M2-","Stbd","Length","20",6,94.3,2.8
"U23","M2-","Stbd","Length","20-24",5,93.2,4.3
"U23","M2-","Stbd","Length","24-28",26,91.1,6.1
"U23","M2-","Stbd","Length","28-32",16,88.5,3.5
"U23","M2-","Stbd","Length","32-36",17,86.7,2.7
"U23","M2-","Stbd","Length","36-40",5,83.7,3.8
"U23","M2-","Stbd","Length",">40",1,86.7,3.3
"U23","M2-","Stbd","MaxForcePc","<20",8,50.4,2.4
"U23","M2-","Stbd","MaxForcePc","20",6,50.8,2.7
"U23","M2-","Stbd","MaxForcePc","20-24",5,52.3,5.7
"U23","M2-","Stbd","MaxForcePc","24-28",26,49.6,6.1
"U23","M2-","Stbd","MaxForcePc","28-32",16,46,2.7
"U23","M2-","Stbd","MaxForcePc","32-36",17,45.2,3.9
"U23","M2-","Stbd","MaxForcePc","36-40",5,47.2,2.5
"U23","M2-","Stbd","MaxForcePc",">40",1,49.8,1.2
"U23","M2-","Stbd","RecoveryTime","<20",8,1.9,0.1
"U23","M2-","Stbd","RecoveryTime","20",6,1.8,0.2
"U23","M2-","Stbd","RecoveryTime","20-24",5,1.5,0.2
"U23","M2-","Stbd","RecoveryTime","24-28",26,1.3,0.3
"U23","M2-","Stbd","RecoveryTime","28-32",16,1,0.1
"U23","M2-","Stbd","RecoveryTime","32-36",17,0.9,0.1
"U23","M2-","Stbd","RecoveryTime","36-40",5,0.8,0.1
"U23","M2-","Stbd","RecoveryTime",">40",1,0.7,0
"U23","M2-","Stbd","SwivelPower","<20",8,198.2,23.9
"U23","M2-","Stbd","SwivelPower","20",6,226.1,35.9
"U23","M2-","Stbd","SwivelPower","20-24",5,286.7,48.3
"U23","M2-","Stbd","SwivelPower","24-28",26,287.8,52.6
"U23","M2-","Stbd","SwivelPower","28-32",16,320.4,35.5
"U23","M2-","Stbd","SwivelPower","32-36",17,343.3,43.6
"U23","M2-","Stbd","SwivelPower","36-40",5,368.2,56.5
"U23","M2-","Stbd","SwivelPower",">40",1,607.4,38.2
"U23","M2-","Stbd","WorkPcQ1","<20",8,9.9,1.7
"U23","M2-","Stbd","WorkPcQ1","20",6,9.8,1.8
"U23","M2-","Stbd","WorkPcQ1","20-24",5,12.8,1.8
"U23","M2-","Stbd","WorkPcQ1","24-28",26,14.3,21.7
"U23","M2-","Stbd","WorkPcQ1","28-32",16,14.7,1.4
"U23","M2-","Stbd","WorkPcQ1","32-36",17,16.1,2.5
"U23","M2-","Stbd","WorkPcQ1","36-40",5,15.3,2.3
"U23","M2-","Stbd","WorkPcQ1",">40",1,17,0.5
"U23","M2-","Stbd","WorkPcQ2","<20",8,41.8,2
"U23","M2-","Stbd","WorkPcQ2","20",6,40.1,1.6
"U23","M2-","Stbd","WorkPcQ2","20-24",5,37.2,4
"U23","M2-","Stbd","WorkPcQ2","24-28",26,36.2,55
"U23","M2-","Stbd","WorkPcQ2","28-32",16,41.2,3.2
"U23","M2-","Stbd","WorkPcQ2","32-36",17,41.2,2.9
"U23","M2-","Stbd","WorkPcQ2","36-40",5,39.7,1.5
"U23","M2-","Stbd","WorkPcQ2",">40",1,35.8,0.9
"U23","M2-","Stbd","WorkPcQ3","<20",8,43.1,2.8
"U23","M2-","Stbd","WorkPcQ3","20",6,42.8,2.7
"U23","M2-","Stbd","WorkPcQ3","20-24",5,40,2.5
"U23","M2-","Stbd","WorkPcQ3","24-28",26,41.1,25.7
"U23","M2-","Stbd","WorkPcQ3","28-32",16,35,1.8
"U23","M2-","Stbd","WorkPcQ3","32-36",17,35.1,3.2
"U23","M2-","Stbd","WorkPcQ3","36-40",5,36.8,2.7
"U23","M2-","Stbd","WorkPcQ3",">40",1,34.2,0.6
"U23","M2-","Stbd","WorkPcQ4","<20",8,5.2,2.2
"U23","M2-","Stbd","WorkPcQ4","20",6,7.3,2.2
"U23","M2-","Stbd","WorkPcQ4","20-24",5,10.1,3.2
"U23","M2-","Stbd","WorkPcQ4","24-28",26,8.4,9.5
"U23","M2-","Stbd","WorkPcQ4","28-32",16,9,2.8
"U23","M2-","Stbd","WorkPcQ4","32-36",17,7.6,2.2
"U23","M2-","Stbd","WorkPcQ4","36-40",5,8.2,1.7
"U23","M2-","Stbd","WorkPcQ4",">40",1,13.1,0.6
"U23","M2X","Port","Angle07F","20",6,-47.1,4.7
"U23","M2X","Port","Angle07F","28-32",2,-41.6,3.7
"U23","M2X","Port","Angle07F","32-36",14,-46.3,5.6
"U23","M2X","Port","Angle07F","36-40",17,-45.7,5.8
"U23","M2X","Port","Angle07F",">40",1,-49.5,2.6
"U23","M2X","Port","AngleMaxF","20",6,-15.2,8.3
"U23","M2X","Port","AngleMaxF","28-32",2,-14.9,5.8
"U23","M2X","Port","AngleMaxF","32-36",14,-19.5,9.9
"U23","M2X","Port","AngleMaxF","36-40",17,-19.7,7.3
"U23","M2X","Port","AngleMaxF",">40",1,-26.1,11.4
"U23","M2X","Port","CatchAngle","20",6,-68,2.1
"U23","M2X","Port","CatchAngle","28-32",2,-63,2.8
"U23","M2X","Port","CatchAngle","32-36",14,-63.7,4.1
"U23","M2X","Port","CatchAngle","36-40",17,-61.7,49
"U23","M2X","Port","CatchAngle",">40",1,-64.5,3.5
"U23","M2X","Port","CatchSlip","20",6,10.1,3
"U23","M2X","Port","CatchSlip","28-32",2,10.7,2.2
"U23","M2X","Port","CatchSlip","32-36",14,10,3
"U23","M2X","Port","CatchSlip","36-40",17,8.9,2.6
"U23","M2X","Port","CatchSlip",">40",1,5.2,1.3
"U23","M2X","Port","DriveStartT","20",6,61.5,2.7
"U23","M2X","Port","DriveStartT","28-32",2,52.6,2
"U23","M2X","Port","DriveStartT","32-36",14,50.8,3.3
"U23","M2X","Port","DriveStartT","36-40",17,47.4,3.1
"U23","M2X","Port","DriveStartT",">40",1,46.5,1.3
"U23","M2X","Port","DriveTime","20",6,1.1,0.1
"U23","M2X","Port","DriveTime","28-32",2,0.9,0
"U23","M2X","Port","DriveTime","32-36",14,0.9,0.1
"U23","M2X","Port","DriveTime","36-40",17,0.8,0.1
"U23","M2X","Port","DriveTime",">40",1,0.8,0
"U23","M2X","Port","EffectiveLength","20",6,87.2,6.7
"U23","M2X","Port","EffectiveLength","28-32",2,76.5,3.4
"U23","M2X","Port","EffectiveLength","32-36",14,78.2,6.5
"U23","M2X","Port","EffectiveLength","36-40",17,74.7,6.3
"U23","M2X","Port","EffectiveLength",">40",1,84.8,4.3
"U23","M2X","Port","FinishAngle","20",6,41.7,3.7
"U23","M2X","Port","FinishAngle","28-32",2,37.7,1.5
"U23","M2X","Port","FinishAngle","32-36",14,38.4,3.7
"U23","M2X","Port","FinishAngle","36-40",17,35.8,3.8
"U23","M2X","Port","FinishAngle",">40",1,36.2,4.3
"U23","M2X","Port","FinishSlip","20",6,12.4,3.8
"U23","M2X","Port","FinishSlip","28-32",2,13.5,1.9
"U23","M2X","Port","FinishSlip","32-36",14,13.9,3.7
"U23","M2X","Port","FinishSlip","36-40",17,14.5,3.8
"U23","M2X","Port","FinishSlip",">40",1,10.7,2.6
"U23","M2X","Port","Length","20",6,109.7,4.5
"U23","M2X","Port","Length","28-32",2,100.7,2.8
"U23","M2X","Port","Length","32-36",14,102.1,5.3
"U23","M2X","Port","Length","36-40",17,98.1,5.1
"U23","M2X","Port","Length",">40",1,100.7,1.4
"U23","M2X","Port","MaxForcePc","20",6,47.8,7.8
"U23","M2X","Port","MaxForcePc","28-32",2,47.8,4.9
"U23","M2X","Port","MaxForcePc","32-36",14,43.5,9.2
"U23","M2X","Port","MaxForcePc","36-40",17,43.6,7.1
"U23","M2X","Port","MaxForcePc",">40",1,38.1,11
"U23","M2X","Port","RecoveryTime","20",6,1.8,0.1
"U23","M2X","Port","RecoveryTime","28-32",2,1,0.1
"U23","M2X","Port","RecoveryTime","32-36",14,0.8,0.1
"U23","M2X","Port","RecoveryTime","36-40",17,0.7,0.1
"U23","M2X","Port","RecoveryTime",">40",1,0.6,0
"U23","M2X","Port","SwivelPower","20",6,109.6,17.2
"U23","M2X","Port","SwivelPower","28-32",2,148.7,17
"U23","M2X","Port","SwivelPower","32-36",14,150.9,29.8
"U23","M2X","Port","SwivelPower","36-40",17,161.6,35
"U23","M2X","Port","SwivelPower",">40",1,238.9,13.8
"U23","M2X","Port","WorkPcQ1","20",6,14.1,1.9
"U23","M2X","Port","WorkPcQ1","28-32",2,14.2,1.6
"U23","M2X","Port","WorkPcQ1","32-36",14,15.9,2.8
"U23","M2X","Port","WorkPcQ1","36-40",17,16.8,2.4
"U23","M2X","Port","WorkPcQ1",">40",1,17.6,2.2
"U23","M2X","Port","WorkPcQ2","20",6,37.5,2.8
"U23","M2X","Port","WorkPcQ2","28-32",2,39.4,1.7
"U23","M2X","Port","WorkPcQ2","32-36",14,38.8,4.6
"U23","M2X","Port","WorkPcQ2","36-40",17,39.4,3.1
"U23","M2X","Port","WorkPcQ2",">40",1,38.5,2.9
"U23","M2X","Port","WorkPcQ3","20",6,38.2,2.5
"U23","M2X","Port","WorkPcQ3","28-32",2,37.7,1.5
"U23","M2X","Port","WorkPcQ3","32-36",14,36.2,5
"U23","M2X","Port","WorkPcQ3","36-40",17,35.9,2.7
"U23","M2X","Port","WorkPcQ3",">40",1,35,1.4
"U23","M2X","Port","WorkPcQ4","20",6,10.2,2.9
"U23","M2X","Port","WorkPcQ4","28-32",2,8.7,1.4
"U23","M2X","Port","WorkPcQ4","32-36",14,9,3.6
"U23","M2X","Port","WorkPcQ4","36-40",17,7.9,3
"U23","M2X","Port","WorkPcQ4",">40",1,8.9,1.3
"U23","M2X","Stbd","Angle07F","20",6,-47.2,8
"U23","M2X","Stbd","Angle07F","28-32",2,-42.8,6.3
"U23","M2X","Stbd","Angle07F","32-36",14,-45.3,7.3
"U23","M2X","Stbd","Angle07F","36-40",17,-47.8,32.6
"U23","M2X","Stbd","Angle07F",">40",1,-47,3.7
"U23","M2X","Stbd","AngleMaxF","20",6,-13,11.8
"U23","M2X","Stbd","AngleMaxF","28-32",2,-14.1,8.4
"U23","M2X","Stbd","AngleMaxF","32-36",14,-16,11.2
"U23","M2X","Stbd","AngleMaxF","36-40",17,-18.6,9.4
"U23","M2X","Stbd","AngleMaxF",">40",1,-15.9,8.4
"U23","M2X","Stbd","CatchAngle","20",6,-68.7,3.4
"U23","M2X","Stbd","CatchAngle","28-32",2,-63.3,3.2
"U23","M2X","Stbd","CatchAngle","32-36",14,-65,3.3
"U23","M2X","Stbd","CatchAngle","36-40",17,-63.5,3.6
"U23","M2X","Stbd","CatchAngle",">40",1,-66,1.1
"U23","M2X","Stbd","CatchSlip","20",6,9.8,4.6
"U23","M2X","Stbd","CatchSlip","28-32",2,10.8,2.4
"U23","M2X","Stbd","CatchSlip","32-36",14,9.4,3.3
"U23","M2X","Stbd","CatchSlip","36-40",17,7.2,2.6
"U23","M2X","Stbd","CatchSlip",">40",1,4.4,1
"U23","M2X","Stbd","DriveStartT","20",6,61.7,4
"U23","M2X","Stbd","DriveStartT","28-32",2,52.5,2.2
"U23","M2X","Stbd","DriveStartT","32-36",14,50.8,3.3
"U23","M2X","Stbd","DriveStartT","36-40",17,47.7,3.2
"U23","M2X","Stbd","DriveStartT",">40",1,45.9,1.2
"U23","M2X","Stbd","DriveTime","20",6,1.2,0.1
"U23","M2X","Stbd","DriveTime","28-32",2,1,0.1
"U23","M2X","Stbd","DriveTime","32-36",14,0.9,0.1
"U23","M2X","Stbd","DriveTime","36-40",17,0.9,0.1
"U23","M2X","Stbd","DriveTime",">40",1,0.8,0
"U23","M2X","Stbd","EffectiveLength","20",6,90.2,8.9
"U23","M2X","Stbd","EffectiveLength","28-32",2,78.1,4.4
"U23","M2X","Stbd","EffectiveLength","32-36",14,81.7,7
"U23","M2X","Stbd","EffectiveLength","36-40",17,79.7,6.1
"U23","M2X","Stbd","EffectiveLength",">40",1,88.3,4.9
"U23","M2X","Stbd","FinishAngle","20",6,43.6,2.3
"U23","M2X","Stbd","FinishAngle","28-32",2,39.5,1.8
"U23","M2X","Stbd","FinishAngle","32-36",14,38.8,3.2
"U23","M2X","Stbd","FinishAngle","36-40",17,36.4,3.2
"U23","M2X","Stbd","FinishAngle",">40",1,35.3,2.2
"U23","M2X","Stbd","FinishSlip","20",6,12.2,4.3
"U23","M2X","Stbd","FinishSlip","28-32",2,13.9,2.7
"U23","M2X","Stbd","FinishSlip","32-36",14,12.7,3
"U23","M2X","Stbd","FinishSlip","36-40",17,13,3.1
"U23","M2X","Stbd","FinishSlip",">40",1,8.5,2.6
"U23","M2X","Stbd","Length","20",6,112.2,3.1
"U23","M2X","Stbd","Length","28-32",2,102.8,2.6
"U23","M2X","Stbd","Length","32-36",14,103.8,4.3
"U23","M2X","Stbd","Length","36-40",17,100,4.6
"U23","M2X","Stbd","Length",">40",1,101.2,2.2
"U23","M2X","Stbd","MaxForcePc","20",6,49.4,9.2
"U23","M2X","Stbd","MaxForcePc","28-32",2,47.9,8
"U23","M2X","Stbd","MaxForcePc","32-36",14,47.1,9.8
"U23","M2X","Stbd","MaxForcePc","36-40",17,44.9,9
"U23","M2X","Stbd","MaxForcePc",">40",1,49.4,7.5
"U23","M2X","Stbd","RecoveryTime","20",6,1.8,0.1
"U23","M2X","Stbd","RecoveryTime","28-32",2,1,0.1
"U23","M2X","Stbd","RecoveryTime","32-36",14,0.8,0.1
"U23","M2X","Stbd","RecoveryTime","36-40",17,0.7,0.1
"U23","M2X","Stbd","RecoveryTime",">40",1,0.6,0
"U23","M2X","Stbd","SwivelPower","20",6,118.9,18
"U23","M2X","Stbd","SwivelPower","28-32",2,148.5,22.4
"U23","M2X","Stbd","SwivelPower","32-36",14,167.2,30.7
"U23","M2X","Stbd","SwivelPower","36-40",17,179.6,35.9
"U23","M2X","Stbd","SwivelPower",">40",1,268.2,16.6
"U23","M2X","Stbd","WorkPcQ1","20",6,14.1,2.1
"U23","M2X","Stbd","WorkPcQ1","28-32",2,14.5,1.5
"U23","M2X","Stbd","WorkPcQ1","32-36",14,15,2.6
"U23","M2X","Stbd","WorkPcQ1","36-40",17,16.8,2.1
"U23","M2X","Stbd","WorkPcQ1",">40",1,15.4,0.9
"U23","M2X","Stbd","WorkPcQ2","20",6,36.7,2.4
"U23","M2X","Stbd","WorkPcQ2","28-32",2,38.6,2.4
"U23","M2X","Stbd","WorkPcQ2","32-36",14,37.2,3.6
"U23","M2X","Stbd","WorkPcQ2","36-40",17,37.8,2.9
"U23","M2X","Stbd","WorkPcQ2",">40",1,37.2,2.1
"U23","M2X","Stbd","WorkPcQ3","20",6,38.9,3.2
"U23","M2X","Stbd","WorkPcQ3","28-32",2,38,1.8
"U23","M2X","Stbd","WorkPcQ3","32-36",14,37.8,4.5
"U23","M2X","Stbd","WorkPcQ3","36-40",17,36.2,2.6
"U23","M2X","Stbd","WorkPcQ3",">40",1,37.5,1.4
"U23","M2X","Stbd","WorkPcQ4","20",6,10.3,2.6
"U23","M2X","Stbd","WorkPcQ4","28-32",2,8.9,2.2
"U23","M2X","Stbd","WorkPcQ4","32-36",14,10,2.1
"U23","M2X","Stbd","WorkPcQ4","36-40",17,9.2,2.3
"U23","M2X","Stbd","WorkPcQ4",">40",1,9.8,1.3
"U23","M4+","Port","Angle07F","<20",1,-30.5,7.2
"U23","M4+","Port","Angle07F","20",10,-31.7,5.2
"U23","M4+","Port","Angle07F","32-36",3,-37.1,5.5
"U23","M4+","Port","Angle07F","36-40",7,-36.3,5.4
"U23","M4+","Port","Angle07F",NA,1,-39.2,2.3
"U23","M4+","Port","AngleMaxF","<20",1,-6.4,2.4
"U23","M4+","Port","AngleMaxF","20",10,-12.4,5.4
"U23","M4+","Port","AngleMaxF","32-36",3,-15,9.6
"U23","M4+","Port","AngleMaxF","36-40",7,-14.5,6.5
"U23","M4+","Port","AngleMaxF",NA,1,-16.9,2.5
"U23","M4+","Port","CatchAngle","<20",1,-55.7,0.9
"U23","M4+","Port","CatchAngle","20",10,-61.6,2.8
"U23","M4+","Port","CatchAngle","32-36",3,-55.1,1.6
"U23","M4+","Port","CatchAngle","36-40",7,-54.7,2.8
"U23","M4+","Port","CatchAngle",NA,1,-55.4,2.1
"U23","M4+","Port","CatchSlip","<20",1,9.4,1.3
"U23","M4+","Port","CatchSlip","20",10,13.2,3.4
"U23","M4+","Port","CatchSlip","32-36",3,7.1,1.1
"U23","M4+","Port","CatchSlip","36-40",7,7.1,1.8
"U23","M4+","Port","CatchSlip",NA,1,6.9,1.9
"U23","M4+","Port","DriveStartT","<20",1,59.7,1.6
"U23","M4+","Port","DriveStartT","20",10,61.3,2.1
"U23","M4+","Port","DriveStartT","32-36",3,50,4.9
"U23","M4+","Port","DriveStartT","36-40",7,49.3,4.6
"U23","M4+","Port","DriveStartT",NA,1,48.1,2.9
"U23","M4+","Port","DriveTime","<20",1,1.1,0
"U23","M4+","Port","DriveTime","20",10,1.2,0.1
"U23","M4+","Port","DriveTime","32-36",3,0.8,0.1
"U23","M4+","Port","DriveTime","36-40",7,0.8,0.1
"U23","M4+","Port","DriveTime",NA,1,0.8,0
"U23","M4+","Port","EffectiveLength","<20",1,68.7,1.4
"U23","M4+","Port","EffectiveLength","20",10,68.9,2.9
"U23","M4+","Port","EffectiveLength","32-36",3,68.3,3.5
"U23","M4+","Port","EffectiveLength","36-40",7,68,4
"U23","M4+","Port","EffectiveLength",NA,1,68.9,2
"U23","M4+","Port","FinishAngle","<20",1,32.2,1.8
"U23","M4+","Port","FinishAngle","20",10,32.4,1.4
"U23","M4+","Port","FinishAngle","32-36",3,30.1,2.2
"U23","M4+","Port","FinishAngle","36-40",7,29.7,1.8
"U23","M4+","Port","FinishAngle",NA,1,29.6,1.1
"U23","M4+","Port","FinishSlip","<20",1,9.7,2.9
"U23","M4+","Port","FinishSlip","20",10,11.9,2
"U23","M4+","Port","FinishSlip","32-36",3,9.7,3.5
"U23","M4+","Port","FinishSlip","36-40",7,9.3,2.7
"U23","M4+","Port","FinishSlip",NA,1,9.2,1.3
"U23","M4+","Port","Length","<20",1,87.8,2.3
"U23","M4+","Port","Length","20",10,94,3.1
"U23","M4+","Port","Length","32-36",3,85.1,2.5
"U23","M4+","Port","Length","36-40",7,84.4,3.7
"U23","M4+","Port","Length",NA,1,85,2.4
"U23","M4+","Port","MaxForcePc","<20",1,55.5,2.3
"U23","M4+","Port","MaxForcePc","20",10,52.4,5.5
"U23","M4+","Port","MaxForcePc","32-36",3,46.7,10.6
"U23","M4+","Port","MaxForcePc","36-40",7,47.3,7.7
"U23","M4+","Port","MaxForcePc",NA,1,44.9,3.2
"U23","M4+","Port","RecoveryTime","<20",1,2,0.1
"U23","M4+","Port","RecoveryTime","20",10,1.7,0.1
"U23","M4+","Port","RecoveryTime","32-36",3,0.9,0.1
"U23","M4+","Port","RecoveryTime","36-40",7,0.8,0.1
"U23","M4+","Port","RecoveryTime",NA,1,0.7,0.1
"U23","M4+","Port","SwivelPower","<20",1,242.5,21.5
"U23","M4+","Port","SwivelPower","20",10,208.5,23.4
"U23","M4+","Port","SwivelPower","32-36",3,413.9,45.6
"U23","M4+","Port","SwivelPower","36-40",7,400.3,50.3
"U23","M4+","Port","SwivelPower",NA,1,398.4,56.1
"U23","M4+","Port","WorkPcQ1","<20",1,12.2,0.8
"U23","M4+","Port","WorkPcQ1","20",10,9.9,2.4
"U23","M4+","Port","WorkPcQ1","32-36",3,15.6,1.3
"U23","M4+","Port","WorkPcQ1","36-40",7,15.7,1.8
"U23","M4+","Port","WorkPcQ1",NA,1,16.2,1.5
"U23","M4+","Port","WorkPcQ2","<20",1,35.2,1.1
"U23","M4+","Port","WorkPcQ2","20",10,36.7,3.5
"U23","M4+","Port","WorkPcQ2","32-36",3,36.8,1.2
"U23","M4+","Port","WorkPcQ2","36-40",7,37.5,1.5
"U23","M4+","Port","WorkPcQ2",NA,1,39.1,1.3
"U23","M4+","Port","WorkPcQ3","<20",1,41.9,3.4
"U23","M4+","Port","WorkPcQ3","20",10,43.8,4.2
"U23","M4+","Port","WorkPcQ3","32-36",3,37.7,3.9
"U23","M4+","Port","WorkPcQ3","36-40",7,37.1,3.3
"U23","M4+","Port","WorkPcQ3",NA,1,35.3,1.5
"U23","M4+","Port","WorkPcQ4","<20",1,10.8,3.4
"U23","M4+","Port","WorkPcQ4","20",10,9.6,2.1
"U23","M4+","Port","WorkPcQ4","32-36",3,9.8,3.2
"U23","M4+","Port","WorkPcQ4","36-40",7,9.7,2.7
"U23","M4+","Port","WorkPcQ4",NA,1,9.5,1.1
"U23","M4+","Stbd","Angle07F","<20",1,-34.5,1.5
"U23","M4+","Stbd","Angle07F","20",10,-35.5,2.2
"U23","M4+","Stbd","Angle07F","32-36",3,-35.8,1.9
"U23","M4+","Stbd","Angle07F","36-40",7,-35.5,3.7
"U23","M4+","Stbd","Angle07F",NA,1,-29.4,11
"U23","M4+","Stbd","AngleMaxF","<20",1,-15.9,2.3
"U23","M4+","Stbd","AngleMaxF","20",10,-16.9,3.4
"U23","M4+","Stbd","AngleMaxF","32-36",3,-14.3,2.7
"U23","M4+","Stbd","AngleMaxF","36-40",7,-14.1,3.5
"U23","M4+","Stbd","AngleMaxF",NA,1,-9.3,11.8
"U23","M4+","Stbd","CatchAngle","<20",1,-58.4,0.9
"U23","M4+","Stbd","CatchAngle","20",10,-67.2,4
"U23","M4+","Stbd","CatchAngle","32-36",3,-55.2,2.5
"U23","M4+","Stbd","CatchAngle","36-40",7,-56,3.3
"U23","M4+","Stbd","CatchAngle",NA,1,-47.6,6.9
"U23","M4+","Stbd","CatchSlip","<20",1,9.4,1.3
"U23","M4+","Stbd","CatchSlip","20",10,16.3,3
"U23","M4+","Stbd","CatchSlip","32-36",3,9.2,2
"U23","M4+","Stbd","CatchSlip","36-40",7,8.5,2.5
"U23","M4+","Stbd","CatchSlip",NA,1,5.2,3.7
"U23","M4+","Stbd","DriveStartT","<20",1,59,1.1
"U23","M4+","Stbd","DriveStartT","20",10,62.3,1.6
"U23","M4+","Stbd","DriveStartT","32-36",3,48.4,5.1
"U23","M4+","Stbd","DriveStartT","36-40",7,48.4,4.8
"U23","M4+","Stbd","DriveStartT",NA,1,48.2,3.5
"U23","M4+","Stbd","DriveTime","<20",1,1.1,0.1
"U23","M4+","Stbd","DriveTime","20",10,1.1,0.1
"U23","M4+","Stbd","DriveTime","32-36",3,0.9,0
"U23","M4+","Stbd","DriveTime","36-40",7,0.9,0.1
"U23","M4+","Stbd","DriveTime",NA,1,0.8,0.1
"U23","M4+","Stbd","EffectiveLength","<20",1,71.6,2.8
"U23","M4+","Stbd","EffectiveLength","20",10,72.5,2.8
"U23","M4+","Stbd","EffectiveLength","32-36",3,66.7,4
"U23","M4+","Stbd","EffectiveLength","36-40",7,67.6,4.6
"U23","M4+","Stbd","EffectiveLength",NA,1,68.5,5.2
"U23","M4+","Stbd","FinishAngle","<20",1,31.3,1.7
"U23","M4+","Stbd","FinishAngle","20",10,28.4,2.2
"U23","M4+","Stbd","FinishAngle","32-36",3,29.6,1.3
"U23","M4+","Stbd","FinishAngle","36-40",7,28.5,1.6
"U23","M4+","Stbd","FinishAngle",NA,1,34.7,4.6
"U23","M4+","Stbd","FinishSlip","<20",1,8.7,3.6
"U23","M4+","Stbd","FinishSlip","20",10,6.8,2.4
"U23","M4+","Stbd","FinishSlip","32-36",3,8.8,2
"U23","M4+","Stbd","FinishSlip","36-40",7,8.3,1.5
"U23","M4+","Stbd","FinishSlip",NA,1,8.6,1.4
"U23","M4+","Stbd","Length","<20",1,89.7,2.2
"U23","M4+","Stbd","Length","20",10,95.6,3.3
"U23","M4+","Stbd","Length","32-36",3,84.8,3.3
"U23","M4+","Stbd","Length","36-40",7,84.5,3.8
"U23","M4+","Stbd","Length",NA,1,82.4,3.5
"U23","M4+","Stbd","MaxForcePc","<20",1,46.8,2.6
"U23","M4+","Stbd","MaxForcePc","20",10,51.7,3.7
"U23","M4+","Stbd","MaxForcePc","32-36",3,48,3.3
"U23","M4+","Stbd","MaxForcePc","36-40",7,49.3,4.6
"U23","M4+","Stbd","MaxForcePc",NA,1,46.2,8
"U23","M4+","Stbd","RecoveryTime","<20",1,2,0.1
"U23","M4+","Stbd","RecoveryTime","20",10,1.7,0.1
"U23","M4+","Stbd","RecoveryTime","32-36",3,0.9,0
"U23","M4+","Stbd","RecoveryTime","36-40",7,0.8,0.1
"U23","M4+","Stbd","RecoveryTime",NA,1,0.8,0.1
"U23","M4+","Stbd","SwivelPower","<20",1,246.8,15.7
"U23","M4+","Stbd","SwivelPower","20",10,250.1,19.6
"U23","M4+","Stbd","SwivelPower","32-36",3,388.4,45.5
"U23","M4+","Stbd","SwivelPower","36-40",7,381.7,54.6
"U23","M4+","Stbd","SwivelPower",NA,1,389.2,64.6
"U23","M4+","Stbd","WorkPcQ1","<20",1,12.2,0.9
"U23","M4+","Stbd","WorkPcQ1","20",10,7.2,2
"U23","M4+","Stbd","WorkPcQ1","32-36",3,13.7,1.4
"U23","M4+","Stbd","WorkPcQ1","36-40",7,14,1.9
"U23","M4+","Stbd","WorkPcQ1",NA,1,18.6,3.3
"U23","M4+","Stbd","WorkPcQ2","<20",1,41.2,2.9
"U23","M4+","Stbd","WorkPcQ2","20",10,35.2,2.9
"U23","M4+","Stbd","WorkPcQ2","32-36",3,39.9,1.2
"U23","M4+","Stbd","WorkPcQ2","36-40",7,39.1,2.9
"U23","M4+","Stbd","WorkPcQ2",NA,1,40.5,4.1
"U23","M4+","Stbd","WorkPcQ3","<20",1,37.4,1.1
"U23","M4+","Stbd","WorkPcQ3","20",10,43.6,2.9
"U23","M4+","Stbd","WorkPcQ3","32-36",3,37,1.5
"U23","M4+","Stbd","WorkPcQ3","36-40",7,36.9,3.7
"U23","M4+","Stbd","WorkPcQ3",NA,1,32.2,6.3
"U23","M4+","Stbd","WorkPcQ4","<20",1,9.2,2.6
"U23","M4+","Stbd","WorkPcQ4","20",10,14,3
"U23","M4+","Stbd","WorkPcQ4","32-36",3,9.5,1.4
"U23","M4+","Stbd","WorkPcQ4","36-40",7,9.9,1.3
"U23","M4+","Stbd","WorkPcQ4",NA,1,8.7,1.1
"U23","M4-","Port","Angle07F","20",9,-37,3.2
"U23","M4-","Port","Angle07F","20-24",1,-33.6,3.2
"U23","M4-","Port","Angle07F","32-36",8,-35.8,6.2
"U23","M4-","Port","Angle07F","36-40",32,-34.7,4.9
"U23","M4-","Port","Angle07F",">40",8,-32.6,4.2
"U23","M4-","Port","AngleMaxF","20",9,-17.4,3.3
"U23","M4-","Port","AngleMaxF","20-24",1,-15,3.3
"U23","M4-","Port","AngleMaxF","32-36",8,-13.9,7.1
"U23","M4-","Port","AngleMaxF","36-40",32,-13.8,5.8
"U23","M4-","Port","AngleMaxF",">40",8,-12.6,5.9
"U23","M4-","Port","CatchAngle","20",9,-58.8,1.9
"U23","M4-","Port","CatchAngle","20-24",1,-57.6,1.6
"U23","M4-","Port","CatchAngle","32-36",8,-54,4.6
"U23","M4-","Port","CatchAngle","36-40",32,-52,4.7
"U23","M4-","Port","CatchAngle",">40",8,-47.9,4.4
"U23","M4-","Port","CatchSlip","20",9,8.5,1.9
"U23","M4-","Port","CatchSlip","20-24",1,9.2,2.2
"U23","M4-","Port","CatchSlip","32-36",8,6.6,2.5
"U23","M4-","Port","CatchSlip","36-40",32,5.6,2.8
"U23","M4-","Port","CatchSlip",">40",8,6.8,2.6
"U23","M4-","Port","DriveStartT","20",9,61,2.5
"U23","M4-","Port","DriveStartT","20-24",1,59.7,1.6
"U23","M4-","Port","DriveStartT","32-36",8,53,3.8
"U23","M4-","Port","DriveStartT","36-40",32,49.1,4.1
"U23","M4-","Port","DriveStartT",">40",8,45.7,3.9
"U23","M4-","Port","DriveTime","20",9,1.1,0.1
"U23","M4-","Port","DriveTime","20-24",1,1.1,0.1
"U23","M4-","Port","DriveTime","32-36",8,0.9,0.1
"U23","M4-","Port","DriveTime","36-40",32,0.8,0.1
"U23","M4-","Port","DriveTime",">40",8,0.8,0
"U23","M4-","Port","EffectiveLength","20",9,71.3,5.2
"U23","M4-","Port","EffectiveLength","20-24",1,73,4.9
"U23","M4-","Port","EffectiveLength","32-36",8,69.2,4.6
"U23","M4-","Port","EffectiveLength","36-40",32,68.5,4.7
"U23","M4-","Port","EffectiveLength",">40",8,62,4.5
"U23","M4-","Port","FinishAngle","20",9,31.2,1.6
"U23","M4-","Port","FinishAngle","20-24",1,31.4,1.7
"U23","M4-","Port","FinishAngle","32-36",8,31.3,3.1
"U23","M4-","Port","FinishAngle","36-40",32,31,4
"U23","M4-","Port","FinishAngle",">40",8,30.4,2.7
"U23","M4-","Port","FinishSlip","20",9,10.2,3.6
"U23","M4-","Port","FinishSlip","20-24",1,6.8,2.5
"U23","M4-","Port","FinishSlip","32-36",8,9.4,3.2
"U23","M4-","Port","FinishSlip","36-40",32,8.9,2.1
"U23","M4-","Port","FinishSlip",">40",8,9.5,2.3
"U23","M4-","Port","Length","20",9,90,2.5
"U23","M4-","Port","Length","20-24",1,89,2.4
"U23","M4-","Port","Length","32-36",8,85.2,3.2
"U23","M4-","Port","Length","36-40",32,82.9,4
"U23","M4-","Port","Length",">40",8,78.3,4.2
"U23","M4-","Port","MaxForcePc","20",9,45.7,3.4
"U23","M4-","Port","MaxForcePc","20-24",1,47.1,3.4
"U23","M4-","Port","MaxForcePc","32-36",8,46.9,7
"U23","M4-","Port","MaxForcePc","36-40",32,45.7,6.5
"U23","M4-","Port","MaxForcePc",">40",8,44.9,6.6
"U23","M4-","Port","RecoveryTime","20",9,1.8,0.2
"U23","M4-","Port","RecoveryTime","20-24",1,1.8,0.2
"U23","M4-","Port","RecoveryTime","32-36",8,0.9,0.1
"U23","M4-","Port","RecoveryTime","36-40",32,0.8,0.1
"U23","M4-","Port","RecoveryTime",">40",8,0.7,0.1
"U23","M4-","Port","SwivelPower","20",9,234.6,27.7
"U23","M4-","Port","SwivelPower","20-24",1,245.9,33.8
"U23","M4-","Port","SwivelPower","32-36",8,343.9,44.7
"U23","M4-","Port","SwivelPower","36-40",32,396.5,93.5
"U23","M4-","Port","SwivelPower",">40",8,378,76.6
"U23","M4-","Port","WorkPcQ1","20",9,12.5,1.6
"U23","M4-","Port","WorkPcQ1","20-24",1,11.1,1.6
"U23","M4-","Port","WorkPcQ1","32-36",8,15.5,2.7
"U23","M4-","Port","WorkPcQ1","36-40",32,16.2,2.7
"U23","M4-","Port","WorkPcQ1",">40",8,17.8,2.5
"U23","M4-","Port","WorkPcQ2","20",9,39.6,2.8
"U23","M4-","Port","WorkPcQ2","20-24",1,39.9,2.3
"U23","M4-","Port","WorkPcQ2","32-36",8,38.7,4.2
"U23","M4-","Port","WorkPcQ2","36-40",32,38.8,3.4
"U23","M4-","Port","WorkPcQ2",">40",8,40,2.7
"U23","M4-","Port","WorkPcQ3","20",9,38.2,2
"U23","M4-","Port","WorkPcQ3","20-24",1,37.2,3.5
"U23","M4-","Port","WorkPcQ3","32-36",8,35.9,2.5
"U23","M4-","Port","WorkPcQ3","36-40",32,35,3.6
"U23","M4-","Port","WorkPcQ3",">40",8,33.9,3.5
"U23","M4-","Port","WorkPcQ4","20",9,9.7,3.2
"U23","M4-","Port","WorkPcQ4","20-24",1,11.8,1.3
"U23","M4-","Port","WorkPcQ4","32-36",8,9.9,3.7
"U23","M4-","Port","WorkPcQ4","36-40",32,10,2.4
"U23","M4-","Port","WorkPcQ4",">40",8,8.3,2.1
"U23","M4-","Stbd","Angle07F","20",9,-33.7,3
"U23","M4-","Stbd","Angle07F","20-24",1,-31.6,3.3
"U23","M4-","Stbd","Angle07F","32-36",8,-35,4.6
"U23","M4-","Stbd","Angle07F","36-40",32,-35,5.7
"U23","M4-","Stbd","Angle07F",">40",8,-33.6,5.4
"U23","M4-","Stbd","AngleMaxF","20",9,-13.7,2.9
"U23","M4-","Stbd","AngleMaxF","20-24",1,-12.1,1.9
"U23","M4-","Stbd","AngleMaxF","32-36",8,-14.1,4.6
"U23","M4-","Stbd","AngleMaxF","36-40",32,-15.7,6.1
"U23","M4-","Stbd","AngleMaxF",">40",8,-15,7.2
"U23","M4-","Stbd","CatchAngle","20",9,-59.4,3
"U23","M4-","Stbd","CatchAngle","20-24",1,-56.8,1.8
"U23","M4-","Stbd","CatchAngle","32-36",8,-54.7,3.1
"U23","M4-","Stbd","CatchAngle","36-40",32,-52.7,4.1
"U23","M4-","Stbd","CatchAngle",">40",8,-49.9,4.1
"U23","M4-","Stbd","CatchSlip","20",9,9.4,2.1
"U23","M4-","Stbd","CatchSlip","20-24",1,7.7,1.7
"U23","M4-","Stbd","CatchSlip","32-36",8,6.9,2.8
"U23","M4-","Stbd","CatchSlip","36-40",32,5.7,3
"U23","M4-","Stbd","CatchSlip",">40",8,6.7,2.2
"U23","M4-","Stbd","DriveStartT","20",9,61.5,2
"U23","M4-","Stbd","DriveStartT","20-24",1,59.6,1.8
"U23","M4-","Stbd","DriveStartT","32-36",8,52.3,4
"U23","M4-","Stbd","DriveStartT","36-40",32,49,3.9
"U23","M4-","Stbd","DriveStartT",">40",8,46.1,3.8
"U23","M4-","Stbd","DriveTime","20",9,1.2,0.1
"U23","M4-","Stbd","DriveTime","20-24",1,1.1,0.1
"U23","M4-","Stbd","DriveTime","32-36",8,0.9,0.1
"U23","M4-","Stbd","DriveTime","36-40",32,0.8,0.1
"U23","M4-","Stbd","DriveTime",">40",8,0.8,0
"U23","M4-","Stbd","EffectiveLength","20",9,72.6,3
"U23","M4-","Stbd","EffectiveLength","20-24",1,71.9,3.1
"U23","M4-","Stbd","EffectiveLength","32-36",8,65.9,4.9
"U23","M4-","Stbd","EffectiveLength","36-40",32,66.7,4.8
"U23","M4-","Stbd","EffectiveLength",">40",8,63.8,5.3
"U23","M4-","Stbd","FinishAngle","20",9,33,1.2
"U23","M4-","Stbd","FinishAngle","20-24",1,33.4,1.6
"U23","M4-","Stbd","FinishAngle","32-36",8,28.7,2.6
"U23","M4-","Stbd","FinishAngle","36-40",32,29.8,2.4
"U23","M4-","Stbd","FinishAngle",">40",8,29.5,2.3
"U23","M4-","Stbd","FinishSlip","20",9,10.4,2.1
"U23","M4-","Stbd","FinishSlip","20-24",1,10.6,3.2
"U23","M4-","Stbd","FinishSlip","32-36",8,10.6,3.1
"U23","M4-","Stbd","FinishSlip","36-40",32,10.1,3
"U23","M4-","Stbd","FinishSlip",">40",8,8.8,3.4
"U23","M4-","Stbd","Length","20",9,92.4,3.2
"U23","M4-","Stbd","Length","20-24",1,90.2,2.4
"U23","M4-","Stbd","Length","32-36",8,83.4,3.6
"U23","M4-","Stbd","Length","36-40",32,82.5,4.6
"U23","M4-","Stbd","Length",">40",8,79.4,5.2
"U23","M4-","Stbd","MaxForcePc","20",9,49.1,3.5
"U23","M4-","Stbd","MaxForcePc","20-24",1,48.9,2.1
"U23","M4-","Stbd","MaxForcePc","32-36",8,48.5,5.9
"U23","M4-","Stbd","MaxForcePc","36-40",32,44.5,6.3
"U23","M4-","Stbd","MaxForcePc",">40",8,43.9,7.5
"U23","M4-","Stbd","RecoveryTime","20",9,1.8,0.1
"U23","M4-","Stbd","RecoveryTime","20-24",1,1.8,0.2
"U23","M4-","Stbd","RecoveryTime","32-36",8,0.9,0.1
"U23","M4-","Stbd","RecoveryTime","36-40",32,0.8,0.1
"U23","M4-","Stbd","RecoveryTime",">40",8,0.7,0
"U23","M4-","Stbd","SwivelPower","20",9,238.4,25
"U23","M4-","Stbd","SwivelPower","20-24",1,253.1,24.2
"U23","M4-","Stbd","SwivelPower","32-36",8,313.2,46
"U23","M4-","Stbd","SwivelPower","36-40",32,376.4,62.2
"U23","M4-","Stbd","SwivelPower",">40",8,384.8,68.2
"U23","M4-","Stbd","WorkPcQ1","20",9,11.4,1.8
"U23","M4-","Stbd","WorkPcQ1","20-24",1,12.4,1.7
"U23","M4-","Stbd","WorkPcQ1","32-36",8,15,2.3
"U23","M4-","Stbd","WorkPcQ1","36-40",32,16.3,2.6
"U23","M4-","Stbd","WorkPcQ1",">40",8,16.9,2.1
"U23","M4-","Stbd","WorkPcQ2","20",9,38.5,2.8
"U23","M4-","Stbd","WorkPcQ2","20-24",1,40.2,2.1
"U23","M4-","Stbd","WorkPcQ2","32-36",8,39.5,2.8
"U23","M4-","Stbd","WorkPcQ2","36-40",32,39.7,3.6
"U23","M4-","Stbd","WorkPcQ2",">40",8,39.3,3.7
"U23","M4-","Stbd","WorkPcQ3","20",9,39.8,2.7
"U23","M4-","Stbd","WorkPcQ3","20-24",1,39,2.1
"U23","M4-","Stbd","WorkPcQ3","32-36",8,37.3,2.9
"U23","M4-","Stbd","WorkPcQ3","36-40",32,35.1,2.9
"U23","M4-","Stbd","WorkPcQ3",">40",8,33.8,2.3
"U23","M4-","Stbd","WorkPcQ4","20",9,10.3,2.7
"U23","M4-","Stbd","WorkPcQ4","20-24",1,8.4,2.6
"U23","M4-","Stbd","WorkPcQ4","32-36",8,8.1,2.1
"U23","M4-","Stbd","WorkPcQ4","36-40",32,8.9,3.1
"U23","M4-","Stbd","WorkPcQ4",">40",8,10,3.1
"U23","M4X","Port","Angle07F","20",1,-37.3,8.6
"U23","M4X","Port","Angle07F","20-24",2,-38.5,5.7
"U23","M4X","Port","Angle07F","24-28",2,-38.4,11.7
"U23","M4X","Port","Angle07F","28-32",1,-41.6,8.9
"U23","M4X","Port","Angle07F","32-36",5,-40,5.4
"U23","M4X","Port","Angle07F","36-40",24,-43.7,6.8
"U23","M4X","Port","Angle07F",">40",1,-39.6,12.4
"U23","M4X","Port","AngleMaxF","20",1,-8.6,9.1
"U23","M4X","Port","AngleMaxF","20-24",2,-10.4,5.4
"U23","M4X","Port","AngleMaxF","24-28",2,-12.5,12.2
"U23","M4X","Port","AngleMaxF","28-32",1,-16,10.3
"U23","M4X","Port","AngleMaxF","32-36",5,-14.8,5.3
"U23","M4X","Port","AngleMaxF","36-40",24,-19,7.8
"U23","M4X","Port","AngleMaxF",">40",1,-18.2,10.2
"U23","M4X","Port","CatchAngle","20",1,-65,6.6
"U23","M4X","Port","CatchAngle","20-24",2,-62.3,2.6
"U23","M4X","Port","CatchAngle","24-28",2,-64.8,4.2
"U23","M4X","Port","CatchAngle","28-32",1,-64.6,3.6
"U23","M4X","Port","CatchAngle","32-36",5,-58,2.3
"U23","M4X","Port","CatchAngle","36-40",24,-60.2,4.8
"U23","M4X","Port","CatchAngle",">40",1,-56.1,3.3
"U23","M4X","Port","CatchSlip","20",1,18.8,3.5
"U23","M4X","Port","CatchSlip","20-24",2,14.6,4.4
"U23","M4X","Port","CatchSlip","24-28",2,17.6,8.1
"U23","M4X","Port","CatchSlip","28-32",1,14.6,5.5
"U23","M4X","Port","CatchSlip","32-36",5,11.3,3.7
"U23","M4X","Port","CatchSlip","36-40",24,9.8,3.9
"U23","M4X","Port","CatchSlip",">40",1,11.3,3.6
"U23","M4X","Port","DriveStartT","20",1,54.5,2.3
"U23","M4X","Port","DriveStartT","20-24",2,55.9,2.9
"U23","M4X","Port","DriveStartT","24-28",2,55.3,4.4
"U23","M4X","Port","DriveStartT","28-32",1,54.2,2.7
"U23","M4X","Port","DriveStartT","32-36",5,47.2,2.2
"U23","M4X","Port","DriveStartT","36-40",24,46,3.8
"U23","M4X","Port","DriveStartT",">40",1,42.9,3
"U23","M4X","Port","DriveTime","20",1,1.1,0.1
"U23","M4X","Port","DriveTime","20-24",2,1.1,0.1
"U23","M4X","Port","DriveTime","24-28",2,1,0.1
"U23","M4X","Port","DriveTime","28-32",1,0.9,0
"U23","M4X","Port","DriveTime","32-36",5,0.8,0
"U23","M4X","Port","DriveTime","36-40",24,0.8,0
"U23","M4X","Port","DriveTime",">40",1,0.8,0
"U23","M4X","Port","EffectiveLength","20",1,74.1,7.2
"U23","M4X","Port","EffectiveLength","20-24",2,77.7,7.4
"U23","M4X","Port","EffectiveLength","24-28",2,75.5,10.5
"U23","M4X","Port","EffectiveLength","28-32",1,79.1,7.1
"U23","M4X","Port","EffectiveLength","32-36",5,75.4,6.7
"U23","M4X","Port","EffectiveLength","36-40",24,74.5,7.2
"U23","M4X","Port","EffectiveLength",">40",1,73.4,7.8
"U23","M4X","Port","FinishAngle","20",1,38.5,3.3
"U23","M4X","Port","FinishAngle","20-24",2,40.5,3.2
"U23","M4X","Port","FinishAngle","24-28",2,41.8,1.9
"U23","M4X","Port","FinishAngle","28-32",1,41.9,1.3
"U23","M4X","Port","FinishAngle","32-36",5,39.3,3.3
"U23","M4X","Port","FinishAngle","36-40",24,37.5,3.5
"U23","M4X","Port","FinishAngle",">40",1,38.3,2.4
"U23","M4X","Port","FinishSlip","20",1,10.6,3.4
"U23","M4X","Port","FinishSlip","20-24",2,10.4,3.3
"U23","M4X","Port","FinishSlip","24-28",2,13.5,2.6
"U23","M4X","Port","FinishSlip","28-32",1,12.8,1.9
"U23","M4X","Port","FinishSlip","32-36",5,10.6,2.8
"U23","M4X","Port","FinishSlip","36-40",24,13.3,4.3
"U23","M4X","Port","FinishSlip",">40",1,9.6,4.5
"U23","M4X","Port","Length","20",1,103.5,4.9
"U23","M4X","Port","Length","20-24",2,102.7,4.4
"U23","M4X","Port","Length","24-28",2,106.6,4.3
"U23","M4X","Port","Length","28-32",1,106.5,3.4
"U23","M4X","Port","Length","32-36",5,97.3,3.5
"U23","M4X","Port","Length","36-40",24,97.6,5
"U23","M4X","Port","Length",">40",1,94.3,4.5
"U23","M4X","Port","MaxForcePc","20",1,54.2,5.8
"U23","M4X","Port","MaxForcePc","20-24",2,50.1,5.5
"U23","M4X","Port","MaxForcePc","24-28",2,48.9,11.1
"U23","M4X","Port","MaxForcePc","28-32",1,45.6,9.5
"U23","M4X","Port","MaxForcePc","32-36",5,44.4,5.6
"U23","M4X","Port","MaxForcePc","36-40",24,42.2,7.3
"U23","M4X","Port","MaxForcePc",">40",1,40.2,10.4
"U23","M4X","Port","RecoveryTime","20",1,1.8,0.1
"U23","M4X","Port","RecoveryTime","20-24",2,1.7,0.1
"U23","M4X","Port","RecoveryTime","24-28",2,1.3,0
"U23","M4X","Port","RecoveryTime","28-32",1,1.2,0
"U23","M4X","Port","RecoveryTime","32-36",5,0.8,0
"U23","M4X","Port","RecoveryTime","36-40",24,0.7,0.1
"U23","M4X","Port","RecoveryTime",">40",1,0.7,0
"U23","M4X","Port","SwivelPower","20",1,85.2,10.8
"U23","M4X","Port","SwivelPower","20-24",2,98,18.8
"U23","M4X","Port","SwivelPower","24-28",2,118.9,22.8
"U23","M4X","Port","SwivelPower","28-32",1,135.4,21.5
"U23","M4X","Port","SwivelPower","32-36",5,149,19.9
"U23","M4X","Port","SwivelPower","36-40",24,150.6,31
"U23","M4X","Port","SwivelPower",">40",1,161.1,25.9
"U23","M4X","Port","WorkPcQ1","20",1,10.2,1.8
"U23","M4X","Port","WorkPcQ1","20-24",2,12.4,2
"U23","M4X","Port","WorkPcQ1","24-28",2,11.5,3.7
"U23","M4X","Port","WorkPcQ1","28-32",1,12.9,2.8
"U23","M4X","Port","WorkPcQ1","32-36",5,16,2.4
"U23","M4X","Port","WorkPcQ1","36-40",24,17.4,2.4
"U23","M4X","Port","WorkPcQ1",">40",1,16.4,2.3
"U23","M4X","Port","WorkPcQ2","20",1,35,2.5
"U23","M4X","Port","WorkPcQ2","20-24",2,36.4,2.9
"U23","M4X","Port","WorkPcQ2","24-28",2,36.9,4.2
"U23","M4X","Port","WorkPcQ2","28-32",1,38.4,2.9
"U23","M4X","Port","WorkPcQ2","32-36",5,37,3.4
"U23","M4X","Port","WorkPcQ2","36-40",24,38.6,3.9
"U23","M4X","Port","WorkPcQ2",">40",1,37.5,3.8
"U23","M4X","Port","WorkPcQ3","20",1,41.3,2.8
"U23","M4X","Port","WorkPcQ3","20-24",2,38.8,2.4
"U23","M4X","Port","WorkPcQ3","24-28",2,40.5,4.2
"U23","M4X","Port","WorkPcQ3","28-32",1,38.2,2.8
"U23","M4X","Port","WorkPcQ3","32-36",5,35.2,3
"U23","M4X","Port","WorkPcQ3","36-40",24,34.4,3
"U23","M4X","Port","WorkPcQ3",">40",1,34,2.5
"U23","M4X","Port","WorkPcQ4","20",1,13.5,3.3
"U23","M4X","Port","WorkPcQ4","20-24",2,12.3,3
"U23","M4X","Port","WorkPcQ4","24-28",2,11,2.3
"U23","M4X","Port","WorkPcQ4","28-32",1,10.5,1.4
"U23","M4X","Port","WorkPcQ4","32-36",5,11.8,2.6
"U23","M4X","Port","WorkPcQ4","36-40",24,9.6,3.3
"U23","M4X","Port","WorkPcQ4",">40",1,12.1,2.3
"U23","M4X","Stbd","Angle07F","20",1,-41.4,10.1
"U23","M4X","Stbd","Angle07F","20-24",2,-43.1,7.8
"U23","M4X","Stbd","Angle07F","24-28",2,-40.3,10.1
"U23","M4X","Stbd","Angle07F","28-32",1,-41,7.6
"U23","M4X","Stbd","Angle07F","32-36",5,-34.1,15.5
"U23","M4X","Stbd","Angle07F","36-40",24,-43.3,10.5
"U23","M4X","Stbd","Angle07F",">40",1,-44.1,4.7
"U23","M4X","Stbd","AngleMaxF","20",1,-16.1,10
"U23","M4X","Stbd","AngleMaxF","20-24",2,-16.5,9.3
"U23","M4X","Stbd","AngleMaxF","24-28",2,-11.4,10.6
"U23","M4X","Stbd","AngleMaxF","28-32",1,-11,10.7
"U23","M4X","Stbd","AngleMaxF","32-36",5,-10.3,16
"U23","M4X","Stbd","AngleMaxF","36-40",24,-18.7,11.3
"U23","M4X","Stbd","AngleMaxF",">40",1,-19.7,5.7
"U23","M4X","Stbd","CatchAngle","20",1,-67,2.8
"U23","M4X","Stbd","CatchAngle","20-24",2,-66.9,2.4
"U23","M4X","Stbd","CatchAngle","24-28",2,-66.3,2.1
"U23","M4X","Stbd","CatchAngle","28-32",1,-66.3,1.5
"U23","M4X","Stbd","CatchAngle","32-36",5,-55.9,12.1
"U23","M4X","Stbd","CatchAngle","36-40",24,-61.5,7.7
"U23","M4X","Stbd","CatchAngle",">40",1,-61.2,2.1
"U23","M4X","Stbd","CatchSlip","20",1,15,5
"U23","M4X","Stbd","CatchSlip","20-24",2,12.6,5.3
"U23","M4X","Stbd","CatchSlip","24-28",2,14.6,7.1
"U23","M4X","Stbd","CatchSlip","28-32",1,13.3,3.7
"U23","M4X","Stbd","CatchSlip","32-36",5,12.7,6.4
"U23","M4X","Stbd","CatchSlip","36-40",24,9.6,4.6
"U23","M4X","Stbd","CatchSlip",">40",1,8.7,3
"U23","M4X","Stbd","DriveStartT","20",1,56.3,2.9
"U23","M4X","Stbd","DriveStartT","20-24",2,56.6,3.4
"U23","M4X","Stbd","DriveStartT","24-28",2,55.7,4.5
"U23","M4X","Stbd","DriveStartT","28-32",1,54.2,2.2
"U23","M4X","Stbd","DriveStartT","32-36",5,46.3,3.5
"U23","M4X","Stbd","DriveStartT","36-40",24,46.2,4
"U23","M4X","Stbd","DriveStartT",">40",1,43.9,2.6
"U23","M4X","Stbd","DriveTime","20",1,1.2,0.1
"U23","M4X","Stbd","DriveTime","20-24",2,1.1,0.1
"U23","M4X","Stbd","DriveTime","24-28",2,1,0.1
"U23","M4X","Stbd","DriveTime","28-32",1,1,0
"U23","M4X","Stbd","DriveTime","32-36",5,0.8,0
"U23","M4X","Stbd","DriveTime","36-40",24,0.8,0.1
"U23","M4X","Stbd","DriveTime",">40",1,0.8,0
"U23","M4X","Stbd","EffectiveLength","20",1,81.3,8.3
"U23","M4X","Stbd","EffectiveLength","20-24",2,82.6,8.9
"U23","M4X","Stbd","EffectiveLength","24-28",2,79.6,9.2
"U23","M4X","Stbd","EffectiveLength","28-32",1,82,5.5
"U23","M4X","Stbd","EffectiveLength","32-36",5,77,6.5
"U23","M4X","Stbd","EffectiveLength","36-40",24,78.9,6.7
"U23","M4X","Stbd","EffectiveLength",">40",1,78.2,4.7
"U23","M4X","Stbd","FinishAngle","20",1,40.7,2
"U23","M4X","Stbd","FinishAngle","20-24",2,39.7,2.3
"U23","M4X","Stbd","FinishAngle","24-28",2,41.4,2.3
"U23","M4X","Stbd","FinishAngle","28-32",1,41.1,1.5
"U23","M4X","Stbd","FinishAngle","32-36",5,46,13.5
"U23","M4X","Stbd","FinishAngle","36-40",24,39.4,7.6
"U23","M4X","Stbd","FinishAngle",">40",1,37.2,1.6
"U23","M4X","Stbd","FinishSlip","20",1,11.4,2.2
"U23","M4X","Stbd","FinishSlip","20-24",2,11.4,3.2
"U23","M4X","Stbd","FinishSlip","24-28",2,13.4,3.1
"U23","M4X","Stbd","FinishSlip","28-32",1,12.2,2.5
"U23","M4X","Stbd","FinishSlip","32-36",5,12.3,2.4
"U23","M4X","Stbd","FinishSlip","36-40",24,12.4,3
"U23","M4X","Stbd","FinishSlip",">40",1,11.6,1.8
"U23","M4X","Stbd","Length","20",1,107.7,4.1
"U23","M4X","Stbd","Length","20-24",2,106.6,3.6
"U23","M4X","Stbd","Length","24-28",2,107.7,3
"U23","M4X","Stbd","Length","28-32",1,107.4,2.1
"U23","M4X","Stbd","Length","32-36",5,101.9,3.2
"U23","M4X","Stbd","Length","36-40",24,100.9,4.4
"U23","M4X","Stbd","Length",">40",1,98.4,2.9
"U23","M4X","Stbd","MaxForcePc","20",1,47.4,9.1
"U23","M4X","Stbd","MaxForcePc","20-24",2,47.1,8.5
"U23","M4X","Stbd","MaxForcePc","24-28",2,50.8,9.9
"U23","M4X","Stbd","MaxForcePc","28-32",1,51.3,9.5
"U23","M4X","Stbd","MaxForcePc","32-36",5,44.7,6.5
"U23","M4X","Stbd","MaxForcePc","36-40",24,42.5,7.2
"U23","M4X","Stbd","MaxForcePc",">40",1,42.2,5.9
"U23","M4X","Stbd","RecoveryTime","20",1,1.8,0.1
"U23","M4X","Stbd","RecoveryTime","20-24",2,1.7,0.1
"U23","M4X","Stbd","RecoveryTime","24-28",2,1.3,0.1
"U23","M4X","Stbd","RecoveryTime","28-32",1,1.2,0
"U23","M4X","Stbd","RecoveryTime","32-36",5,0.8,0
"U23","M4X","Stbd","RecoveryTime","36-40",24,0.7,0.1
"U23","M4X","Stbd","RecoveryTime",">40",1,0.7,0
"U23","M4X","Stbd","SwivelPower","20",1,102.1,12.9
"U23","M4X","Stbd","SwivelPower","20-24",2,111.9,21.8
"U23","M4X","Stbd","SwivelPower","24-28",2,129.3,23.1
"U23","M4X","Stbd","SwivelPower","28-32",1,144.4,16.5
"U23","M4X","Stbd","SwivelPower","32-36",5,160.4,30.1
"U23","M4X","Stbd","SwivelPower","36-40",24,175.4,32.3
"U23","M4X","Stbd","SwivelPower",">40",1,184.9,27.5
"U23","M4X","Stbd","WorkPcQ1","20",1,11.7,2.4
"U23","M4X","Stbd","WorkPcQ1","20-24",2,12.9,2.3
"U23","M4X","Stbd","WorkPcQ1","24-28",2,12.4,2.6
"U23","M4X","Stbd","WorkPcQ1","28-32",1,12.4,1.5
"U23","M4X","Stbd","WorkPcQ1","32-36",5,15,2.1
"U23","M4X","Stbd","WorkPcQ1","36-40",24,16,2.4
"U23","M4X","Stbd","WorkPcQ1",">40",1,16.6,1.9
"U23","M4X","Stbd","WorkPcQ2","20",1,36.6,4.2
"U23","M4X","Stbd","WorkPcQ2","20-24",2,37.2,4
"U23","M4X","Stbd","WorkPcQ2","24-28",2,37.6,6.6
"U23","M4X","Stbd","WorkPcQ2","28-32",1,37.9,5.6
"U23","M4X","Stbd","WorkPcQ2","32-36",5,39.3,3.5
"U23","M4X","Stbd","WorkPcQ2","36-40",24,38.8,3.3
"U23","M4X","Stbd","WorkPcQ2",">40",1,39.4,4
"U23","M4X","Stbd","WorkPcQ3","20",1,39.1,4.1
"U23","M4X","Stbd","WorkPcQ3","20-24",2,38.4,3.4
"U23","M4X","Stbd","WorkPcQ3","24-28",2,39.2,4
"U23","M4X","Stbd","WorkPcQ3","28-32",1,38.4,2.2
"U23","M4X","Stbd","WorkPcQ3","32-36",5,35.6,2.9
"U23","M4X","Stbd","WorkPcQ3","36-40",24,35.3,2.8
"U23","M4X","Stbd","WorkPcQ3",">40",1,33.6,3
"U23","M4X","Stbd","WorkPcQ4","20",1,12.6,2.6
"U23","M4X","Stbd","WorkPcQ4","20-24",2,11.5,3.1
"U23","M4X","Stbd","WorkPcQ4","24-28",2,10.8,4.5
"U23","M4X","Stbd","WorkPcQ4","28-32",1,11.3,4.5
"U23","M4X","Stbd","WorkPcQ4","32-36",5,10.1,2.1
"U23","M4X","Stbd","WorkPcQ4","36-40",24,9.9,2.6
"U23","M4X","Stbd","WorkPcQ4",">40",1,10.3,1.4
"U23","M8+","Port","Angle07F","32-36",1,-35.7,3.1
"U23","M8+","Port","AngleMaxF","32-36",1,-17.6,4
"U23","M8+","Port","CatchAngle","32-36",1,-55,2.8
"U23","M8+","Port","CatchSlip","32-36",1,9.8,2.2
"U23","M8+","Port","DriveStartT","32-36",1,47.9,4.1
"U23","M8+","Port","DriveTime","32-36",1,0.8,0.1
"U23","M8+","Port","EffectiveLength","32-36",1,70.8,3.5
"U23","M8+","Port","FinishAngle","32-36",1,33.1,3
"U23","M8+","Port","FinishSlip","32-36",1,7.6,2.2
"U23","M8+","Port","Length","32-36",1,88.2,3.9
"U23","M8+","Port","MaxForcePc","32-36",1,42,5.6
"U23","M8+","Port","RecoveryTime","32-36",1,1,0.1
"U23","M8+","Port","SwivelPower","32-36",1,362.1,74.6
"U23","M8+","Port","WorkPcQ1","32-36",1,14.5,2.3
"U23","M8+","Port","WorkPcQ2","32-36",1,40,3.7
"U23","M8+","Port","WorkPcQ3","32-36",1,33.3,4.3
"U23","M8+","Port","WorkPcQ4","32-36",1,12.2,2
"U23","M8+","Stbd","Angle07F","32-36",1,-34.8,6.5
"U23","M8+","Stbd","AngleMaxF","32-36",1,-14.1,11.3
"U23","M8+","Stbd","CatchAngle","32-36",1,-56,3.7
"U23","M8+","Stbd","CatchSlip","32-36",1,9.5,4.4
"U23","M8+","Stbd","DriveStartT","32-36",1,48.8,3.2
"U23","M8+","Stbd","DriveTime","32-36",1,0.8,0.1
"U23","M8+","Stbd","EffectiveLength","32-36",1,69.1,5.3
"U23","M8+","Stbd","FinishAngle","32-36",1,32,3.2
"U23","M8+","Stbd","FinishSlip","32-36",1,9.3,3.1
"U23","M8+","Stbd","Length","32-36",1,88,4.9
"U23","M8+","Stbd","MaxForcePc","32-36",1,46.7,13.5
"U23","M8+","Stbd","RecoveryTime","32-36",1,1,0.1
"U23","M8+","Stbd","SwivelPower","32-36",1,354.6,72.3
"U23","M8+","Stbd","WorkPcQ1","32-36",1,15.3,5.1
"U23","M8+","Stbd","WorkPcQ2","32-36",1,37.7,4.4
"U23","M8+","Stbd","WorkPcQ3","32-36",1,35.3,6.3
"U23","M8+","Stbd","WorkPcQ4","32-36",1,11.7,3.1
"U23","W1X","Port","Angle07F","<20",1,-46.2,3.3
"U23","W1X","Port","Angle07F","20",1,-40.9,4.5
"U23","W1X","Port","Angle07F","20-24",4,-45.9,2.8
"U23","W1X","Port","Angle07F","24-28",21,-47.2,3.2
"U23","W1X","Port","Angle07F","28-32",21,-47.7,3.7
"U23","W1X","Port","Angle07F","32-36",12,-50.4,2.6
"U23","W1X","Port","Angle07F","36-40",3,-40.5,15.6
"U23","W1X","Port","Angle07F",">40",3,-28,17.8
"U23","W1X","Port","AngleMaxF","<20",1,-31.1,5.5
"U23","W1X","Port","AngleMaxF","20",1,-14.2,7.1
"U23","W1X","Port","AngleMaxF","20-24",4,-25.9,8.1
"U23","W1X","Port","AngleMaxF","24-28",21,-22.6,8.7
"U23","W1X","Port","AngleMaxF","28-32",21,-24.7,10.5
"U23","W1X","Port","AngleMaxF","32-36",12,-32.3,6.9
"U23","W1X","Port","AngleMaxF","36-40",3,-18.4,18.4
"U23","W1X","Port","AngleMaxF",">40",3,-5.7,19.7
"U23","W1X","Port","CatchAngle","<20",1,-61.5,1.9
"U23","W1X","Port","CatchAngle","20",1,-61,2.6
"U23","W1X","Port","CatchAngle","20-24",4,-61.8,3.1
"U23","W1X","Port","CatchAngle","24-28",21,-62.6,5.1
"U23","W1X","Port","CatchAngle","28-32",21,-63.1,3.7
"U23","W1X","Port","CatchAngle","32-36",12,-64.5,2.6
"U23","W1X","Port","CatchAngle","36-40",3,-53.2,17.3
"U23","W1X","Port","CatchAngle",">40",3,-39.1,21.3
"U23","W1X","Port","CatchSlip","<20",1,10.8,3.3
"U23","W1X","Port","CatchSlip","20",1,16.2,6.1
"U23","W1X","Port","CatchSlip","20-24",4,10.6,2.8
"U23","W1X","Port","CatchSlip","24-28",21,11.2,3.5
"U23","W1X","Port","CatchSlip","28-32",21,10.7,2.6
"U23","W1X","Port","CatchSlip","32-36",12,8.8,1.2
"U23","W1X","Port","CatchSlip","36-40",3,6.3,2
"U23","W1X","Port","CatchSlip",">40",3,5.5,1.5
"U23","W1X","Port","DriveStartT","<20",1,61.1,2.5
"U23","W1X","Port","DriveStartT","20",1,56.9,3.8
"U23","W1X","Port","DriveStartT","20-24",4,57.8,3.1
"U23","W1X","Port","DriveStartT","24-28",21,59.5,3.3
"U23","W1X","Port","DriveStartT","28-32",21,58.7,2.7
"U23","W1X","Port","DriveStartT","32-36",12,54,2.6
"U23","W1X","Port","DriveStartT","36-40",3,52.2,6.8
"U23","W1X","Port","DriveStartT",">40",3,49.4,6.6
"U23","W1X","Port","DriveTime","<20",1,1.3,0.1
"U23","W1X","Port","DriveTime","20",1,1.2,0
"U23","W1X","Port","DriveTime","20-24",4,1.2,0
"U23","W1X","Port","DriveTime","24-28",21,1.2,0.1
"U23","W1X","Port","DriveTime","28-32",21,1.1,0.1
"U23","W1X","Port","DriveTime","32-36",12,1,0
"U23","W1X","Port","DriveTime","36-40",3,0.9,0
"U23","W1X","Port","DriveTime",">40",3,0.8,0.1
"U23","W1X","Port","EffectiveLength","<20",1,74.5,5
"U23","W1X","Port","EffectiveLength","20",1,70.1,9.3
"U23","W1X","Port","EffectiveLength","20-24",4,67.2,8
"U23","W1X","Port","EffectiveLength","24-28",21,79.1,7.1
"U23","W1X","Port","EffectiveLength","28-32",21,79.5,5.8
"U23","W1X","Port","EffectiveLength","32-36",12,79.2,5
"U23","W1X","Port","EffectiveLength","36-40",3,78.9,4.7
"U23","W1X","Port","EffectiveLength",">40",3,78.8,4.8
"U23","W1X","Port","FinishAngle","<20",1,39.9,1
"U23","W1X","Port","FinishAngle","20",1,40.6,1.3
"U23","W1X","Port","FinishAngle","20-24",4,40.6,3.4
"U23","W1X","Port","FinishAngle","24-28",21,44.1,4.9
"U23","W1X","Port","FinishAngle","28-32",21,43,2.9
"U23","W1X","Port","FinishAngle","32-36",12,37.6,2.6
"U23","W1X","Port","FinishAngle","36-40",3,47.4,15.6
"U23","W1X","Port","FinishAngle",">40",3,57.7,15.7
"U23","W1X","Port","FinishSlip","<20",1,16,2.3
"U23","W1X","Port","FinishSlip","20",1,15.2,1.5
"U23","W1X","Port","FinishSlip","20-24",4,24.5,5.6
"U23","W1X","Port","FinishSlip","24-28",21,16.3,5.5
"U23","W1X","Port","FinishSlip","28-32",21,15.8,4
"U23","W1X","Port","FinishSlip","32-36",12,14.1,3.2
"U23","W1X","Port","FinishSlip","36-40",3,10.7,3.9
"U23","W1X","Port","FinishSlip",">40",3,8,3.2
"U23","W1X","Port","Length","<20",1,101.4,2.3
"U23","W1X","Port","Length","20",1,101.5,3.4
"U23","W1X","Port","Length","20-24",4,102.3,3.5
"U23","W1X","Port","Length","24-28",21,106.7,3.4
"U23","W1X","Port","Length","28-32",21,106.1,4.1
"U23","W1X","Port","Length","32-36",12,102.1,4
"U23","W1X","Port","Length","36-40",3,96.5,7.1
"U23","W1X","Port","Length",">40",3,92.9,7.8
"U23","W1X","Port","MaxForcePc","<20",1,30.2,5.3
"U23","W1X","Port","MaxForcePc","20",1,46,6.4
"U23","W1X","Port","MaxForcePc","20-24",4,35,6
"U23","W1X","Port","MaxForcePc","24-28",21,37.3,7
"U23","W1X","Port","MaxForcePc","28-32",21,36.1,9.7
"U23","W1X","Port","MaxForcePc","32-36",12,31.5,6.2
"U23","W1X","Port","MaxForcePc","36-40",3,33.4,4.2
"U23","W1X","Port","MaxForcePc",">40",3,34.3,4
"U23","W1X","Port","RecoveryTime","<20",1,1.7,0.1
"U23","W1X","Port","RecoveryTime","20",1,1.7,0.1
"U23","W1X","Port","RecoveryTime","20-24",4,1.3,0.1
"U23","W1X","Port","RecoveryTime","24-28",21,1.1,0.1
"U23","W1X","Port","RecoveryTime","28-32",21,1,0.1
"U23","W1X","Port","RecoveryTime","32-36",12,0.8,0.1
"U23","W1X","Port","RecoveryTime","36-40",3,0.7,0
"U23","W1X","Port","RecoveryTime",">40",3,0.6,0
"U23","W1X","Port","SwivelPower","<20",1,71.8,9.3
"U23","W1X","Port","SwivelPower","20",1,71.2,12.1
"U23","W1X","Port","SwivelPower","20-24",4,86.1,12.3
"U23","W1X","Port","SwivelPower","24-28",21,98,12.5
"U23","W1X","Port","SwivelPower","28-32",21,107.4,15.7
"U23","W1X","Port","SwivelPower","32-36",12,119,25.1
"U23","W1X","Port","SwivelPower","36-40",3,179.3,26.7
"U23","W1X","Port","SwivelPower",">40",3,192.7,24.6
"U23","W1X","Port","WorkPcQ1","<20",1,18.5,2.9
"U23","W1X","Port","WorkPcQ1","20",1,14.6,1.5
"U23","W1X","Port","WorkPcQ1","20-24",4,18.7,1.8
"U23","W1X","Port","WorkPcQ1","24-28",21,18,3.2
"U23","W1X","Port","WorkPcQ1","28-32",21,17.9,2.1
"U23","W1X","Port","WorkPcQ1","32-36",12,20.6,2.9
"U23","W1X","Port","WorkPcQ1","36-40",3,21.8,3.8
"U23","W1X","Port","WorkPcQ1",">40",3,24.3,3.4
"U23","W1X","Port","WorkPcQ2","<20",1,41.9,2.3
"U23","W1X","Port","WorkPcQ2","20",1,38.5,1.5
"U23","W1X","Port","WorkPcQ2","20-24",4,41.2,2.4
"U23","W1X","Port","WorkPcQ2","24-28",21,38.7,2.2
"U23","W1X","Port","WorkPcQ2","28-32",21,38.5,2.6
"U23","W1X","Port","WorkPcQ2","32-36",12,40.4,1.5
"U23","W1X","Port","WorkPcQ2","36-40",3,39.9,1.3
"U23","W1X","Port","WorkPcQ2",">40",3,40.2,1.3
"U23","W1X","Port","WorkPcQ3","<20",1,31.6,2
"U23","W1X","Port","WorkPcQ3","20",1,37.6,1.9
"U23","W1X","Port","WorkPcQ3","20-24",4,31.5,1.9
"U23","W1X","Port","WorkPcQ3","24-28",21,34.1,2.1
"U23","W1X","Port","WorkPcQ3","28-32",21,34.7,1.8
"U23","W1X","Port","WorkPcQ3","32-36",12,30,2.9
"U23","W1X","Port","WorkPcQ3","36-40",3,30.5,3.4
"U23","W1X","Port","WorkPcQ3",">40",3,28.1,3.4
"U23","W1X","Port","WorkPcQ4","<20",1,8.1,1.5
"U23","W1X","Port","WorkPcQ4","20",1,9.3,1.1
"U23","W1X","Port","WorkPcQ4","20-24",4,8.6,1.5
"U23","W1X","Port","WorkPcQ4","24-28",21,9.2,3
"U23","W1X","Port","WorkPcQ4","28-32",21,9,2.2
"U23","W1X","Port","WorkPcQ4","32-36",12,9.1,1.7
"U23","W1X","Port","WorkPcQ4","36-40",3,7.7,1.1
"U23","W1X","Port","WorkPcQ4",">40",3,7.5,1
"U23","W1X","Stbd","Angle07F","<20",1,-46.5,3.5
"U23","W1X","Stbd","Angle07F","20",1,-45.3,5
"U23","W1X","Stbd","Angle07F","20-24",4,-47.4,2.3
"U23","W1X","Stbd","Angle07F","24-28",18,-48.1,4
"U23","W1X","Stbd","Angle07F","28-32",21,-49.3,5.5
"U23","W1X","Stbd","Angle07F","32-36",12,-48.2,3.4
"U23","W1X","Stbd","Angle07F","36-40",3,-62.6,11.3
"U23","W1X","Stbd","Angle07F",">40",3,-69.2,9.8
"U23","W1X","Stbd","AngleMaxF","<20",1,-30.7,6.6
"U23","W1X","Stbd","AngleMaxF","20",1,-17.4,4.2
"U23","W1X","Stbd","AngleMaxF","20-24",4,-27.2,6.4
"U23","W1X","Stbd","AngleMaxF","24-28",18,-19.6,8.6
"U23","W1X","Stbd","AngleMaxF","28-32",21,-24.2,12.3
"U23","W1X","Stbd","AngleMaxF","32-36",12,-27.6,9.2
"U23","W1X","Stbd","AngleMaxF","36-40",3,-34.4,13.8
"U23","W1X","Stbd","AngleMaxF",">40",3,-40.5,11.8
"U23","W1X","Stbd","CatchAngle","<20",1,-60.9,1.8
"U23","W1X","Stbd","CatchAngle","20",1,-66,2.3
"U23","W1X","Stbd","CatchAngle","20-24",4,-63.7,2.8
"U23","W1X","Stbd","CatchAngle","24-28",18,-53.6,25.7
"U23","W1X","Stbd","CatchAngle","28-32",21,-65.5,2.7
"U23","W1X","Stbd","CatchAngle","32-36",12,-63.5,2.3
"U23","W1X","Stbd","CatchAngle","36-40",3,-72.2,12.1
"U23","W1X","Stbd","CatchAngle",">40",3,-78.9,10.8
"U23","W1X","Stbd","CatchSlip","<20",1,11.1,4
"U23","W1X","Stbd","CatchSlip","20",1,14.5,3.7
"U23","W1X","Stbd","CatchSlip","20-24",4,10.2,2.2
"U23","W1X","Stbd","CatchSlip","24-28",18,10.2,6.1
"U23","W1X","Stbd","CatchSlip","28-32",21,10.5,3.4
"U23","W1X","Stbd","CatchSlip","32-36",12,10.1,2
"U23","W1X","Stbd","CatchSlip","36-40",3,6,1.9
"U23","W1X","Stbd","CatchSlip",">40",3,5.4,1.7
"U23","W1X","Stbd","DriveStartT","<20",1,61.7,3.3
"U23","W1X","Stbd","DriveStartT","20",1,57.8,2.6
"U23","W1X","Stbd","DriveStartT","20-24",4,57.8,3
"U23","W1X","Stbd","DriveStartT","24-28",18,58.3,3
"U23","W1X","Stbd","DriveStartT","28-32",21,57.9,2.8
"U23","W1X","Stbd","DriveStartT","32-36",12,53.1,2.4
"U23","W1X","Stbd","DriveStartT","36-40",3,51.5,7
"U23","W1X","Stbd","DriveStartT",">40",3,49,6.6
"U23","W1X","Stbd","DriveTime","<20",1,1.3,0
"U23","W1X","Stbd","DriveTime","20",1,1.2,0
"U23","W1X","Stbd","DriveTime","20-24",4,1.2,0.1
"U23","W1X","Stbd","DriveTime","24-28",18,1.2,0
"U23","W1X","Stbd","DriveTime","28-32",21,1.1,0.1
"U23","W1X","Stbd","DriveTime","32-36",12,1,0.1
"U23","W1X","Stbd","DriveTime","36-40",3,0.9,0
"U23","W1X","Stbd","DriveTime",">40",3,0.9,0.1
"U23","W1X","Stbd","EffectiveLength","<20",1,75.8,9
"U23","W1X","Stbd","EffectiveLength","20",1,74.8,6.5
"U23","W1X","Stbd","EffectiveLength","20-24",4,71.1,11
"U23","W1X","Stbd","EffectiveLength","24-28",18,65.5,32.3
"U23","W1X","Stbd","EffectiveLength","28-32",21,80.1,6
"U23","W1X","Stbd","EffectiveLength","32-36",12,78.2,6.8
"U23","W1X","Stbd","EffectiveLength","36-40",3,81.4,4.6
"U23","W1X","Stbd","EffectiveLength",">40",3,82.1,4.1
"U23","W1X","Stbd","FinishAngle","<20",1,41.8,1.8
"U23","W1X","Stbd","FinishAngle","20",1,41.3,1.2
"U23","W1X","Stbd","FinishAngle","20-24",4,41.4,2.3
"U23","W1X","Stbd","FinishAngle","24-28",18,34.7,17
"U23","W1X","Stbd","FinishAngle","28-32",21,42.2,2.6
"U23","W1X","Stbd","FinishAngle","32-36",12,39,3
"U23","W1X","Stbd","FinishAngle","36-40",3,27.3,13.8
"U23","W1X","Stbd","FinishAngle",">40",3,17.5,12.9
"U23","W1X","Stbd","FinishSlip","<20",1,15.8,5.2
"U23","W1X","Stbd","FinishSlip","20",1,18.1,1.8
"U23","W1X","Stbd","FinishSlip","20-24",4,23.8,7.6
"U23","W1X","Stbd","FinishSlip","24-28",18,12.6,8.3
"U23","W1X","Stbd","FinishSlip","28-32",21,17,4.6
"U23","W1X","Stbd","FinishSlip","32-36",12,14.2,3.1
"U23","W1X","Stbd","FinishSlip","36-40",3,12,5.1
"U23","W1X","Stbd","FinishSlip",">40",3,8.9,4.3
"U23","W1X","Stbd","Length","<20",1,102.7,2.7
"U23","W1X","Stbd","Length","20",1,107.4,3
"U23","W1X","Stbd","Length","20-24",4,105.1,4.3
"U23","W1X","Stbd","Length","24-28",18,88.2,42.6
"U23","W1X","Stbd","Length","28-32",21,107.7,3.6
"U23","W1X","Stbd","Length","32-36",12,102.5,4.5
"U23","W1X","Stbd","Length","36-40",3,99.4,7
"U23","W1X","Stbd","Length",">40",3,96.4,7
"U23","W1X","Stbd","MaxForcePc","<20",1,29.5,6.3
"U23","W1X","Stbd","MaxForcePc","20",1,45.2,3.5
"U23","W1X","Stbd","MaxForcePc","20-24",4,34.6,6.5
"U23","W1X","Stbd","MaxForcePc","24-28",18,42.4,7.8
"U23","W1X","Stbd","MaxForcePc","28-32",21,38.4,10.9
"U23","W1X","Stbd","MaxForcePc","32-36",12,34.9,8.3
"U23","W1X","Stbd","MaxForcePc","36-40",3,38.9,7.8
"U23","W1X","Stbd","MaxForcePc",">40",3,40.4,5.8
"U23","W1X","Stbd","RecoveryTime","<20",1,1.7,0.1
"U23","W1X","Stbd","RecoveryTime","20",1,1.7,0.1
"U23","W1X","Stbd","RecoveryTime","20-24",4,1.3,0.1
"U23","W1X","Stbd","RecoveryTime","24-28",18,1.1,0.1
"U23","W1X","Stbd","RecoveryTime","28-32",21,1,0.1
"U23","W1X","Stbd","RecoveryTime","32-36",12,0.8,0.1
"U23","W1X","Stbd","RecoveryTime","36-40",3,0.7,0
"U23","W1X","Stbd","RecoveryTime",">40",3,0.6,0.1
"U23","W1X","Stbd","SwivelPower","<20",1,67.2,15.1
"U23","W1X","Stbd","SwivelPower","20",1,74.3,8.5
"U23","W1X","Stbd","SwivelPower","20-24",4,90.6,15.7
"U23","W1X","Stbd","SwivelPower","24-28",18,83,41
"U23","W1X","Stbd","SwivelPower","28-32",21,108.6,20.2
"U23","W1X","Stbd","SwivelPower","32-36",12,121.2,24.2
"U23","W1X","Stbd","SwivelPower","36-40",3,156.9,20.6
"U23","W1X","Stbd","SwivelPower",">40",3,159.2,20.1
"U23","W1X","Stbd","WorkPcQ1","<20",1,19.9,3.6
"U23","W1X","Stbd","WorkPcQ1","20",1,14.8,1.6
"U23","W1X","Stbd","WorkPcQ1","20-24",4,18.6,2.2
"U23","W1X","Stbd","WorkPcQ1","24-28",18,16.2,2.1
"U23","W1X","Stbd","WorkPcQ1","28-32",21,17.7,2.5
"U23","W1X","Stbd","WorkPcQ1","32-36",12,17.9,1.8
"U23","W1X","Stbd","WorkPcQ1","36-40",3,16.2,5
"U23","W1X","Stbd","WorkPcQ1",">40",3,13.7,4.3
"U23","W1X","Stbd","WorkPcQ2","<20",1,40.4,3
"U23","W1X","Stbd","WorkPcQ2","20",1,40.5,1.2
"U23","W1X","Stbd","WorkPcQ2","20-24",4,40.7,2.8
"U23","W1X","Stbd","WorkPcQ2","24-28",18,38.1,2.2
"U23","W1X","Stbd","WorkPcQ2","28-32",21,38.9,2
"U23","W1X","Stbd","WorkPcQ2","32-36",12,39.1,1.4
"U23","W1X","Stbd","WorkPcQ2","36-40",3,37.1,3
"U23","W1X","Stbd","WorkPcQ2",">40",3,36,2.4
"U23","W1X","Stbd","WorkPcQ3","<20",1,31.2,2.4
"U23","W1X","Stbd","WorkPcQ3","20",1,36.7,1.8
"U23","W1X","Stbd","WorkPcQ3","20-24",4,31.1,2.8
"U23","W1X","Stbd","WorkPcQ3","24-28",18,35.4,2.5
"U23","W1X","Stbd","WorkPcQ3","28-32",21,35.1,2.1
"U23","W1X","Stbd","WorkPcQ3","32-36",12,34.3,1.6
"U23","W1X","Stbd","WorkPcQ3","36-40",3,35.8,3.2
"U23","W1X","Stbd","WorkPcQ3",">40",3,36.7,2.6
"U23","W1X","Stbd","WorkPcQ4","<20",1,8.6,3.4
"U23","W1X","Stbd","WorkPcQ4","20",1,8,0.9
"U23","W1X","Stbd","WorkPcQ4","20-24",4,9.6,2.6
"U23","W1X","Stbd","WorkPcQ4","24-28",18,10.3,2.2
"U23","W1X","Stbd","WorkPcQ4","28-32",21,8.3,2.2
"U23","W1X","Stbd","WorkPcQ4","32-36",12,8.7,1.6
"U23","W1X","Stbd","WorkPcQ4","36-40",3,10.9,4.9
"U23","W1X","Stbd","WorkPcQ4",">40",3,13.6,4.1
"U23","W2-","Port","Angle07F","<20",1,-32.7,1.9
"U23","W2-","Port","Angle07F","20",4,-33.1,2.3
"U23","W2-","Port","Angle07F","20-24",4,-38.7,2.1
"U23","W2-","Port","Angle07F","24-28",17,-37.6,2.5
"U23","W2-","Port","Angle07F","28-32",24,-35.5,2.7
"U23","W2-","Port","Angle07F","32-36",23,-33.2,3.8
"U23","W2-","Port","Angle07F","36-40",7,-37.8,2.7
"U23","W2-","Port","Angle07F",">40",1,-31.9,6.9
"U23","W2-","Port","AngleMaxF","<20",1,-15.8,2.7
"U23","W2-","Port","AngleMaxF","20",4,-15.7,3.1
"U23","W2-","Port","AngleMaxF","20-24",4,-18.1,3.9
"U23","W2-","Port","AngleMaxF","24-28",17,-18,5.3
"U23","W2-","Port","AngleMaxF","28-32",24,-17.2,3.4
"U23","W2-","Port","AngleMaxF","32-36",23,-16,3.3
"U23","W2-","Port","AngleMaxF","36-40",7,-18.5,3.3
"U23","W2-","Port","AngleMaxF",">40",1,-15,4.7
"U23","W2-","Port","CatchAngle","<20",1,-49.8,1
"U23","W2-","Port","CatchAngle","20",4,-52.3,2.9
"U23","W2-","Port","CatchAngle","20-24",4,-52.8,1.9
"U23","W2-","Port","CatchAngle","24-28",17,-52.3,2.2
"U23","W2-","Port","CatchAngle","28-32",24,-51,2.7
"U23","W2-","Port","CatchAngle","32-36",23,-51.5,2.5
"U23","W2-","Port","CatchAngle","36-40",7,-51.9,2.2
"U23","W2-","Port","CatchAngle",">40",1,-45.9,6.7
"U23","W2-","Port","CatchSlip","<20",1,10.8,1.1
"U23","W2-","Port","CatchSlip","20",4,11.8,2.5
"U23","W2-","Port","CatchSlip","20-24",4,8.8,1.3
"U23","W2-","Port","CatchSlip","24-28",17,9.3,1.7
"U23","W2-","Port","CatchSlip","28-32",24,9.3,2.5
"U23","W2-","Port","CatchSlip","32-36",23,8,3
"U23","W2-","Port","CatchSlip","36-40",7,9.2,2.5
"U23","W2-","Port","CatchSlip",">40",1,5.1,1.6
"U23","W2-","Port","DriveStartT","<20",1,60.2,2.2
"U23","W2-","Port","DriveStartT","20",4,61.3,2.5
"U23","W2-","Port","DriveStartT","20-24",4,58.1,3.4
"U23","W2-","Port","DriveStartT","24-28",17,57.7,2.1
"U23","W2-","Port","DriveStartT","28-32",24,55.5,2.6
"U23","W2-","Port","DriveStartT","32-36",23,52,2.5
"U23","W2-","Port","DriveStartT","36-40",7,48.2,1.9
"U23","W2-","Port","DriveStartT",">40",1,48.8,9.5
"U23","W2-","Port","DriveTime","<20",1,1.2,0
"U23","W2-","Port","DriveTime","20",4,1.2,0.1
"U23","W2-","Port","DriveTime","20-24",4,1.1,0
"U23","W2-","Port","DriveTime","24-28",17,1.1,0.1
"U23","W2-","Port","DriveTime","28-32",24,1,0
"U23","W2-","Port","DriveTime","32-36",23,0.9,0.1
"U23","W2-","Port","DriveTime","36-40",7,0.9,0
"U23","W2-","Port","DriveTime",">40",1,0.8,0
"U23","W2-","Port","EffectiveLength","<20",1,59.7,1.8
"U23","W2-","Port","EffectiveLength","20",4,62.5,3.5
"U23","W2-","Port","EffectiveLength","20-24",4,63.1,2.1
"U23","W2-","Port","EffectiveLength","24-28",17,63.8,3
"U23","W2-","Port","EffectiveLength","28-32",24,60.8,3.6
"U23","W2-","Port","EffectiveLength","32-36",23,65.5,4.2
"U23","W2-","Port","EffectiveLength","36-40",7,65.4,2.8
"U23","W2-","Port","EffectiveLength",">40",1,62.3,6.9
"U23","W2-","Port","FinishAngle","<20",1,35.2,0.6
"U23","W2-","Port","FinishAngle","20",4,33.3,2.3
"U23","W2-","Port","FinishAngle","20-24",4,32.5,1.9
"U23","W2-","Port","FinishAngle","24-28",17,31.8,2.6
"U23","W2-","Port","FinishAngle","28-32",24,32.6,2.4
"U23","W2-","Port","FinishAngle","32-36",23,32,4.5
"U23","W2-","Port","FinishAngle","36-40",7,33,3.6
"U23","W2-","Port","FinishAngle",">40",1,28.7,1.5
"U23","W2-","Port","FinishSlip","<20",1,14.4,1
"U23","W2-","Port","FinishSlip","20",4,11.4,2.9
"U23","W2-","Port","FinishSlip","20-24",4,13.3,2.8
"U23","W2-","Port","FinishSlip","24-28",17,11,3.1
"U23","W2-","Port","FinishSlip","28-32",24,13.4,3.2
"U23","W2-","Port","FinishSlip","32-36",23,9.9,3.4
"U23","W2-","Port","FinishSlip","36-40",7,10.3,2.9
"U23","W2-","Port","FinishSlip",">40",1,7.1,1.7
"U23","W2-","Port","Length","<20",1,84.9,1.2
"U23","W2-","Port","Length","20",4,85.6,2
"U23","W2-","Port","Length","20-24",4,85.2,2.4
"U23","W2-","Port","Length","24-28",17,84.1,2.1
"U23","W2-","Port","Length","28-32",24,83.6,2.7
"U23","W2-","Port","Length","32-36",23,83.4,5.9
"U23","W2-","Port","Length","36-40",7,84.9,4.2
"U23","W2-","Port","Length",">40",1,74.5,6.8
"U23","W2-","Port","MaxForcePc","<20",1,39.8,2.9
"U23","W2-","Port","MaxForcePc","20",4,42.4,4.4
"U23","W2-","Port","MaxForcePc","20-24",4,40.5,4.2
"U23","W2-","Port","MaxForcePc","24-28",17,40.6,5.8
"U23","W2-","Port","MaxForcePc","28-32",24,40.4,4.9
"U23","W2-","Port","MaxForcePc","32-36",23,42.3,4.2
"U23","W2-","Port","MaxForcePc","36-40",7,39.1,3.2
"U23","W2-","Port","MaxForcePc",">40",1,41.1,1.3
"U23","W2-","Port","RecoveryTime","<20",1,1.9,0.1
"U23","W2-","Port","RecoveryTime","20",4,1.8,0.1
"U23","W2-","Port","RecoveryTime","20-24",4,1.5,0.2
"U23","W2-","Port","RecoveryTime","24-28",17,1.2,0.1
"U23","W2-","Port","RecoveryTime","28-32",24,1,0.1
"U23","W2-","Port","RecoveryTime","32-36",23,0.8,0.1
"U23","W2-","Port","RecoveryTime","36-40",7,0.8,0.1
"U23","W2-","Port","RecoveryTime",">40",1,0.8,0
"U23","W2-","Port","SwivelPower","<20",1,147.7,7.7
"U23","W2-","Port","SwivelPower","20",4,149.7,15.2
"U23","W2-","Port","SwivelPower","20-24",4,184.2,16.5
"U23","W2-","Port","SwivelPower","24-28",17,197.1,22.7
"U23","W2-","Port","SwivelPower","28-32",24,210.7,26.6
"U23","W2-","Port","SwivelPower","32-36",23,270.9,43.9
"U23","W2-","Port","SwivelPower","36-40",7,275.6,43
"U23","W2-","Port","SwivelPower",">40",1,386.1,49.6
"U23","W2-","Port","WorkPcQ1","<20",1,15.9,1.3
"U23","W2-","Port","WorkPcQ1","20",4,14.7,2.1
"U23","W2-","Port","WorkPcQ1","20-24",4,17.9,1.7
"U23","W2-","Port","WorkPcQ1","24-28",17,17.2,2.3
"U23","W2-","Port","WorkPcQ1","28-32",24,18.1,2.5
"U23","W2-","Port","WorkPcQ1","32-36",23,16.6,3.2
"U23","W2-","Port","WorkPcQ1","36-40",7,18.2,2.3
"U23","W2-","Port","WorkPcQ1",">40",1,18.8,1.8
"U23","W2-","Port","WorkPcQ2","<20",1,42.4,0.9
"U23","W2-","Port","WorkPcQ2","20",4,39.8,3
"U23","W2-","Port","WorkPcQ2","20-24",4,41.4,1.2
"U23","W2-","Port","WorkPcQ2","24-28",17,40.2,2.6
"U23","W2-","Port","WorkPcQ2","28-32",24,42.2,1.7
"U23","W2-","Port","WorkPcQ2","32-36",23,41.8,2.4
"U23","W2-","Port","WorkPcQ2","36-40",7,39.3,2.1
"U23","W2-","Port","WorkPcQ2",">40",1,42.3,0.9
"U23","W2-","Port","WorkPcQ3","<20",1,35.4,1.3
"U23","W2-","Port","WorkPcQ3","20",4,35.8,1.5
"U23","W2-","Port","WorkPcQ3","20-24",4,34.2,1.6
"U23","W2-","Port","WorkPcQ3","24-28",17,33.4,2.3
"U23","W2-","Port","WorkPcQ3","28-32",24,32.7,2.3
"U23","W2-","Port","WorkPcQ3","32-36",23,32.3,2.8
"U23","W2-","Port","WorkPcQ3","36-40",7,31.8,2.1
"U23","W2-","Port","WorkPcQ3",">40",1,30.3,1.3
"U23","W2-","Port","WorkPcQ4","<20",1,6.3,0.7
"U23","W2-","Port","WorkPcQ4","20",4,9.8,3.5
"U23","W2-","Port","WorkPcQ4","20-24",4,6.4,2.9
"U23","W2-","Port","WorkPcQ4","24-28",17,9.2,3.2
"U23","W2-","Port","WorkPcQ4","28-32",24,6.9,2.8
"U23","W2-","Port","WorkPcQ4","32-36",23,9.2,2.4
"U23","W2-","Port","WorkPcQ4","36-40",7,10.6,1.7
"U23","W2-","Port","WorkPcQ4",">40",1,8.7,0.6
"U23","W2-","Stbd","Angle07F","<20",1,-34.6,2.6
"U23","W2-","Stbd","Angle07F","20",4,-34.4,3.2
"U23","W2-","Stbd","Angle07F","20-24",4,-36.6,2.6
"U23","W2-","Stbd","Angle07F","24-28",17,-36.4,2.8
"U23","W2-","Stbd","Angle07F","28-32",24,-34.4,3.9
"U23","W2-","Stbd","Angle07F","32-36",23,-36.9,4.3
"U23","W2-","Stbd","Angle07F","36-40",7,-34.1,4.4
"U23","W2-","Stbd","Angle07F",">40",1,-36.8,6
"U23","W2-","Stbd","AngleMaxF","<20",1,-1.7,4.2
"U23","W2-","Stbd","AngleMaxF","20",4,-9.7,10.4
"U23","W2-","Stbd","AngleMaxF","20-24",4,-16.9,4.9
"U23","W2-","Stbd","AngleMaxF","24-28",17,-15.3,8
"U23","W2-","Stbd","AngleMaxF","28-32",24,-13.2,7.5
"U23","W2-","Stbd","AngleMaxF","32-36",23,-18.4,7.2
"U23","W2-","Stbd","AngleMaxF","36-40",7,-5.8,10.5
"U23","W2-","Stbd","AngleMaxF",">40",1,-14.4,2.4
"U23","W2-","Stbd","CatchAngle","<20",1,-57.4,1.2
"U23","W2-","Stbd","CatchAngle","20",4,-53.8,3.5
"U23","W2-","Stbd","CatchAngle","20-24",4,-56,3.7
"U23","W2-","Stbd","CatchAngle","24-28",17,-53.4,3
"U23","W2-","Stbd","CatchAngle","28-32",24,-51.6,3.7
"U23","W2-","Stbd","CatchAngle","32-36",23,-49.3,2.8
"U23","W2-","Stbd","CatchAngle","36-40",7,-47.6,3
"U23","W2-","Stbd","CatchAngle",">40",1,-48.9,8.3
"U23","W2-","Stbd","CatchSlip","<20",1,11.2,2
"U23","W2-","Stbd","CatchSlip","20",4,11.6,3.3
"U23","W2-","Stbd","CatchSlip","20-24",4,10.8,1.5
"U23","W2-","Stbd","CatchSlip","24-28",17,9.7,1.8
"U23","W2-","Stbd","CatchSlip","28-32",24,9.8,1.9
"U23","W2-","Stbd","CatchSlip","32-36",23,5.5,3.5
"U23","W2-","Stbd","CatchSlip","36-40",7,8,2.8
"U23","W2-","Stbd","CatchSlip",">40",1,4,0.4
"U23","W2-","Stbd","DriveStartT","<20",1,61.1,2.3
"U23","W2-","Stbd","DriveStartT","20",4,61.4,2.5
"U23","W2-","Stbd","DriveStartT","20-24",4,56.5,3.4
"U23","W2-","Stbd","DriveStartT","24-28",17,57.9,2.5
"U23","W2-","Stbd","DriveStartT","28-32",24,55.3,2.4
"U23","W2-","Stbd","DriveStartT","32-36",23,52.5,2.6
"U23","W2-","Stbd","DriveStartT","36-40",7,48.1,2
"U23","W2-","Stbd","DriveStartT",">40",1,53.2,10
"U23","W2-","Stbd","DriveTime","<20",1,1.2,0.1
"U23","W2-","Stbd","DriveTime","20",4,1.2,0.1
"U23","W2-","Stbd","DriveTime","20-24",4,1.1,0
"U23","W2-","Stbd","DriveTime","24-28",17,1.1,0.1
"U23","W2-","Stbd","DriveTime","28-32",24,1,0.1
"U23","W2-","Stbd","DriveTime","32-36",23,0.9,0.1
"U23","W2-","Stbd","DriveTime","36-40",7,0.8,0
"U23","W2-","Stbd","DriveTime",">40",1,0.8,0
"U23","W2-","Stbd","EffectiveLength","<20",1,68.7,3
"U23","W2-","Stbd","EffectiveLength","20",4,66.7,4.8
"U23","W2-","Stbd","EffectiveLength","20-24",4,61.6,4.7
"U23","W2-","Stbd","EffectiveLength","24-28",17,62.8,5.5
"U23","W2-","Stbd","EffectiveLength","28-32",24,61.4,4.1
"U23","W2-","Stbd","EffectiveLength","32-36",23,64.8,4.3
"U23","W2-","Stbd","EffectiveLength","36-40",7,64.8,3.7
"U23","W2-","Stbd","EffectiveLength",">40",1,65.9,7.9
"U23","W2-","Stbd","FinishAngle","<20",1,32.6,1
"U23","W2-","Stbd","FinishAngle","20",4,33.1,1.1
"U23","W2-","Stbd","FinishAngle","20-24",4,30.5,1.1
"U23","W2-","Stbd","FinishAngle","24-28",17,31.4,1.2
"U23","W2-","Stbd","FinishAngle","28-32",24,31.8,2.2
"U23","W2-","Stbd","FinishAngle","32-36",23,30.9,1.7
"U23","W2-","Stbd","FinishAngle","36-40",7,32.5,1.2
"U23","W2-","Stbd","FinishAngle",">40",1,32,0.9
"U23","W2-","Stbd","FinishSlip","<20",1,10.1,1.1
"U23","W2-","Stbd","FinishSlip","20",4,8.6,1.5
"U23","W2-","Stbd","FinishSlip","20-24",4,14.1,4.1
"U23","W2-","Stbd","FinishSlip","24-28",17,12.3,4.4
"U23","W2-","Stbd","FinishSlip","28-32",24,12.2,3.5
"U23","W2-","Stbd","FinishSlip","32-36",23,9.8,2.6
"U23","W2-","Stbd","FinishSlip","36-40",7,7.3,1.1
"U23","W2-","Stbd","FinishSlip",">40",1,11,1.6
"U23","W2-","Stbd","Length","<20",1,90,1.8
"U23","W2-","Stbd","Length","20",4,86.9,3.4
"U23","W2-","Stbd","Length","20-24",4,86.5,3.6
"U23","W2-","Stbd","Length","24-28",17,84.7,3.3
"U23","W2-","Stbd","Length","28-32",24,83.4,3.7
"U23","W2-","Stbd","Length","32-36",23,80.1,3.3
"U23","W2-","Stbd","Length","36-40",7,80,3
"U23","W2-","Stbd","Length",">40",1,80.9,9
"U23","W2-","Stbd","MaxForcePc","<20",1,61.3,5
"U23","W2-","Stbd","MaxForcePc","20",4,49.9,13.3
"U23","W2-","Stbd","MaxForcePc","20-24",4,45.1,5.7
"U23","W2-","Stbd","MaxForcePc","24-28",17,44.6,9.6
"U23","W2-","Stbd","MaxForcePc","28-32",24,45.6,8.4
"U23","W2-","Stbd","MaxForcePc","32-36",23,38.2,8.4
"U23","W2-","Stbd","MaxForcePc","36-40",7,51.9,11.8
"U23","W2-","Stbd","MaxForcePc",">40",1,42.9,5.6
"U23","W2-","Stbd","RecoveryTime","<20",1,1.8,0.1
"U23","W2-","Stbd","RecoveryTime","20",4,1.7,0.1
"U23","W2-","Stbd","RecoveryTime","20-24",4,1.5,0.2
"U23","W2-","Stbd","RecoveryTime","24-28",17,1.2,0.1
"U23","W2-","Stbd","RecoveryTime","28-32",24,1,0.1
"U23","W2-","Stbd","RecoveryTime","32-36",23,0.8,0.1
"U23","W2-","Stbd","RecoveryTime","36-40",7,0.8,0.1
"U23","W2-","Stbd","RecoveryTime",">40",1,0.7,0
"U23","W2-","Stbd","SwivelPower","<20",1,158,12.1
"U23","W2-","Stbd","SwivelPower","20",4,149.4,21.8
"U23","W2-","Stbd","SwivelPower","20-24",4,182.5,21
"U23","W2-","Stbd","SwivelPower","24-28",17,189.2,30.2
"U23","W2-","Stbd","SwivelPower","28-32",24,208.8,28.9
"U23","W2-","Stbd","SwivelPower","32-36",23,260,40.5
"U23","W2-","Stbd","SwivelPower","36-40",7,263.5,43.6
"U23","W2-","Stbd","SwivelPower",">40",1,411.6,35.7
"U23","W2-","Stbd","WorkPcQ1","<20",1,13.3,1.5
"U23","W2-","Stbd","WorkPcQ1","20",4,14.1,1.9
"U23","W2-","Stbd","WorkPcQ1","20-24",4,14.1,1.8
"U23","W2-","Stbd","WorkPcQ1","24-28",17,16.6,2.9
"U23","W2-","Stbd","WorkPcQ1","28-32",24,16.1,2.2
"U23","W2-","Stbd","WorkPcQ1","32-36",23,21,4.7
"U23","W2-","Stbd","WorkPcQ1","36-40",7,18.5,2.8
"U23","W2-","Stbd","WorkPcQ1",">40",1,19.2,1.2
"U23","W2-","Stbd","WorkPcQ2","<20",1,32.1,1.2
"U23","W2-","Stbd","WorkPcQ2","20",4,33.6,1.8
"U23","W2-","Stbd","WorkPcQ2","20-24",4,40.8,3.5
"U23","W2-","Stbd","WorkPcQ2","24-28",17,39.4,4.7
"U23","W2-","Stbd","WorkPcQ2","28-32",24,38.9,4.2
"U23","W2-","Stbd","WorkPcQ2","32-36",23,40.6,3
"U23","W2-","Stbd","WorkPcQ2","36-40",7,34.8,3.4
"U23","W2-","Stbd","WorkPcQ2",">40",1,40.1,1
"U23","W2-","Stbd","WorkPcQ3","<20",1,40.9,1.2
"U23","W2-","Stbd","WorkPcQ3","20",4,38,3.2
"U23","W2-","Stbd","WorkPcQ3","20-24",4,38.4,2.9
"U23","W2-","Stbd","WorkPcQ3","24-28",17,35.5,3.3
"U23","W2-","Stbd","WorkPcQ3","28-32",24,36.6,2.7
"U23","W2-","Stbd","WorkPcQ3","32-36",23,30.4,4.4
"U23","W2-","Stbd","WorkPcQ3","36-40",7,34.1,4.2
"U23","W2-","Stbd","WorkPcQ3",">40",1,33.9,1.6
"U23","W2-","Stbd","WorkPcQ4","<20",1,13.7,1.6
"U23","W2-","Stbd","WorkPcQ4","20",4,14.4,1.5
"U23","W2-","Stbd","WorkPcQ4","20-24",4,6.7,4
"U23","W2-","Stbd","WorkPcQ4","24-28",17,8.5,4.6
"U23","W2-","Stbd","WorkPcQ4","28-32",24,8.4,3.7
"U23","W2-","Stbd","WorkPcQ4","32-36",23,8.1,3.1
"U23","W2-","Stbd","WorkPcQ4","36-40",7,12.6,1.9
"U23","W2-","Stbd","WorkPcQ4",">40",1,6.8,0.8
"U23","W2X","Port","Angle07F","24-28",2,-20.8,18.6
"U23","W2X","Port","Angle07F","28-32",3,-44,6.2
"U23","W2X","Port","AngleMaxF","24-28",2,5.6,20.7
"U23","W2X","Port","AngleMaxF","28-32",3,-23.6,9.2
"U23","W2X","Port","CatchAngle","24-28",2,-47.9,15.5
"U23","W2X","Port","CatchAngle","28-32",3,-62.1,3.9
"U23","W2X","Port","CatchSlip","24-28",2,23.9,14.4
"U23","W2X","Port","CatchSlip","28-32",3,14.1,4.1
"U23","W2X","Port","DriveStartT","24-28",2,50.4,9.2
"U23","W2X","Port","DriveStartT","28-32",3,54.2,3.2
"U23","W2X","Port","DriveTime","24-28",2,1,0.1
"U23","W2X","Port","DriveTime","28-32",3,1,0
"U23","W2X","Port","EffectiveLength","24-28",2,71.6,13.6
"U23","W2X","Port","EffectiveLength","28-32",3,67.5,9.3
"U23","W2X","Port","FinishAngle","24-28",2,55.5,17.1
"U23","W2X","Port","FinishAngle","28-32",3,40.6,2.4
"U23","W2X","Port","FinishSlip","24-28",2,8,6.5
"U23","W2X","Port","FinishSlip","28-32",3,21.1,3.6
"U23","W2X","Port","Length","24-28",2,103.5,3
"U23","W2X","Port","Length","28-32",3,102.7,3.5
"U23","W2X","Port","MaxForcePc","24-28",2,51.5,13.9
"U23","W2X","Port","MaxForcePc","28-32",3,37.5,8.1
"U23","W2X","Port","RecoveryTime","24-28",2,1.2,0.3
"U23","W2X","Port","RecoveryTime","28-32",3,1,0.1
"U23","W2X","Port","SwivelPower","24-28",2,94.9,21.4
"U23","W2X","Port","SwivelPower","28-32",3,89.1,14.7
"U23","W2X","Port","WorkPcQ1","24-28",2,14.5,6.3
"U23","W2X","Port","WorkPcQ1","28-32",3,18.3,3
"U23","W2X","Port","WorkPcQ2","24-28",2,35.9,6.1
"U23","W2X","Port","WorkPcQ2","28-32",3,43.3,3.8
"U23","W2X","Port","WorkPcQ3","24-28",2,35.8,4.9
"U23","W2X","Port","WorkPcQ3","28-32",3,32.4,4.2
"U23","W2X","Port","WorkPcQ4","24-28",2,13.8,7.3
"U23","W2X","Port","WorkPcQ4","28-32",3,6,2.3
"U23","W2X","Stbd","Angle07F","24-28",2,-51.4,10.6
"U23","W2X","Stbd","Angle07F","28-32",3,-44.7,5.9
"U23","W2X","Stbd","AngleMaxF","24-28",2,-26.5,12
"U23","W2X","Stbd","AngleMaxF","28-32",3,-18.9,12.8
"U23","W2X","Stbd","CatchAngle","24-28",2,-73.3,12.1
"U23","W2X","Stbd","CatchAngle","28-32",3,-62.8,2.7
"U23","W2X","Stbd","CatchSlip","24-28",2,14.7,5.2
"U23","W2X","Stbd","CatchSlip","28-32",3,15.6,6
"U23","W2X","Stbd","DriveStartT","24-28",2,53.8,5.7
"U23","W2X","Stbd","DriveStartT","28-32",3,53.5,2.9
"U23","W2X","Stbd","DriveTime","24-28",2,1,0.1
"U23","W2X","Stbd","DriveTime","28-32",3,1,0
"U23","W2X","Stbd","EffectiveLength","24-28",2,76.3,6.5
"U23","W2X","Stbd","EffectiveLength","28-32",3,72.2,6.6
"U23","W2X","Stbd","FinishAngle","24-28",2,32.8,11.4
"U23","W2X","Stbd","FinishAngle","28-32",3,41.6,2.7
"U23","W2X","Stbd","FinishSlip","24-28",2,15.1,4.6
"U23","W2X","Stbd","FinishSlip","28-32",3,16.5,6.7
"U23","W2X","Stbd","Length","24-28",2,106.1,3.4
"U23","W2X","Stbd","Length","28-32",3,104.4,2.7
"U23","W2X","Stbd","MaxForcePc","24-28",2,43.9,5.9
"U23","W2X","Stbd","MaxForcePc","28-32",3,41.9,12.2
"U23","W2X","Stbd","RecoveryTime","24-28",2,1.2,0.3
"U23","W2X","Stbd","RecoveryTime","28-32",3,1,0.1
"U23","W2X","Stbd","SwivelPower","24-28",2,102.2,19.9
"U23","W2X","Stbd","SwivelPower","28-32",3,96.2,12.8
"U23","W2X","Stbd","WorkPcQ1","24-28",2,12.5,4.2
"U23","W2X","Stbd","WorkPcQ1","28-32",3,16.7,4.4
"U23","W2X","Stbd","WorkPcQ2","24-28",2,38.8,4
"U23","W2X","Stbd","WorkPcQ2","28-32",3,39.5,5.3
"U23","W2X","Stbd","WorkPcQ3","24-28",2,38.4,3.1
"U23","W2X","Stbd","WorkPcQ3","28-32",3,34.4,3.6
"U23","W2X","Stbd","WorkPcQ4","24-28",2,10.3,5.3
"U23","W2X","Stbd","WorkPcQ4","28-32",3,9.4,6
"U23","W4-","Port","Angle07F","20",6,-35.1,4
"U23","W4-","Port","Angle07F","20-24",3,-33.6,4.3
"U23","W4-","Port","Angle07F","24-28",1,-35.7,3.8
"U23","W4-","Port","Angle07F","28-32",5,-34.8,3.7
"U23","W4-","Port","Angle07F","32-36",11,-35.1,3.9
"U23","W4-","Port","Angle07F","36-40",9,-34.2,4.2
"U23","W4-","Port","AngleMaxF","20",6,-16.4,4.6
"U23","W4-","Port","AngleMaxF","20-24",3,-16.4,4.6
"U23","W4-","Port","AngleMaxF","24-28",1,-18.3,3.5
"U23","W4-","Port","AngleMaxF","28-32",5,-18.8,3.2
"U23","W4-","Port","AngleMaxF","32-36",11,-17.5,3.8
"U23","W4-","Port","AngleMaxF","36-40",9,-19.1,5.1
"U23","W4-","Port","CatchAngle","20",6,-57.5,4.2
"U23","W4-","Port","CatchAngle","20-24",3,-53.9,2.8
"U23","W4-","Port","CatchAngle","24-28",1,-55.8,1.9
"U23","W4-","Port","CatchAngle","28-32",5,-52.9,2
"U23","W4-","Port","CatchAngle","32-36",11,-53,3.9
"U23","W4-","Port","CatchAngle","36-40",9,-51.3,3.8
"U23","W4-","Port","CatchSlip","20",6,13.1,2.8
"U23","W4-","Port","CatchSlip","20-24",3,13.6,3.7
"U23","W4-","Port","CatchSlip","24-28",1,13,3
"U23","W4-","Port","CatchSlip","28-32",5,10.3,1.9
"U23","W4-","Port","CatchSlip","32-36",11,10.9,2.9
"U23","W4-","Port","CatchSlip","36-40",9,11.1,3.7
"U23","W4-","Port","DriveStartT","20",6,59.7,2.7
"U23","W4-","Port","DriveStartT","20-24",3,56.5,3.5
"U23","W4-","Port","DriveStartT","24-28",1,55.9,2.4
"U23","W4-","Port","DriveStartT","28-32",5,51.6,1.5
"U23","W4-","Port","DriveStartT","32-36",11,50.9,3.1
"U23","W4-","Port","DriveStartT","36-40",9,47.5,4.1
"U23","W4-","Port","DriveTime","20",6,1.1,0.1
"U23","W4-","Port","DriveTime","20-24",3,1.1,0.1
"U23","W4-","Port","DriveTime","24-28",1,1,0.1
"U23","W4-","Port","DriveTime","28-32",5,0.9,0.1
"U23","W4-","Port","DriveTime","32-36",11,0.9,0.1
"U23","W4-","Port","DriveTime","36-40",9,0.9,0.1
"U23","W4-","Port","EffectiveLength","20",6,66.5,4.4
"U23","W4-","Port","EffectiveLength","20-24",3,61,7.3
"U23","W4-","Port","EffectiveLength","24-28",1,63.1,6.2
"U23","W4-","Port","EffectiveLength","28-32",5,62.3,4.3
"U23","W4-","Port","EffectiveLength","32-36",11,62.7,5.3
"U23","W4-","Port","EffectiveLength","36-40",9,60.3,5.3
"U23","W4-","Port","FinishAngle","20",6,32.3,3.8
"U23","W4-","Port","FinishAngle","20-24",3,29.3,2.6
"U23","W4-","Port","FinishAngle","24-28",1,29,2.6
"U23","W4-","Port","FinishAngle","28-32",5,27.9,2.3
"U23","W4-","Port","FinishAngle","32-36",11,31.7,4
"U23","W4-","Port","FinishAngle","36-40",9,32.3,4.4
"U23","W4-","Port","FinishSlip","20",6,10.3,2.8
"U23","W4-","Port","FinishSlip","20-24",3,8.6,1.6
"U23","W4-","Port","FinishSlip","24-28",1,8.7,1.2
"U23","W4-","Port","FinishSlip","28-32",5,8.3,1.6
"U23","W4-","Port","FinishSlip","32-36",11,11.2,2.7
"U23","W4-","Port","FinishSlip","36-40",9,12.1,3.5
"U23","W4-","Port","Length","20",6,89.8,5.1
"U23","W4-","Port","Length","20-24",3,83.1,3.6
"U23","W4-","Port","Length","24-28",1,84.8,3.6
"U23","W4-","Port","Length","28-32",5,80.8,2.8
"U23","W4-","Port","Length","32-36",11,84.7,5.9
"U23","W4-","Port","Length","36-40",9,83.5,6.6
"U23","W4-","Port","MaxForcePc","20",6,45.3,4.5
"U23","W4-","Port","MaxForcePc","20-24",3,45,6.2
"U23","W4-","Port","MaxForcePc","24-28",1,44.1,4.8
"U23","W4-","Port","MaxForcePc","28-32",5,42.1,5
"U23","W4-","Port","MaxForcePc","32-36",11,41.7,4.4
"U23","W4-","Port","MaxForcePc","36-40",9,38.4,6.6
"U23","W4-","Port","RecoveryTime","20",6,1.9,0.2
"U23","W4-","Port","RecoveryTime","20-24",3,1.6,0.2
"U23","W4-","Port","RecoveryTime","24-28",1,1.3,0.2
"U23","W4-","Port","RecoveryTime","28-32",5,0.9,0.1
"U23","W4-","Port","RecoveryTime","32-36",11,0.9,0.1
"U23","W4-","Port","RecoveryTime","36-40",9,0.8,0.1
"U23","W4-","Port","SwivelPower","20",6,172.4,23.5
"U23","W4-","Port","SwivelPower","20-24",3,157.2,30.9
"U23","W4-","Port","SwivelPower","24-28",1,186.1,29.2
"U23","W4-","Port","SwivelPower","28-32",5,236.2,32.8
"U23","W4-","Port","SwivelPower","32-36",11,236.5,46.1
"U23","W4-","Port","SwivelPower","36-40",9,238.9,46.9
"U23","W4-","Port","WorkPcQ1","20",6,12.2,2.2
"U23","W4-","Port","WorkPcQ1","20-24",3,12.6,2.5
"U23","W4-","Port","WorkPcQ1","24-28",1,13,2.3
"U23","W4-","Port","WorkPcQ1","28-32",5,15.2,2.2
"U23","W4-","Port","WorkPcQ1","32-36",11,16.6,2.3
"U23","W4-","Port","WorkPcQ1","36-40",9,17.9,3.1
"U23","W4-","Port","WorkPcQ2","20",6,39.4,2.7
"U23","W4-","Port","WorkPcQ2","20-24",3,37.1,1.5
"U23","W4-","Port","WorkPcQ2","24-28",1,37.5,1.5
"U23","W4-","Port","WorkPcQ2","28-32",5,37.8,1.5
"U23","W4-","Port","WorkPcQ2","32-36",11,40.6,3.1
"U23","W4-","Port","WorkPcQ2","36-40",9,41.2,2.9
"U23","W4-","Port","WorkPcQ3","20",6,37.6,2.3
"U23","W4-","Port","WorkPcQ3","20-24",3,38,3.1
"U23","W4-","Port","WorkPcQ3","24-28",1,37.3,2.5
"U23","W4-","Port","WorkPcQ3","28-32",5,35.2,2.2
"U23","W4-","Port","WorkPcQ3","32-36",11,33.1,3.5
"U23","W4-","Port","WorkPcQ3","36-40",9,31.6,3.2
"U23","W4-","Port","WorkPcQ4","20",6,10.7,2.3
"U23","W4-","Port","WorkPcQ4","20-24",3,12.2,1.6
"U23","W4-","Port","WorkPcQ4","24-28",1,12.1,1.4
"U23","W4-","Port","WorkPcQ4","28-32",5,11.7,1.4
"U23","W4-","Port","WorkPcQ4","32-36",11,9.7,1.8
"U23","W4-","Port","WorkPcQ4","36-40",9,9.3,2.4
"U23","W4-","Stbd","Angle07F","20",6,-38.1,6.4
"U23","W4-","Stbd","Angle07F","20-24",3,-38.3,4.1
"U23","W4-","Stbd","Angle07F","24-28",1,-39.1,3.1
"U23","W4-","Stbd","Angle07F","28-32",5,-38.2,4.8
"U23","W4-","Stbd","Angle07F","32-36",11,-38.8,6
"U23","W4-","Stbd","Angle07F","36-40",9,-36.9,6.2
"U23","W4-","Stbd","AngleMaxF","20",6,-16.4,7.3
"U23","W4-","Stbd","AngleMaxF","20-24",3,-8.8,7.7
"U23","W4-","Stbd","AngleMaxF","24-28",1,-9.9,7.2
"U23","W4-","Stbd","AngleMaxF","28-32",5,-11.8,4.6
"U23","W4-","Stbd","AngleMaxF","32-36",11,-18.2,8.6
"U23","W4-","Stbd","AngleMaxF","36-40",9,-17.4,9.9
"U23","W4-","Stbd","CatchAngle","20",6,-57,2.2
"U23","W4-","Stbd","CatchAngle","20-24",3,-58.6,1.8
"U23","W4-","Stbd","CatchAngle","24-28",1,-58.9,1
"U23","W4-","Stbd","CatchAngle","28-32",5,-54.6,2.3
"U23","W4-","Stbd","CatchAngle","32-36",11,-53.4,2.8
"U23","W4-","Stbd","CatchAngle","36-40",9,-52.6,3.7
"U23","W4-","Stbd","CatchSlip","20",6,9.6,3.9
"U23","W4-","Stbd","CatchSlip","20-24",3,12.2,2
"U23","W4-","Stbd","CatchSlip","24-28",1,12,2
"U23","W4-","Stbd","CatchSlip","28-32",5,10.2,2.3
"U23","W4-","Stbd","CatchSlip","32-36",11,9.1,3.3
"U23","W4-","Stbd","CatchSlip","36-40",9,10,5.5
"U23","W4-","Stbd","DriveStartT","20",6,60.9,2.9
"U23","W4-","Stbd","DriveStartT","20-24",3,58,3.8
"U23","W4-","Stbd","DriveStartT","24-28",1,57.3,2.8
"U23","W4-","Stbd","DriveStartT","28-32",5,52,2.7
"U23","W4-","Stbd","DriveStartT","32-36",11,51.8,2.9
"U23","W4-","Stbd","DriveStartT","36-40",9,48.1,4.7
"U23","W4-","Stbd","DriveTime","20",6,1.1,0.1
"U23","W4-","Stbd","DriveTime","20-24",3,1.1,0.1
"U23","W4-","Stbd","DriveTime","24-28",1,1.1,0.1
"U23","W4-","Stbd","DriveTime","28-32",5,0.9,0
"U23","W4-","Stbd","DriveTime","32-36",11,0.9,0.1
"U23","W4-","Stbd","DriveTime","36-40",9,0.9,0.1
"U23","W4-","Stbd","EffectiveLength","20",6,68.8,5.1
"U23","W4-","Stbd","EffectiveLength","20-24",3,65.7,5.8
"U23","W4-","Stbd","EffectiveLength","24-28",1,65.9,5.7
"U23","W4-","Stbd","EffectiveLength","28-32",5,64,4.1
"U23","W4-","Stbd","EffectiveLength","32-36",11,63.7,5.7
"U23","W4-","Stbd","EffectiveLength","36-40",9,61.1,6.9
"U23","W4-","Stbd","FinishAngle","20",6,32,2.3
"U23","W4-","Stbd","FinishAngle","20-24",3,32.8,1.7
"U23","W4-","Stbd","FinishAngle","24-28",1,33.3,2.2
"U23","W4-","Stbd","FinishAngle","28-32",5,32.7,2.4
"U23","W4-","Stbd","FinishAngle","32-36",11,29.6,3.3
"U23","W4-","Stbd","FinishAngle","36-40",9,29.8,3.1
"U23","W4-","Stbd","FinishSlip","20",6,10.6,2.3
"U23","W4-","Stbd","FinishSlip","20-24",3,13.5,3.1
"U23","W4-","Stbd","FinishSlip","24-28",1,14.3,3.1
"U23","W4-","Stbd","FinishSlip","28-32",5,13.1,1.6
"U23","W4-","Stbd","FinishSlip","32-36",11,10.2,2.6
"U23","W4-","Stbd","FinishSlip","36-40",9,11.2,3.3
"U23","W4-","Stbd","Length","20",6,89,2.6
"U23","W4-","Stbd","Length","20-24",3,91.4,2.7
"U23","W4-","Stbd","Length","24-28",1,92.2,2.5
"U23","W4-","Stbd","Length","28-32",5,87.2,2.3
"U23","W4-","Stbd","Length","32-36",11,83,3.5
"U23","W4-","Stbd","Length","36-40",9,82.3,3.6
"U23","W4-","Stbd","MaxForcePc","20",6,45.2,8.3
"U23","W4-","Stbd","MaxForcePc","20-24",3,53.5,7.4
"U23","W4-","Stbd","MaxForcePc","24-28",1,52.4,6.5
"U23","W4-","Stbd","MaxForcePc","28-32",5,48.6,5.2
"U23","W4-","Stbd","MaxForcePc","32-36",11,42,10
"U23","W4-","Stbd","MaxForcePc","36-40",9,42.5,12.1
"U23","W4-","Stbd","RecoveryTime","20",6,1.9,0.2
"U23","W4-","Stbd","RecoveryTime","20-24",3,1.6,0.2
"U23","W4-","Stbd","RecoveryTime","24-28",1,1.3,0.2
"U23","W4-","Stbd","RecoveryTime","28-32",5,0.9,0.1
"U23","W4-","Stbd","RecoveryTime","32-36",11,0.9,0.1
"U23","W4-","Stbd","RecoveryTime","36-40",9,0.7,0.1
"U23","W4-","Stbd","SwivelPower","20",6,169.9,28
"U23","W4-","Stbd","SwivelPower","20-24",3,178.6,29
"U23","W4-","Stbd","SwivelPower","24-28",1,206,30.5
"U23","W4-","Stbd","SwivelPower","28-32",5,254.8,26.1
"U23","W4-","Stbd","SwivelPower","32-36",11,238.5,47.9
"U23","W4-","Stbd","SwivelPower","36-40",9,250.7,50.1
"U23","W4-","Stbd","WorkPcQ1","20",6,15.1,2.3
"U23","W4-","Stbd","WorkPcQ1","20-24",3,13.6,1.3
"U23","W4-","Stbd","WorkPcQ1","24-28",1,14,1.4
"U23","W4-","Stbd","WorkPcQ1","28-32",5,16.3,2.4
"U23","W4-","Stbd","WorkPcQ1","32-36",11,17.6,3
"U23","W4-","Stbd","WorkPcQ1","36-40",9,18.2,4.1
"U23","W4-","Stbd","WorkPcQ2","20",6,38.6,3.3
"U23","W4-","Stbd","WorkPcQ2","20-24",3,38,3.9
"U23","W4-","Stbd","WorkPcQ2","24-28",1,38.7,3.7
"U23","W4-","Stbd","WorkPcQ2","28-32",5,38.4,2.2
"U23","W4-","Stbd","WorkPcQ2","32-36",11,37.4,3.3
"U23","W4-","Stbd","WorkPcQ2","36-40",9,37.9,5
"U23","W4-","Stbd","WorkPcQ3","20",6,36.2,2.8
"U23","W4-","Stbd","WorkPcQ3","20-24",3,40.3,1.5
"U23","W4-","Stbd","WorkPcQ3","24-28",1,39.8,1.5
"U23","W4-","Stbd","WorkPcQ3","28-32",5,37.8,1.6
"U23","W4-","Stbd","WorkPcQ3","32-36",11,34.4,3.9
"U23","W4-","Stbd","WorkPcQ3","36-40",9,34.1,5.8
"U23","W4-","Stbd","WorkPcQ4","20",6,10,2.8
"U23","W4-","Stbd","WorkPcQ4","20-24",3,8.1,3
"U23","W4-","Stbd","WorkPcQ4","24-28",1,7.5,2.6
"U23","W4-","Stbd","WorkPcQ4","28-32",5,7.5,1.2
"U23","W4-","Stbd","WorkPcQ4","32-36",11,10.6,3
"U23","W4-","Stbd","WorkPcQ4","36-40",9,9.8,3.9
"U23","W4X","Port","Angle07F","<20",3,-38.6,12.3
"U23","W4X","Port","Angle07F","20",2,-42,7.2
"U23","W4X","Port","Angle07F","24-28",3,-40.9,8.7
"U23","W4X","Port","Angle07F","28-32",11,-44.2,10.1
"U23","W4X","Port","Angle07F","32-36",10,-44.9,8.7
"U23","W4X","Port","Angle07F","36-40",1,-43.1,8.9
"U23","W4X","Port","Angle07F",">40",1,-39.9,11.5
"U23","W4X","Port","AngleMaxF","<20",3,-13.8,13.5
"U23","W4X","Port","AngleMaxF","20",2,-17.3,9.6
"U23","W4X","Port","AngleMaxF","24-28",3,-16.8,10.6
"U23","W4X","Port","AngleMaxF","28-32",11,-21.5,14.5
"U23","W4X","Port","AngleMaxF","32-36",10,-22.5,13.3
"U23","W4X","Port","AngleMaxF","36-40",1,-22,14
"U23","W4X","Port","AngleMaxF",">40",1,-20.3,13.3
"U23","W4X","Port","CatchAngle","<20",3,-64.5,4.8
"U23","W4X","Port","CatchAngle","20",2,-66,2.8
"U23","W4X","Port","CatchAngle","24-28",3,-64.3,5.2
"U23","W4X","Port","CatchAngle","28-32",11,-65.4,2.3
"U23","W4X","Port","CatchAngle","32-36",10,-64.3,2.5
"U23","W4X","Port","CatchAngle","36-40",1,-61.1,5.4
"U23","W4X","Port","CatchAngle",">40",1,-56.7,10.4
"U23","W4X","Port","CatchSlip","<20",3,20.7,9.3
"U23","W4X","Port","CatchSlip","20",2,16.1,6
"U23","W4X","Port","CatchSlip","24-28",3,17.5,6.9
"U23","W4X","Port","CatchSlip","28-32",11,17.2,8.6
"U23","W4X","Port","CatchSlip","32-36",10,16,7.9
"U23","W4X","Port","CatchSlip","36-40",1,12.7,6.1
"U23","W4X","Port","CatchSlip",">40",1,12.5,7.6
"U23","W4X","Port","DriveStartT","<20",3,59.6,6.8
"U23","W4X","Port","DriveStartT","20",2,61.4,4
"U23","W4X","Port","DriveStartT","24-28",3,58.4,4.9
"U23","W4X","Port","DriveStartT","28-32",11,51,5.5
"U23","W4X","Port","DriveStartT","32-36",10,48.2,5.2
"U23","W4X","Port","DriveStartT","36-40",1,47.2,4.1
"U23","W4X","Port","DriveStartT",">40",1,47.6,9.3
"U23","W4X","Port","DriveTime","<20",3,1.1,0.1
"U23","W4X","Port","DriveTime","20",2,1.1,0.1
"U23","W4X","Port","DriveTime","24-28",3,1,0
"U23","W4X","Port","DriveTime","28-32",11,1,0
"U23","W4X","Port","DriveTime","32-36",10,0.9,0
"U23","W4X","Port","DriveTime","36-40",1,0.8,0
"U23","W4X","Port","DriveTime",">40",1,0.8,0
"U23","W4X","Port","EffectiveLength","<20",3,71.1,13.5
"U23","W4X","Port","EffectiveLength","20",2,80.4,7.1
"U23","W4X","Port","EffectiveLength","24-28",3,75.5,10.7
"U23","W4X","Port","EffectiveLength","28-32",11,74.3,7.5
"U23","W4X","Port","EffectiveLength","32-36",10,73.1,8.6
"U23","W4X","Port","EffectiveLength","36-40",1,73.6,8.5
"U23","W4X","Port","EffectiveLength",">40",1,68.8,10.1
"U23","W4X","Port","FinishAngle","<20",3,38.4,4
"U23","W4X","Port","FinishAngle","20",2,41.7,2.4
"U23","W4X","Port","FinishAngle","24-28",3,41,3.2
"U23","W4X","Port","FinishAngle","28-32",11,37.5,3
"U23","W4X","Port","FinishAngle","32-36",10,37.6,2.6
"U23","W4X","Port","FinishAngle","36-40",1,36.8,3.3
"U23","W4X","Port","FinishAngle",">40",1,35.9,2.6
"U23","W4X","Port","FinishSlip","<20",3,11.1,7.8
"U23","W4X","Port","FinishSlip","20",2,11.3,5.8
"U23","W4X","Port","FinishSlip","24-28",3,12.2,5.7
"U23","W4X","Port","FinishSlip","28-32",11,11.5,5.9
"U23","W4X","Port","FinishSlip","32-36",10,12.8,6.1
"U23","W4X","Port","FinishSlip","36-40",1,11.6,6.7
"U23","W4X","Port","FinishSlip",">40",1,11.4,6.6
"U23","W4X","Port","Length","<20",3,102.9,3.8
"U23","W4X","Port","Length","20",2,107.7,3.5
"U23","W4X","Port","Length","24-28",3,105.2,6.5
"U23","W4X","Port","Length","28-32",11,102.9,3.1
"U23","W4X","Port","Length","32-36",10,101.9,2.7
"U23","W4X","Port","Length","36-40",1,97.9,4
"U23","W4X","Port","Length",">40",1,92.6,10.2
"U23","W4X","Port","MaxForcePc","<20",3,49,10.9
"U23","W4X","Port","MaxForcePc","20",2,44.7,8.3
"U23","W4X","Port","MaxForcePc","24-28",3,45,9.2
"U23","W4X","Port","MaxForcePc","28-32",11,42.8,14
"U23","W4X","Port","MaxForcePc","32-36",10,41,13
"U23","W4X","Port","MaxForcePc","36-40",1,40.5,13.5
"U23","W4X","Port","MaxForcePc",">40",1,40.2,13.2
"U23","W4X","Port","RecoveryTime","<20",3,2,0.1
"U23","W4X","Port","RecoveryTime","20",2,1.8,0.1
"U23","W4X","Port","RecoveryTime","24-28",3,1.4,0.1
"U23","W4X","Port","RecoveryTime","28-32",11,1,0.1
"U23","W4X","Port","RecoveryTime","32-36",10,0.9,0.1
"U23","W4X","Port","RecoveryTime","36-40",1,0.8,0
"U23","W4X","Port","RecoveryTime",">40",1,0.7,0.1
"U23","W4X","Port","SwivelPower","<20",3,68,13.1
"U23","W4X","Port","SwivelPower","20",2,87.2,13.4
"U23","W4X","Port","SwivelPower","24-28",3,93.4,16.8
"U23","W4X","Port","SwivelPower","28-32",11,105.2,16.2
"U23","W4X","Port","SwivelPower","32-36",10,110.9,20.1
"U23","W4X","Port","SwivelPower","36-40",1,138.4,20.9
"U23","W4X","Port","SwivelPower",">40",1,131.1,24.7
"U23","W4X","Port","WorkPcQ1","<20",3,12,3.5
"U23","W4X","Port","WorkPcQ1","20",2,13,3.8
"U23","W4X","Port","WorkPcQ1","24-28",3,13.3,3.7
"U23","W4X","Port","WorkPcQ1","28-32",11,14.5,4.6
"U23","W4X","Port","WorkPcQ1","32-36",10,15.7,4.4
"U23","W4X","Port","WorkPcQ1","36-40",1,16.5,4.5
"U23","W4X","Port","WorkPcQ1",">40",1,17.5,5.5
"U23","W4X","Port","WorkPcQ2","<20",3,35.5,4.5
"U23","W4X","Port","WorkPcQ2","20",2,38.7,4.6
"U23","W4X","Port","WorkPcQ2","24-28",3,38.4,4.8
"U23","W4X","Port","WorkPcQ2","28-32",11,36.1,5.6
"U23","W4X","Port","WorkPcQ2","32-36",10,37.4,5.9
"U23","W4X","Port","WorkPcQ2","36-40",1,37.1,5.2
"U23","W4X","Port","WorkPcQ2",">40",1,37.3,5.4
"U23","W4X","Port","WorkPcQ3","<20",3,39.6,4.3
"U23","W4X","Port","WorkPcQ3","20",2,36.5,3.9
"U23","W4X","Port","WorkPcQ3","24-28",3,36.7,4
"U23","W4X","Port","WorkPcQ3","28-32",11,36.2,3.9
"U23","W4X","Port","WorkPcQ3","32-36",10,35.1,3.7
"U23","W4X","Port","WorkPcQ3","36-40",1,35.3,3.3
"U23","W4X","Port","WorkPcQ3",">40",1,34.3,4
"U23","W4X","Port","WorkPcQ4","<20",3,12.9,6.9
"U23","W4X","Port","WorkPcQ4","20",2,11.9,5
"U23","W4X","Port","WorkPcQ4","24-28",3,11.6,5.3
"U23","W4X","Port","WorkPcQ4","28-32",11,13.2,6.4
"U23","W4X","Port","WorkPcQ4","32-36",10,11.8,6
"U23","W4X","Port","WorkPcQ4","36-40",1,11.2,7
"U23","W4X","Port","WorkPcQ4",">40",1,10.9,7.1
"U23","W4X","Stbd","Angle07F","<20",3,-41.4,4.3
"U23","W4X","Stbd","Angle07F","20",2,-44.9,6.6
"U23","W4X","Stbd","Angle07F","24-28",3,-43.8,6.8
"U23","W4X","Stbd","Angle07F","28-32",11,-45,4.4
"U23","W4X","Stbd","Angle07F","32-36",10,-46.5,4.7
"U23","W4X","Stbd","Angle07F","36-40",1,-46.1,6.4
"U23","W4X","Stbd","Angle07F",">40",1,-45.4,7.7
"U23","W4X","Stbd","AngleMaxF","<20",3,-14.7,6.9
"U23","W4X","Stbd","AngleMaxF","20",2,-16.1,7.9
"U23","W4X","Stbd","AngleMaxF","24-28",3,-17.4,7.7
"U23","W4X","Stbd","AngleMaxF","28-32",11,-19.1,6.6
"U23","W4X","Stbd","AngleMaxF","32-36",10,-21.3,6.6
"U23","W4X","Stbd","AngleMaxF","36-40",1,-19,4.7
"U23","W4X","Stbd","AngleMaxF",">40",1,-18.8,4.9
"U23","W4X","Stbd","CatchAngle","<20",3,-64.7,3.8
"U23","W4X","Stbd","CatchAngle","20",2,-66.8,3.1
"U23","W4X","Stbd","CatchAngle","24-28",3,-64.8,5.4
"U23","W4X","Stbd","CatchAngle","28-32",11,-64.1,3.3
"U23","W4X","Stbd","CatchAngle","32-36",10,-64,2.9
"U23","W4X","Stbd","CatchAngle","36-40",1,-61.1,5.4
"U23","W4X","Stbd","CatchAngle",">40",1,-58.4,9.9
"U23","W4X","Stbd","CatchSlip","<20",3,16.8,5
"U23","W4X","Stbd","CatchSlip","20",2,15.5,5.5
"U23","W4X","Stbd","CatchSlip","24-28",3,15.6,5.3
"U23","W4X","Stbd","CatchSlip","28-32",11,14.5,7.1
"U23","W4X","Stbd","CatchSlip","32-36",10,12.9,5.8
"U23","W4X","Stbd","CatchSlip","36-40",1,9,2.3
"U23","W4X","Stbd","CatchSlip",">40",1,7.9,2.1
"U23","W4X","Stbd","DriveStartT","<20",3,61.2,3.4
"U23","W4X","Stbd","DriveStartT","20",2,62.1,3.1
"U23","W4X","Stbd","DriveStartT","24-28",3,59.6,3.4
"U23","W4X","Stbd","DriveStartT","28-32",11,51.4,4
"U23","W4X","Stbd","DriveStartT","32-36",10,49.1,3.3
"U23","W4X","Stbd","DriveStartT","36-40",1,48.9,1.6
"U23","W4X","Stbd","DriveStartT",">40",1,49.9,7.8
"U23","W4X","Stbd","DriveTime","<20",3,1.1,0.1
"U23","W4X","Stbd","DriveTime","20",2,1.1,0.1
"U23","W4X","Stbd","DriveTime","24-28",3,1,0
"U23","W4X","Stbd","DriveTime","28-32",11,1,0
"U23","W4X","Stbd","DriveTime","32-36",10,0.9,0
"U23","W4X","Stbd","DriveTime","36-40",1,0.9,0
"U23","W4X","Stbd","DriveTime",">40",1,0.9,0
"U23","W4X","Stbd","EffectiveLength","<20",3,74.5,6.3
"U23","W4X","Stbd","EffectiveLength","20",2,79.9,5.7
"U23","W4X","Stbd","EffectiveLength","24-28",3,76.3,8.7
"U23","W4X","Stbd","EffectiveLength","28-32",11,72.9,11.3
"U23","W4X","Stbd","EffectiveLength","32-36",10,74.2,8.1
"U23","W4X","Stbd","EffectiveLength","36-40",1,75.6,6
"U23","W4X","Stbd","EffectiveLength",">40",1,73.7,8.9
"U23","W4X","Stbd","FinishAngle","<20",3,39.9,2.4
"U23","W4X","Stbd","FinishAngle","20",2,43.1,2.4
"U23","W4X","Stbd","FinishAngle","24-28",3,42.4,2.7
"U23","W4X","Stbd","FinishAngle","28-32",11,40.2,1.5
"U23","W4X","Stbd","FinishAngle","32-36",10,39.4,1.8
"U23","W4X","Stbd","FinishAngle","36-40",1,38.6,0.9
"U23","W4X","Stbd","FinishAngle",">40",1,38,1.3
"U23","W4X","Stbd","FinishSlip","<20",3,13.3,3.9
"U23","W4X","Stbd","FinishSlip","20",2,14.5,3.2
"U23","W4X","Stbd","FinishSlip","24-28",3,15.3,3.7
"U23","W4X","Stbd","FinishSlip","28-32",11,16.8,7.5
"U23","W4X","Stbd","FinishSlip","32-36",10,16.2,5.6
"U23","W4X","Stbd","FinishSlip","36-40",1,15.1,4.3
"U23","W4X","Stbd","FinishSlip",">40",1,14.7,4.9
"U23","W4X","Stbd","Length","<20",3,104.6,4.3
"U23","W4X","Stbd","Length","20",2,109.9,3.6
"U23","W4X","Stbd","Length","24-28",3,107.2,6.8
"U23","W4X","Stbd","Length","28-32",11,104.3,3.9
"U23","W4X","Stbd","Length","32-36",10,103.3,3.5
"U23","W4X","Stbd","Length","36-40",1,99.7,5.4
"U23","W4X","Stbd","Length",">40",1,96.3,10.1
"U23","W4X","Stbd","MaxForcePc","<20",3,47.5,5.4
"U23","W4X","Stbd","MaxForcePc","20",2,45.8,6.8
"U23","W4X","Stbd","MaxForcePc","24-28",3,44.1,6.4
"U23","W4X","Stbd","MaxForcePc","28-32",11,43.1,6.1
"U23","W4X","Stbd","MaxForcePc","32-36",10,41.2,6.6
"U23","W4X","Stbd","MaxForcePc","36-40",1,42.6,4.2
"U23","W4X","Stbd","MaxForcePc",">40",1,41.6,3.5
"U23","W4X","Stbd","RecoveryTime","<20",3,2,0.1
"U23","W4X","Stbd","RecoveryTime","20",2,1.8,0.1
"U23","W4X","Stbd","RecoveryTime","24-28",3,1.4,0.1
"U23","W4X","Stbd","RecoveryTime","28-32",11,1,0.1
"U23","W4X","Stbd","RecoveryTime","32-36",10,0.9,0.1
"U23","W4X","Stbd","RecoveryTime","36-40",1,0.8,0
"U23","W4X","Stbd","RecoveryTime",">40",1,0.7,0.1
"U23","W4X","Stbd","SwivelPower","<20",3,73.2,10.5
"U23","W4X","Stbd","SwivelPower","20",2,87.9,13.6
"U23","W4X","Stbd","SwivelPower","24-28",3,95.4,16.1
"U23","W4X","Stbd","SwivelPower","28-32",11,110.2,20.2
"U23","W4X","Stbd","SwivelPower","32-36",10,119.4,22.1
"U23","W4X","Stbd","SwivelPower","36-40",1,150.4,13.1
"U23","W4X","Stbd","SwivelPower",">40",1,154.2,17.6
"U23","W4X","Stbd","WorkPcQ1","<20",3,12.8,2.1
"U23","W4X","Stbd","WorkPcQ1","20",2,13.3,3.1
"U23","W4X","Stbd","WorkPcQ1","24-28",3,14.2,2.8
"U23","W4X","Stbd","WorkPcQ1","28-32",11,15.9,2.4
"U23","W4X","Stbd","WorkPcQ1","32-36",10,16.8,2.6
"U23","W4X","Stbd","WorkPcQ1","36-40",1,17.5,1.7
"U23","W4X","Stbd","WorkPcQ1",">40",1,18.9,2.4
"U23","W4X","Stbd","WorkPcQ2","<20",3,38.6,2.4
"U23","W4X","Stbd","WorkPcQ2","20",2,38.9,2.4
"U23","W4X","Stbd","WorkPcQ2","24-28",3,39.5,2.5
"U23","W4X","Stbd","WorkPcQ2","28-32",11,40.4,3.1
"U23","W4X","Stbd","WorkPcQ2","32-36",10,40.5,3.4
"U23","W4X","Stbd","WorkPcQ2","36-40",1,40.6,2.5
"U23","W4X","Stbd","WorkPcQ2",">40",1,40.8,2.3
"U23","W4X","Stbd","WorkPcQ3","<20",3,38.2,2
"U23","W4X","Stbd","WorkPcQ3","20",2,38.3,2.5
"U23","W4X","Stbd","WorkPcQ3","24-28",3,37.3,2.4
"U23","W4X","Stbd","WorkPcQ3","28-32",11,35.2,2.4
"U23","W4X","Stbd","WorkPcQ3","32-36",10,34.2,2.5
"U23","W4X","Stbd","WorkPcQ3","36-40",1,34.5,1.5
"U23","W4X","Stbd","WorkPcQ3",">40",1,32.9,1.9
"U23","W4X","Stbd","WorkPcQ4","<20",3,10.4,3.9
"U23","W4X","Stbd","WorkPcQ4","20",2,9.5,3.3
"U23","W4X","Stbd","WorkPcQ4","24-28",3,9,3.5
"U23","W4X","Stbd","WorkPcQ4","28-32",11,8.4,4.1
"U23","W4X","Stbd","WorkPcQ4","32-36",10,8.5,4.2
"U23","W4X","Stbd","WorkPcQ4","36-40",1,7.4,3.3
"U23","W4X","Stbd","WorkPcQ4",">40",1,7.3,3.3
